type,candidate,count,total_volume,examples,sources,decision,note
1_未知語,総合,88,7710,くまもと 森 都 総合 病院 乳腺 センター 口コミ / くまもと 森 都 総合 病院 口コミ / さくら 総合 病院 評判 / つがる 総合 病院 産婦 人 科 口コミ / の ぞ え 総合 心療 病院 口コミ,KWP_KeywordSeed,,
1_未知語,記念,77,6510,華 岡 青洲 記念 病院 看護 師 口コミ / トヨタ 記念 病院 看護 師 口コミ / 大野 記念 病院 看護 師 口コミ / いずみ 記念 病院 評判 / さくら 記念 病院 評判,KWP_KeywordSeed,,
1_未知語,保険,67,10680,保険 相談 おすすめ / 保険 の 相談 おすすめ / 保険 見直し ラボ 口コミ / 保険 相談 窓口 おすすめ / 保険 見直し 本舗 口コミ,KWP_KeywordSeed,,
1_未知語,産婦,55,3460,産婦 人 科 人気 / 相鉄 線 沿い 産婦 人 科 おすすめ / 筑豊 産婦 人 科 おすすめ / 北摂 産婦 人 科 おすすめ / 西区 産婦 人 科 おすすめ,KWP_KeywordSeed,,
1_未知語,弁護士,53,10690,相続 問題 弁護士 費用 / 弁護士 相談 費用 / 弁護士 依頼 費用 / 弁護士 料金 / 遺産 分割 協議 弁護士 費用,KWP_KeywordSeed,,
1_未知語,外科,46,4520,評判 の 良い 口腔 外科 / 口腔 外科 評判 いい / hito 病院 美容 外科 口コミ / 評判 が いい 脳神経 外科 / 関東 脳神経 外科 病院 評判,KWP_KeywordSeed,,
1_未知語,浪人,44,12500,仮面 浪人 相談 / 浪人 予備校 / 予備校 浪人 / 浪人 塾 / 浪人 予備校 おすすめ,KWP_KeywordSeed | KWP_SiteSeed,,
1_未知語,暗算,41,44970,そろばん 暗算 / 暗算 オンライン / 暗算 そろばん / そろばん 問題 暗算 / そろばん 暗算 やり方,KWP_SiteSeed,,
1_未知語,併願,39,3820,併願 優遇 入試 相談 / 拓大一 高 併願 個別 相談 / 朋 優 学院 併願 優遇 個別 相談 / 私立 併願 個別 相談 / 私立 併願 優遇 個別 相談,KWP_KeywordSeed | KWP_SiteSeed,,
1_未知語,悪い,32,7940,hsc セラム 気持ち 悪い / 三浦 病院 評判 悪い / 佼成 病院 評判 悪い / 八千代 病院 評判 悪い / 北野 病院 悪い 評判,KWP_KeywordSeed | KWP_SiteSeed,,
1_未知語,電話,32,980,adhd 電話 相談 / adhd 電話 相談 24 時間 / adhd 相談 電話 / adhd 相談 窓口 電話 / 中学 受験 相談 電話,KWP_KeywordSeed | KWP_SiteSeed | KWP_UrlSeed,,
1_未知語,脳神経,29,2650,評判 が いい 脳神経 外科 / 関東 脳神経 外科 病院 評判 / あづま 脳神経 外科 口コミ / はらだ 脳神経 外科 口コミ / ツカザキ 病院 脳神経 外科 評判,KWP_KeywordSeed,,
1_未知語,一年生,29,1070,小学 一年生 授業 集中 できない / 小学 一年生 集中 できない / 小学 一年生 通信 教育 口コミ / 一年生 勉強 / 一年生 学習,KWP_KeywordSeed | KWP_SiteSeed,,
1_未知語,ネット,29,480,ネット 塾 中学生 / ネット 塾 高校生 / ネット で 塾 / 家庭 教師 ネット / 家庭 教師 ネット オンライン,Google_related_search | Google_suggest | KWP_SiteSeed,,
1_未知語,手帳,27,13280,adhd と 診断 され たら 障害 者 手帳 / adhd 診断 され たら 手帳 / 手帳 等級 / 発達 手帳 / 精神病 手帳 メリット,KWP_KeywordSeed | KWP_SiteSeed,,
1_未知語,女性,27,5480,大人 の 習い事 女性 / 習い事 大人 女性 / 大人 の 女性 習い事 / 大人 女性 習い事 / 大人 習い事 女性,Google_suggest | KWP_KeywordSeed | KWP_SiteSeed,,
1_未知語,内容,27,790,小学生 の 内容 から やり直し / 塾 内容 / トライ 研修 内容 / 小学生 塾 内容 / 塾 面談 内容,KWP_KeywordAndUrlSeed | KWP_SiteSeed,,
1_未知語,自習,24,1900,トライ 自習 / 塾 自習 / トライ 日曜日 自習 / オンライン 自習 / 自習 授業,KWP_SiteSeed,,
1_未知語,クリニック,24,1420,あ さなぎ クリニック 口コミ / あさひ クリニック 口コミ / こう ほ く 腎 泌尿器 科 クリニック 口コミ / ちさと クリニック 口コミ / ひでまる 救急 クリニック 口コミ,KWP_KeywordSeed,,
1_未知語,メリット,24,840,そろばん メリット デメリット / そろばん メリット 大人 / そろばん 大人 メリット / 授業 オンライン メリット / 予備校 メリット,KWP_SiteSeed,,
1_未知語,婦人,23,1950,婦人 科 評判 の いい 病院 / 婦人 科 評判 の いい 病院 女医 / 婦人 科 有名 な 病院 / ゆうき 婦人 科 産科 クリニック 口コミ / 亀田 mtg クリニック 婦人 科 評判,KWP_KeywordSeed,,
1_未知語,中央,23,1770,中国 中央 病院 口コミ / 丸子 中央 病院 評判 / 勤医協 中央 病院 評判 / 大宮 中央 総合 病院 評判 / 天 陽 会 中央 病院 評判,KWP_KeywordSeed,,
1_未知語,皮膚,22,3310,シミ 取り 評判 の 良い 皮膚 科 / 皮膚 科 有名 な 病院 / 皮膚 科 有名 病院 / おもと 皮膚 科 口コミ / シャローム 病院 皮膚 科 口コミ,KWP_KeywordSeed,,
1_未知語,教える,22,620,英語 教える オンライン / 勉強 教える バイト / オンライン 英語 教える / 教える バイト / オンライン 勉強 教える,Google_suggest | KWP_SiteSeed,,
1_未知語,珠算,21,1010,珠算 オンライン / そろばん 珠算 / オンライン 珠算 / 大人 珠算 / 暗算 珠算,KWP_SiteSeed,,
1_未知語,転職,19,2070,asd 転職 / リタリコ 転職 / アスペルガー 転職 / 精神病 転職 / 躁鬱 転職,KWP_SiteSeed,,
1_未知語,レベル,19,640,ポピー ハイ レベル ワーク 口コミ / 塾 レベル / 小学生 塾 レベル / new treasure レベル / そろばん レベル,KWP_KeywordSeed | KWP_SiteSeed,,
1_未知語,国立,18,5860,国立 が ん センター 東 病院 評判 / 国立 塾 / 塾 国立 / 国立 塾 小学生 / 中学 国立,KWP_KeywordSeed | KWP_SiteSeed,,
1_未知語,センター,18,2050,学習 障害 支援 センター / 玉川 病院 股関節 センター 評判 / 松田 病院 股関節 センター 口コミ / くまもと 森 都 総合 病院 乳腺 センター 口コミ / 中東 遠 総合 医療 センター 評判,KWP_KeywordSeed,,
1_未知語,就活,18,1030,adhd 就活 / asd 就活 / 精神病 就活 / 障害 就活 / アスペルガー 就活,KWP_SiteSeed,,
1_未知語,精神病,18,420,精神病 手帳 メリット / 精神病 就職 / 精神病 仕事 支援 / 精神病 転職 / 精神病 就活,KWP_SiteSeed,,
1_未知語,高専,17,4070,高専 対策 / 国立 高専 一覧 / 高専 リスト / 高専 レベル / 高専 勉強,KWP_SiteSeed,,
1_未知語,一覧,17,2750,トライ 講師 一覧 / トライ イット 講師 一覧 / 塾 一覧 / 塾 一覧 東京 / サピックス 先生 一覧,KWP_SiteSeed,,
1_未知語,楽しい,17,1890,大人 習い事 楽しい / 楽しい 習い事 大人 / 習い事 楽しい 大人 / 塾 楽しい / 小学生 塾 楽しい,KWP_KeywordSeed | KWP_SiteSeed,,
1_未知語,確約,17,1180,北辰 確約 / 埼玉 併願 確約 / 埼玉 確約 / 埼玉 確約 一覧 / 埼玉 私立 確約,KWP_SiteSeed,,
1_未知語,効果,17,910,塾 効果 / そろばん 効果 大人 / そろばん 効果 脳 / そろばん 受験 効果 / そろばん 右脳 効果,KWP_SiteSeed,,
1_未知語,プログラム,17,450,小学生 プログラム / プログラム 小学生 / プログラム 小学校 / プログラム 小学生 教材 / プログラム 必修,KWP_SiteSeed,,
1_未知語,病気,17,190,集中 できない 病気 大人 / 数字 苦手 病気 / コミュニケーション 苦手 病気 / 想像力 ない 病気 / 知能 低い 病気,Google_related_search | Google_suggest | KWP_KeywordSeed | KWP_SiteSeed,,
1_未知語,日程,16,9590,トライ 日程 / 塾 日程 / そろばん 試験 日程 / 日能研 テスト 日程 / 日能研 模試 日程,KWP_SiteSeed,,
1_未知語,対応,16,610,グレー ゾーン の 子ども に 対応 した 算数 ワーク / グレー ゾーン に 対応 した 算数 ワーク / adhd 不 登校 対応 / ld 対応 / adhd 中学生 対応,KWP_KeywordSeed | KWP_SiteSeed,,
1_未知語,コース,16,320,z 会 中 高校 一貫 コース 口コミ / z 会 中学 受験 コース タブレット 評判 / z 会 高校 受験 コース 特進 クラス 口コミ / n 高等 学校 通学 コース 評判 / z 会 中学 受験 コース 塾 併用 口コミ,KWP_KeywordSeed | KWP_SiteSeed | KWP_UrlSeed,,
1_未知語,難しい,15,730,支援 級 から 普通 級 難しい / 塾 難しい / そろばん 難しい / 小学生 勉強 難しい / 暗記 難しい,Google_related_search | Google_suggest | KWP_KeywordAndUrlSeed | KWP_SiteSeed,,
1_未知語,海外,15,640,スマイル ゼミ 海外 口コミ / 海外 子女 教育 振興 財団 通信 教育 口コミ / 進 研 ゼミ 海外 評判 / 海外 塾 / 塾 海外,Google_suggest | KWP_KeywordSeed | KWP_SiteSeed,,
1_未知語,質問,15,600,トライ 質問 / line 勉強 質問 無料 / オンライン 質問 / 塾 質問 / 塾 面談 質問,KWP_SiteSeed,,
1_未知語,泌尿器,14,7150,評判 の 良い 泌尿器 科 / 近く の 評判 の 良い 泌尿器 科 / 泌尿器 科 評判 の 良い 病院 / 泌尿器 科 有名 病院 / こう ほ く 腎 泌尿器 科 クリニック 口コミ,KWP_KeywordSeed,,
1_未知語,両立,14,1720,スポーツ 勉強 両立 / 中学 部活 両立 / 中学 部活 勉強 両立 / 勉強 両立 / 勉強 部活 両立,KWP_SiteSeed,,
1_未知語,躁鬱,14,1200,躁鬱 就職 / 躁鬱 転職 / 躁鬱 仕事 / 躁鬱 仕事 おすすめ / 躁鬱 バイト,KWP_SiteSeed,,
1_未知語,必修,14,380,プログラミング 小学校 必修 / プログラミング 学校 必修 / プログラミング 小学生 必修 / プログラミング 必修 / プログラミング 必修 内容,KWP_SiteSeed,,
1_未知語,低い,14,210,成績 低い / iq 88 低い / iq 低い 数値 / psi 低い / iq 低い 原因,Google_related_search | KWP_SiteSeed,,
1_未知語,相続,13,3660,相続 問題 弁護士 費用 / 弁護士 遺産 相続 費用 / 相続 に関する 弁護士 費用 / 相続 代理 人 弁護士 費用 / 相続 争い 弁護士 費用,KWP_KeywordSeed,,
1_未知語,事務,13,1880,ベリー ベスト 法律 事務 所 料金 高い / アトム 法律 事務 所 料金 / 法律 事務 所 料金 / 名城 法律 事務 所 料金 / アヴァンス 法務 事務 所 料金,KWP_KeywordSeed | KWP_SiteSeed,,
1_未知語,国際,13,1280,aie 国際 高等 学校 評判 / ニュー ハート ワタナベ 国際 病院 評判 / aoi 国際 病院 評判 / 北原 国際 病院 評判 / 国際 医療 福祉 大学 成田 病院 婦人 科 口コミ,KWP_KeywordSeed,,
1_未知語,物理,13,890,物理 好き 学部 / 物理 おすすめ / 物理 初学 / 物理 初心者 / 物理 勉強,KWP_SiteSeed,,
1_未知語,ダウン症,13,880,adhd ダウン症 / ダウン症 adhd / ダウン症 教育 / ダウン症 発達 / ダウン症 こだわり 行動,KWP_SiteSeed,,
1_未知語,カリキュラム,13,810,トライ カリキュラム / 塾 カリキュラム / カリキュラム 塾 / 塾 カリキュラム 作り方 / 小学校 プログラミング カリキュラム,KWP_SiteSeed,,
1_未知語,その後,13,240,大学 退学 その後 / 大学 辞める その後 / 高校生 中退 その後 / 中退 その後 / うつ 退職 その後,Google_related_search | Google_suggest | KWP_SiteSeed,,
1_未知語,短期,13,180,短期 習い事 大人 / 夏休み 短期 塾 / トライ 短期 / トライ バイト 短期 / 塾 短期,Google_related_search | Google_suggest | KWP_KeywordSeed | KWP_SiteSeed,,
1_未知語,良い,12,11110,中絶 評判 の 良い 病院 / 評判 の 良い 精神 科 病院 / 評判 の 良い 口腔 外科 / シミ 取り 評判 の 良い 皮膚 科 / 評判 の 良い 泌尿器 科,KWP_KeywordSeed,,
1_未知語,テキスト,12,1530,そろばん テキスト / そろばん テキスト おすすめ / そろばん テキスト 大人 / そろばん テキスト 無料 / そろばん 初心者 テキスト,KWP_SiteSeed,,
1_未知語,済生会,12,850,済生会 中 和 病院 口コミ / 済生会 中央 病院 評判 悪い / 済生会 中津 病院 産婦 人 科 口コミ / 済生会 中津 病院 評判 / 済生会 中津 病院 離職 率,KWP_KeywordSeed,,
1_未知語,先取り,12,290,中学 先取り / 中学 先取り 塾 / 先取り 塾 / 算数 先取り 塾 / 勉強 先取り,KWP_SiteSeed,,
1_未知語,段位,11,2160,そろばん 問題 段位 / そろばん 暗算 段位 / そろばん 暗算 段位 問題 / そろばん 段位 / そろばん 段位 すごい,KWP_SiteSeed,,
1_未知語,口腔,11,1670,評判 の 良い 口腔 外科 / 口腔 外科 評判 いい / さいたま 市立 病院 口腔 外科 口コミ / 伊東 歯科 口腔 病院 口コミ / 労災 病院 口腔 外科 口コミ,KWP_KeywordSeed,,
1_未知語,法律,11,1670,ベリー ベスト 法律 事務 所 料金 高い / 法律 相談 料金 / アトム 法律 事務 所 料金 / 法律 事務 所 料金 / 弁護士 法律 相談 費用,KWP_KeywordSeed | KWP_SiteSeed,,
1_未知語,ピアノ,11,960,ピアノ 自宅 レッスン / ピアノ 体験 / ピアノ レッスン 自宅 / 自宅 ピアノ レッスン / ピアノ レッスン 訪問,KWP_SiteSeed,,
1_未知語,見直し,11,910,保険 見直し ラボ 口コミ / 保険 見直し 本舗 口コミ / 保険 見直し 相談 おすすめ / 保険 の 見直し ラボ 口コミ / 保険 見直し 相談 口コミ,KWP_KeywordSeed,,
1_未知語,医療,11,770,中東 遠 総合 医療 センター 評判 / 前原 総合 医療 病院 口コミ / 国際 医療 福祉 大学 成田 病院 婦人 科 口コミ / 国際 医療 福祉 大学 病院 評判 / 山城 総合 医療 センター 評判,KWP_KeywordSeed,,
1_未知語,看護,11,650,ナスコミ 看護 師 / 華 岡 青洲 記念 病院 看護 師 口コミ / トヨタ 記念 病院 看護 師 口コミ / おおたか の 森 病院 看護 師 口コミ / つか ぐち 病院 看護 師 口コミ,KWP_KeywordSeed,,
1_未知語,つまずき,11,550,つまずき 算数 / 一年生 算数 つまずき / 小学校 算数 つまずき / 小学生 算数 つまずき / 算数 つまずき,KWP_SiteSeed,,
1_未知語,会社,11,350,adhd 会社 相談 / 保険 マンモス 株式 会社 口コミ / トライ 会社 / 家庭 教師 会社 おすすめ / オンライン 家庭 教師 株式 会社,KWP_KeywordSeed | KWP_SiteSeed,,
1_未知語,働く,11,250,障害 働く / 鬱病 働く / 精神病 働く / adhd 働く / うつ 働く,KWP_SiteSeed,,
1_未知語,zoom,11,190,zoom 塾 / トライ zoom / トライ オンライン zoom / 塾 zoom / 勉強 zoom,KWP_SiteSeed,,
1_未知語,実験,10,5850,中学生 実験 / 中学生 実験 理科 / 中学生 理科 実験 / 実験 中学 / 実験 中学生,KWP_SiteSeed,,
1_未知語,愛知,10,2500,愛知 名古屋 高校 / 愛知 私立 / 愛知 私立 推薦 / 愛知 英語 高校 / 愛知 高校 公立,KWP_SiteSeed,,
1_未知語,同僚,10,660,adhd 同僚 / adhd 同僚 ストレス / adhd 同僚 特徴 / asd 同僚 / asd 同僚 ストレス,KWP_SiteSeed,,
1_未知語,基準,10,570,労働 基準 監督 署 相談 料金 / 高校 成績 基準 / 埼玉 高校 確約 基準 / 確約 基準 / 高校 進学校 基準,KWP_KeywordSeed | KWP_SiteSeed,,
1_未知語,克服,10,490,勉強 苦手 克服 / 数学 苦手 克服 / 一年生 算数 苦手 克服 / 数学 克服 / 算数 克服,KWP_SiteSeed,,
1_未知語,デメリット,10,430,塾 オンライン デメリット / そろばん メリット デメリット / 塾 デメリット / 授業 タブレット デメリット / 通信 デメリット,Google_related_search | KWP_SiteSeed,,
1_未知語,随筆,10,420,中学 国語 随筆 / 中学 随筆 / 国語 随筆 / 随筆 テーマ / 随筆 中学,KWP_SiteSeed,,
1_未知語,大宮,9,23530,大宮 中央 総合 病院 評判 / 彩 の 国東 大宮 メディカル センター クチコミ / 志村 大宮 病院 評判 / 大宮 私立 / 大宮 高校 一覧,KWP_KeywordSeed | KWP_SiteSeed,,
1_未知語,遺産,9,3890,遺産 分割 協議 弁護士 費用 / 弁護士 遺産 相続 費用 / 遺産 分割 協議 書 弁護士 費用 / 遺産 整理 弁護士 費用 / 弁護士 費用 遺産 相続,KWP_KeywordSeed,,
1_未知語,内科,9,3040,評判 の 良い 神経 内科 / と わたり 心療 内科 口コミ / 近く の 評判 の いい 内科 / しい の き 心療 内科 口コミ / むかい 心療 内科 クリニック 口コミ,KWP_KeywordSeed,,
1_未知語,二年生,9,2610,そろばん 二年生 / そろばん 二年生 級 / 二年生 作文 書き方 / 二年生 漢字 苦手 / 作文 二年生,KWP_SiteSeed,,
1_未知語,専願,9,1810,併願 専願 / 入試 専願 / 受験 専願 / 専願 併願 とは / 専願 併願 高校,KWP_SiteSeed,,
1_未知語,足し算,9,1770,そろばん やり方 足し算 / そろばん 足し算 やり方 / そろばん 足し算 問題 / そろばん 足し算 引き算 / そろばん 足し算 引き算 問題,KWP_SiteSeed,,
1_未知語,リハビリテーション,9,990,評判 の いい リハビリテーション 病院 / アクア リハビリテーション 病院 口コミ / リハビリテーション 病院 評判 / 令 和 リハビリテーション 病院 口コミ / 八反 丸 リハビリテーション 病院 口コミ,KWP_KeywordSeed,,
1_未知語,クチコミ,9,900,ふじみ の 救急 病院 クチコミ / 一 宮西 病院 クチコミ / 九州 大学 病院 クチコミ / 亀田 総合 病院 クチコミ / 医 誠 会 病院 クチコミ,KWP_KeywordSeed,,
1_未知語,一人暮らし,9,800,adhd 一人暮らし / adhd 一人暮らし できない / adhd 一人暮らし 工夫 / adhd 一人暮らし 支援 / asd 一人暮らし,KWP_SiteSeed,,
1_未知語,サイト,9,760,大人 の 習い事 サイト / 習い事 検索 サイト 大人 / 病院 口コミ サイト / 塾 サイト / 高校生 勉強 サイト,KWP_KeywordSeed | KWP_SiteSeed,,
1_未知語,都内,9,660,都内 中学 / 都内 中学校 受験 / 都内 受験 / 私立 都内 高校 / 都内 中学 ランキング,KWP_SiteSeed,,
1_未知語,民間,9,650,療育 民間 / 民間 療育 おすすめ / 療育 民間 料金 / 民間 療育 東京 / 療育 民間 東京,KWP_SiteSeed,,
1_未知語,研究,9,560,中学 研究 / 中学 研究 テーマ / 中学生 夏休み 研究 / 中学生 研究 / 中学生 研究 理科,KWP_SiteSeed,,
1_未知語,単願,9,540,併願 単願 / 単願 併願 / 単願 私立 / 単願 高校 / 埼玉 私立 高校 単願,KWP_SiteSeed,,
1_未知語,line,9,470,line 受験 相談 無料 / 受験 相談 line / line 受験 相談 / 高校 受験 相談 line / カウンセリング line,KWP_KeywordSeed | KWP_SiteSeed,,
1_未知語,趣味,9,340,趣味 習い事 大人 / 大人 の 習い事 趣味 / 大人 の 趣味 習い事 / 大人 趣味 習い事 / 社会 人 趣味 習い事,KWP_KeywordSeed | KWP_SiteSeed,,
1_未知語,生徒,9,240,生徒 塾 / 塾 生徒 / 塾 バイト 生徒 / 塾 先生 生徒 / adhd 塾 生徒,Google_suggest | KWP_SiteSeed,,
1_未知語,併用,9,160,z 会 中学 受験 コース 塾 併用 口コミ / 塾 併用 / サピックス 併用 塾 / サピックス 個別 併用 / sapix 個別 併用,KWP_KeywordSeed | KWP_SiteSeed,,
1_未知語,ピグマ,9,130,ピグマ キッズ 料金 / ピグマ 通信 教育 口コミ / ピグマ キッズ くらぶ 評判 / ピグマ キッズ くらぶ 口コミ / ピグマ キッズ 口コミ,KWP_KeywordSeed,,
1_未知語,ストレス,8,3010,adhd 同僚 ストレス / asd 同僚 ストレス / ストレス 勉強 / ストレス 受験 / ストレス 鬱 仕事,KWP_SiteSeed,,
1_未知語,お金,8,2530,お金 の かからない 習い事 大人 / お金 が かからない 習い事 大人 / お金 の かからない 習い事 大人 運動 / 習い事 お金 かかる 大人 / 習い事 お金 大人,KWP_KeywordSeed | KWP_SiteSeed,,
1_未知語,step,8,1760,step 塾 / 塾 step / step 塾 小学生 / step 個別 / step 小学生,KWP_SiteSeed,,
1_未知語,労災,8,640,労災 病院 口コミ / 労災 病院 口腔 外科 口コミ / 労災 病院 産婦 人 科 口コミ / 山陰 労災 病院 評判 / 旭 労災 病院 評判,KWP_KeywordSeed,,
1_未知語,レッスン,8,580,ピアノ 自宅 レッスン / ピアノ レッスン 自宅 / 自宅 ピアノ レッスン / ピアノ レッスン 訪問 / そろばん レッスン,KWP_SiteSeed,,
1_未知語,目標,8,540,勉強 目標 / 塾 目標 / 目標 勉強 / 高校生 勉強 目標 / 受験生 目標 例,KWP_SiteSeed,,
1_未知語,ハビー,8,440,ハビー 療育 / ハビー 療育 口コミ / ハビー 口コミ / 療育 ハビー / ハビー 料金,KWP_SiteSeed,,
1_未知語,引き算,8,370,そろばん 引き算 / そろばん 足し算 引き算 / そろばん 足し算 引き算 問題 / 引き算 コツ / 引き算 コツ 暗算,KWP_SiteSeed,,
1_未知語,ワーク,8,290,グレー ゾーン の 子ども に 対応 した 算数 ワーク / グレー ゾーン に 対応 した 算数 ワーク / グレー ゾーン 算数 ワーク / ポピー ハイ レベル ワーク 口コミ / テンプレート 小学生 作文 ワーク シート 無料,KWP_KeywordSeed | KWP_SiteSeed,,
1_未知語,生命,8,230,日本 生命 病院 評判 / 生命 保険 相談 窓口 おすすめ / 生命 保険 相談 おすすめ / みんなの 生命 保険 アドバイザー 口コミ / ネオ ファースト 生命 保険 口コミ,KWP_KeywordSeed,,
1_未知語,遅い,8,200,そろばん 遅い / adhd 遅い / 計算 遅い 障害 / asd 仕事 遅い / アスペルガー 仕事 遅い,KWP_SiteSeed,,
1_未知語,読む,8,200,勉強 書く 読む / 勉強 読む / 教科書 読む 勉強 / 数学 教科書 読む / 教科書 読む,KWP_SiteSeed,,
1_未知語,失敗,8,60,塾 失敗 / 中学 失敗 / 仕事 失敗 うつ / 仕事 失敗 鬱 / 入試 失敗,Google_related_search | Google_suggest | KWP_SiteSeed,,
1_未知語,迷惑,8,0,ADHD 塾 迷惑 / 発達障害 中学受験 迷惑 / adhd 塾 迷惑,Google_related_search | Google_suggest,,
1_未知語,ほっとく,8,0,子供 宿題 しない ほっとく / 子供 宿題 しない ほっとく 夏休み / 子供 宿題 しない ほっとく 中学生,Google_related_search | Google_suggest,,
1_未知語,ココルポート,7,7290,ココルポート / ココルポート 横浜 / ココルポート 川崎 / ココルポート 大阪 / ココルポート 千葉,KWP_SiteSeed,,
1_未知語,ログイン,7,4250,トライ プラス ログイン / try ログイン / トライ ログイン / try it ログイン / トライ 教師 ログイン,KWP_SiteSeed,,
1_未知語,条件,7,950,高校 推薦 条件 / 中学 推薦 条件 / 塾 バイト 条件 / 高校 条件 / 高校 編入 条件,KWP_SiteSeed,,
1_未知語,補習,7,910,塾 補習 / 小学生 補習 / 高校生 補習 / 高校 補習 基準,KWP_SiteSeed,,
1_未知語,医科,7,780,東北 医科 薬科 大学 病院 看護 師 口コミ / 川崎 医科 大学 附属 病院 評判 / 東北 医科 薬科 大学 病院 口コミ / 金沢 医科 大学 病院 評判 / 関西 医科 大学 病院 評判 悪い,KWP_KeywordSeed,,
1_未知語,関東,7,710,関東 脳神経 外科 病院 評判 / ntt 東日本 関東 病院 評判 / 関東 中央 病院 評判 / 関東 労災 病院 口コミ / 関東 労災 病院 産婦 人 科 口コミ,KWP_KeywordSeed | KWP_SiteSeed,,
1_未知語,奈良,7,600,塾 奈良 / 奈良 高校生 塾 / そろばん 奈良 / 奈良 そろばん / リタリコ 奈良,KWP_SiteSeed,,
1_未知語,理由,7,570,塾 休会 理由 / 高校 転校 理由 / 大学 退学 理由 / 大学生 退学 理由 / 暗記 苦手 理由,Google_related_search | KWP_SiteSeed,,
1_未知語,休む,7,470,adhd 仕事 休む / 鬱 仕事 休む / 塾 休む 言い訳 親 / 学校 たまに 休む / 学校 だるい 休む,KWP_SiteSeed,,
1_未知語,東北,7,450,東北 大学 病院 看護 師 口コミ / 東北 医科 薬科 大学 病院 看護 師 口コミ / 南 東北 病院 口コミ / 東北 公 済 病院 口コミ / 東北 医科 薬科 大学 病院 口コミ,KWP_KeywordSeed,,
1_未知語,リハビリ,7,450,クラーク 病院 リハビリ 口コミ / 七 栗 記念 病院 リハビリ 口コミ / 北 水 会 記念 病院 リハビリ 評判 / 北柏 リハビリ 総合 病院 口コミ / 大原 記念 病院 リハビリ 評判,KWP_KeywordSeed | KWP_SiteSeed,,
1_未知語,事務職,7,450,adhd 事務職 / アスペルガー 事務職 / adhd 事務職 対策 / asd 事務職 / 事務職 adhd,KWP_SiteSeed,,
1_未知語,書士,7,440,司法 書士 相談 費用 / 司法 書士 相談 料金 / 司法 書士 に 相談 費用 / 司法 書士 の 相談 料金 / 行政 書士 相談 費用,KWP_KeywordSeed,,
1_未知語,心療,7,320,と わたり 心療 内科 口コミ / しい の き 心療 内科 口コミ / の ぞ え 総合 心療 病院 口コミ / の ぞ え 総合 心療 病院 評判 / むかい 心療 内科 クリニック 口コミ,KWP_KeywordSeed,,
1_未知語,書き方,7,310,あらすじ 書き方 小学生 / 一年生 書き方 / 二年生 作文 書き方 / 作文 書き方 プリント / 作文 書き方 練習,KWP_SiteSeed,,
1_未知語,休学,7,270,休学 学費 高校 / 高校 休学 単位 / 高校 休学 学費 / 高校 休学 期間 / 高校 休学 理由,KWP_SiteSeed,,
1_未知語,目的,7,260,塾 目的 / 勉強 目的 / 療育 目的,KWP_SiteSeed,,
1_未知語,土日,7,210,土日 習い事 大人 / 土日 塾 中学生 / 土日 塾 / 土日 塾 小学生 / 塾 土日,KWP_KeywordSeed | KWP_SiteSeed,,
1_未知語,クローズ,7,190,オープン クローズ 就労 / クローズ 仕事 / クローズ 障害 / クローズ 働く,KWP_SiteSeed,,
1_未知語,カイエン,7,190,カイエン リタリコ / カイエン 就労 / カイエン 支援 / カイエン 発達 / カイエン 会社,KWP_SiteSeed,,
1_未知語,sensay,7,170,sensay 評判 / sensay バイト / sensay バイト 評判 / sensay ランナー / sensay 口コミ,KWP_SiteSeed,,
1_未知語,毎日,7,150,毎日 習い事 大人 / 塾 毎日 / オンライン 家庭 教師 毎日 / そろばん 毎日 / 予備校 毎日,KWP_KeywordSeed | KWP_SiteSeed,,
1_未知語,後悔,7,110,受験 後悔 / 支援級から普通級 後悔 / 発達障害 中学受験 後悔,Google_related_search | Google_suggest | KWP_SiteSeed,,
1_未知語,在宅,7,90,在宅 塾 / トライ 在宅 バイト / 在宅 塾 バイト / 在宅 教師 / 在宅 講師 バイト,KWP_SiteSeed,,
1_未知語,講座,7,70,中学生 通信 講座 口コミ / z 会 作文 講座 口コミ / 中学 通信 講座 口コミ / スマイル ゼミ 中学 準備 講座 評判 / 学研 通信 講座 口コミ,KWP_KeywordSeed | KWP_SiteSeed,,
1_未知語,くらぶ,7,70,ピグマ キッズ くらぶ 評判 / ピグマ キッズ くらぶ 口コミ / 四谷 大塚 リトル くらぶ 口コミ / 四谷 大塚 進学 くらぶ 口コミ / 四谷 大塚 進学 くらぶ 学力 向上 コース 口コミ,KWP_KeywordSeed,,
1_未知語,塾選び,7,0,ADHD 塾選び / adhd 塾選び / adhd 中学受験 塾選び,Google_related_search | Google_suggest,,
1_未知語,長文,6,2190,中学 1 年 中学生 英語 長文 / 中学 長文 英語 / 受験 英語 長文 / 英語 長文 わからない / 英語 長文 高校,KWP_SiteSeed,,
1_未知語,服装,6,1030,入試 面接 服装 / 大学 面接 服装 / 大学 面接 服装 スーツ / 大学 面談 服装 / 面接 大学 服装,KWP_SiteSeed,,
1_未知語,医院,6,830,なか つかさ 足立 医院 口コミ / 中村 医院 口コミ / 木根淵 医院 口コミ / 田中 医院 口コミ / 田場 医院 皮膚 科 口コミ,KWP_KeywordSeed,,
1_未知語,出会い,6,740,習い事 大人 出会い / 大人 習い事 出会い / 出会い 大人 習い事 / 出会い 習い事 大人 / 大人 出会い 習い事,KWP_KeywordSeed,,
1_未知語,初段,6,700,そろばん 初段 / そろばん 初段 すごい / そろばん 初段 問題 / そろばん 初段 小学生 / 暗算 初段,KWP_SiteSeed,,
1_未知語,さくら,6,680,さくら 会 病院 評判 / さくら 病院 口コミ / さくら 総合 病院 評判 / さくら 記念 病院 評判 / 鶴川 さくら 病院 口コミ,KWP_KeywordSeed,,
1_未知語,動画,6,640,トライ 動画 / そろばん 動画 / そろばん 動画 小学生 / サピックス 動画 先生 / 暗記 動画,KWP_SiteSeed,,
1_未知語,立川,6,620,深川 立川 病院 口コミ / 立川 綜合 病院 口コミ / リタリコ 立川 / litalico 立川 / kaien 立川,KWP_KeywordSeed | KWP_SiteSeed,,
1_未知語,耳鼻,6,570,はるか 耳鼻 咽喉 科 口コミ / ばん の 耳鼻 咽喉 科 口コミ / 宿 久 耳鼻 咽喉 科 口コミ / 神尾 記念 病院 耳鼻 科 評判 / 耳鼻 咽喉 科 麻生 病院 評判,KWP_KeywordSeed,,
1_未知語,尼崎,6,570,尼崎 塾 / 尼崎 塾 中学生 / 塾 尼崎 / 尼崎 小学生 塾 / 尼崎 療育,KWP_SiteSeed,,
1_未知語,練習,6,360,そろばん 一級 練習 / そろばん 暗算 練習 / そろばん 段位 練習 / そろばん 練習 / 作文 書き方 練習,KWP_SiteSeed,,
1_未知語,亀田,6,350,亀田 mtg クリニック 婦人 科 評判 / 亀田 泌尿器 科 クリニック 口コミ / 亀田 病院 評判 / 亀田 総合 病院 クチコミ / 亀田 総合 病院 乳腺 外科 評判,KWP_KeywordSeed,,
1_未知語,使い方,6,340,hsc セラム 使い方 / ヴィオテラス hsc セラム 使い方 / チャート 数学 使い方 / 数学 チャート 使い方 / 数学 教科書 使い方,KWP_KeywordSeed | KWP_SiteSeed,,
1_未知語,チャート,6,260,チャート やり方 / チャート 受験 / チャート 数学 使い方 / チャート 解き方 / 数学 チャート やり方,KWP_SiteSeed,,
1_未知語,gips,6,220,家庭 教師 gips / オンライン 家庭 教師 gips / gips 家庭 教師 / gips 家庭 教師 口コミ / gips オンライン,KWP_SiteSeed,,
1_未知語,解き方,6,210,チャート 解き方 / 数学 問題 解き方 ノート / 随筆 解き方 / 中学 国語 小説 解き方 / 物理 解き方,KWP_SiteSeed,,
1_未知語,雇用,6,200,adhd 雇用 / asd 雇用 / アスペルガー 雇用,KWP_SiteSeed,,
1_未知語,セミナー,6,190,リタリコ セミナー / リタリコ 無料 セミナー / litalico セミナー / 療育 セミナー / 発達 セミナー,KWP_SiteSeed,,
1_未知語,ウィズユー,6,120,ウィズユー 伊丹 / ウィズユー 八尾 / ウィズユー 四日市 / ウィズユー 宇都宮 / ウィズユー 放課後,KWP_SiteSeed,,
1_未知語,トラブル,6,90,adhd 学校 トラブル / adhd 友達 トラブル / アスペルガー トラブル / アスペルガー 職場 トラブル,KWP_SiteSeed,,
1_未知語,手続き,6,80,高校 転入 手続き / 高校 編入 手続き / 高校 転学 手続き / 支援学級から通常学級へ転籍 手続き,Google_related_search | Google_suggest | KWP_SiteSeed,,
1_未知語,書画カメラ,6,0,オンライン家庭教師 書画カメラ / オンライン家庭教師 書画カメラ おすすめ,Google_related_search | Google_suggest,,
1_未知語,なるには,5,8850,カウンセリング なるには / 塾 先生 なるには / 教員 なるには / 教師 なるには / 海外 教師 なるには,KWP_KeywordSeed | KWP_SiteSeed,,
1_未知語,セラム,5,3930,hsc セラム / hsc セラム 使い方 / hsc セラム 気持ち 悪い / hsc セラム 美容 液 / ヴィオテラス hsc セラム 使い方,KWP_KeywordSeed,,
1_未知語,決め方,5,1230,塾 決め方 / 高校 決め方 / 進路 決め方 / 進路 決め方 高校生,KWP_SiteSeed,,
1_未知語,山王,5,990,山王 メディカル センター 人間ドック 口コミ / 山王 台 病院 口コミ / 山王 病院 口コミ / 山王 病院 産婦 人 科 口コミ / 山王 病院 評判 悪い,KWP_KeywordSeed,,
1_未知語,倍率,5,940,中学 倍率 / 学校 倍率 / 岐阜 高校 倍率 / 高校 倍率 東京,KWP_SiteSeed,,
1_未知語,たら,5,870,adhd 診断 され たら / adhd 診断 され たら 仕事 / adhd と 診断 され たら 障害 者 手帳 / adhd 大人 診断 され たら / adhd 診断 され たら 手帳,KWP_KeywordSeed,,
1_未知語,本舗,5,750,保険 見直し 本舗 口コミ / 保険 見直し 本舗 ほけん の 窓口 違い / 学資 保険 おすすめ 保険 見直し 本舗 / 死亡 保険 おすすめ 保険 見直し 本舗 / 生命 保険 おすすめ 保険 見直し 本舗,KWP_KeywordSeed,,
1_未知語,中村,5,710,中村 医院 口コミ / 中村 病院 口コミ / 中村 記念 南 病院 評判 / 中村 記念 愛 成 病院 口コミ / 中村 記念 病院 評判,KWP_KeywordSeed,,
1_未知語,岐阜,5,700,岐阜 入試 / 岐阜 受験 / 岐阜 高校 倍率 / リタリコ 岐阜 / 岐阜 療育,KWP_SiteSeed,,
1_未知語,一級,5,630,そろばん 一級 すごい / そろばん 一級 小学生 / そろばん 一級 練習 / そろばん 暗算 一級 / 珠算 一級,KWP_SiteSeed,,
1_未知語,ニュー,5,550,ニュー ハート ワタナベ 国際 病院 評判 / 洛 西 ニュー タウン 病院 評判 / ニュー トレジャー 対策 塾 / ニュー トレジャー ブログ / ニュー トレジャー 暗唱,KWP_KeywordSeed | KWP_SiteSeed,,
1_未知語,学区,5,500,千葉 高校 学区 / 高校 学区 / 高校 学区 千葉 / 高校 学区 埼玉 / 高校 学区 廃止,KWP_SiteSeed,,
1_未知語,情報,5,490,情報 塾 / 塾 情報 / 情報 バイト / 情報 教員 資格 / 情報 教師 資格,KWP_SiteSeed,,
1_未知語,歴史,5,470,勉強 歴史 / 小学生 歴史 勉強 / 歴史 ゲーム 小学生 / 歴史 勉強 小学生 / 大人 勉強 やり直し 歴史,KWP_SiteSeed,,
1_未知語,咽喉,5,460,はるか 耳鼻 咽喉 科 口コミ / ばん の 耳鼻 咽喉 科 口コミ / 宿 久 耳鼻 咽喉 科 口コミ / 耳鼻 咽喉 科 麻生 病院 評判 / 近 大 病院 耳鼻 咽喉 科 評判,KWP_KeywordSeed,,
1_未知語,部下,5,400,adhd 部下 / adhd 部下 対応 / asd 部下 / asd 部下 指導 / 部下 asd,KWP_SiteSeed,,
1_未知語,司法,5,390,司法 書士 相談 費用 / 司法 書士 相談 料金 / 司法 書士 に 相談 費用 / 司法 書士 の 相談 料金 / 司法 書士 に 相談 料金,KWP_KeywordSeed,,
1_未知語,大手,5,360,塾 大手 / 小学生 塾 大手 / 中学生 塾 大手 / 高校生 塾 大手 / 中学 塾 大手,KWP_SiteSeed,,
1_未知語,医大,5,330,関西 医大 乳腺 外科 評判 / 関西 医大 口腔 外科 評判 / 関西 医大 心療 内科 口コミ / 関西 医大 皮膚 科 口コミ / 関西 医大 香里 病院 評判,KWP_KeywordSeed,,
1_未知語,乳腺,5,320,くまもと 森 都 総合 病院 乳腺 センター 口コミ / 亀田 総合 病院 乳腺 外科 評判 / 神鋼 記念 病院 乳腺 科 口コミ / 聖 路 加 病院 乳腺 外科 口コミ / 関西 医大 乳腺 外科 評判,KWP_KeywordSeed,,
1_未知語,文字,5,310,adhd 文字 / ld 文字 / 文字 苦手 / 文字 読む 苦手,KWP_SiteSeed,,
1_未知語,大橋,5,300,大橋 病院 口コミ / 東邦 大学 医療 センター 大橋 病院 口コミ / 東邦 大学 医療 センター 大橋 病院 評判 / 琵琶湖 大橋 病院 口コミ / 琵琶湖 大橋 病院 評判,KWP_KeywordSeed,,
1_未知語,施設,5,290,不 登校 施設 小学生 / adhd 施設 / adhd 施設 大人 / アスペルガー 施設,KWP_KeywordSeed | KWP_SiteSeed,,
1_未知語,ホームページ,5,290,トライ ホームページ / 塾 ホームページ / そろばん ホームページ / リタリコ ホームページ,KWP_SiteSeed,,
1_未知語,検索,5,250,習い事 検索 サイト 大人 / 習い事 検索 大人 / 病院 口コミ 検索 / 教師 検索 / リタリコ 検索,KWP_KeywordSeed | KWP_SiteSeed,,
1_未知語,クラーク,5,240,クラーク 入試 相談 / クラーク 病院 リハビリ 口コミ / クラーク 学費 / クラーク 通信 学費 / クラーク 学費 高い,KWP_KeywordSeed | KWP_SiteSeed,,
1_未知語,理系,5,240,文系 理系 科目 / 理系 塾 / 東京 理系 高校 / 都立 理系 高校 / 高校 理系 数学,KWP_SiteSeed,,
1_未知語,ステラ,5,230,ステラ 塾 / ステラ 上飯田 / ステラ 星ヶ丘 / ステラ 療育 / ステラ 高畑,KWP_SiteSeed,,
1_未知語,鹿児島,5,220,療育 鹿児島 / 鹿児島 療育 / リタリコ 鹿児島,KWP_SiteSeed,,
1_未知語,aba,5,220,aba 療育 やり方 / aba 療育 大阪 / aba 発達 / aba 行動,KWP_SiteSeed,,
1_未知語,ミス,5,220,adhd 仕事 ミス 対策 / adhd ミス 対策 / うつ 仕事 ミス / アスペルガー 仕事 ミス / 仕事 ミス うつ,KWP_SiteSeed,,
1_未知語,平均,5,200,弁護士 相談 費用 平均 / 遺産 相続 弁護士 費用 平均 / 内申 平均 / wisc iq 平均 / ウィスク 平均,KWP_KeywordSeed | KWP_SiteSeed,,
1_未知語,流れ,5,180,トライ バイト 流れ / トライ オンライン バイト 流れ / 療育 流れ,KWP_SiteSeed,,
1_未知語,お稽古,5,170,大人 の お稽古 / お稽古 事 大人 / お稽古 大人 女子 / 大人 お稽古 / 大人 の お稽古 事,KWP_KeywordSeed,,
1_未知語,多い,5,160,女性 多い 習い事 / 塾 多い / 塾 宿題 多い / アスペルガー 多い / ステップ 宿題 多い,KWP_KeywordSeed | KWP_SiteSeed,,
1_未知語,昼間,5,150,昼間 塾 / 塾 昼間,KWP_SiteSeed,,
1_未知語,怖い,5,150,そろばん 先生 怖い / 学校 不安 怖い / 学校 人 怖い / 学校 怖い 中学生 / 教室 怖い,KWP_SiteSeed,,
1_未知語,数字,5,150,そろばん 数字 / 数字 苦手 病気 / 数字 苦手 障害 / 数字 認識 障害 / アスペルガー 数字 こだわり,KWP_SiteSeed,,
1_未知語,特進,5,140,z 会 高校 受験 コース 特進 クラス 口コミ / スマイル ゼミ 特進 クラス 口コミ / スマイル ゼミ 特進 口コミ / 私立 特進 / 高校 特進,KWP_KeywordSeed | KWP_SiteSeed,,
1_未知語,高等,5,140,aie 国際 高等 学校 評判 / n 高等 学校 通学 コース 評判 / 代々木 高等 学校 口コミ / 科学 技術 学園 高等 学校 通信 制 口コミ / 賢明 学院 高等 学校 通信 制 課程 口コミ,KWP_KeywordSeed,,
1_未知語,幼い,5,140,adhd 幼い 大人 / 発達障害 中学生 幼い,Google_related_search | Google_suggest | KWP_SiteSeed,,
1_未知語,古賀,5,130,古賀 病院 21 評判 / 古賀 総合 病院 産婦 人 科 口コミ / 古賀 総合 病院 評判 / 新 古賀 クリニック 婦人 科 口コミ / 新 古賀 病院 評判,KWP_KeywordSeed,,
1_未知語,課題,5,120,塾 課題 / 夏休み 課題 中学生 / アスペルガー 課題 / 療育 課題,KWP_SiteSeed,,
1_未知語,聴覚,5,110,asd 聴覚 / 嗅覚 聴覚 過敏 / 聴覚 嗅覚 過敏 / 聴覚 視覚 過敏 / 視覚 聴覚 過敏,KWP_SiteSeed,,
1_未知語,救急,5,100,ひでまる 救急 クリニック 口コミ / ふじみ の 救急 病院 クチコミ / ふじみ野 救急 クリニック 口コミ / ふじみ野 救急 クリニック 評判 / 板垣 救急 クリニック 口コミ,KWP_KeywordSeed,,
1_未知語,記憶,5,80,勉強 記憶 コツ / 勉強 記憶 定着 / 記憶 メカニズム 勉強 / 記憶 方法 効率 / 記憶 効率,KWP_SiteSeed,,
1_未知語,リモート,5,70,塾 リモート / トライ リモート / リモート 小学生 / 授業 リモート,KWP_SiteSeed,,
1_未知語,数列,5,70,中学 数列 / 中学 数列 問題 / 数列 中学 / 数列 算数 / 算数 数列,KWP_SiteSeed,,
1_未知語,したい,5,20,大人 が 挑戦 したい 習い事 / 習い事 したい 大人 / 発達障害の勉強 が したい,Google_related_search | Google_suggest | KWP_KeywordSeed,,
1_未知語,タイミング,5,20,塾 タイミング / 高校 転校 タイミング / 支援級から普通級 タイミング,Google_related_search | Google_suggest | KWP_SiteSeed,,
1_未知語,られる,5,0,発達障害 塾 断 られる,Google_related_search | Google_suggest,,
1_未知語,スヌーズレン,4,3910,スヌーズレン / スヌーズレン とは / スヌーズレン 効果 / スヌーズレン 療育,KWP_SiteSeed,,
1_未知語,顧問,4,1720,顧問 弁護士 料金 / 法人 顧問 弁護士 費用 / 弁護士 顧問 料金 / 弁護士 顧問 費用,KWP_KeywordSeed,,
1_未知語,歯医者,4,1240,歯医者 口コミ / 近く の 歯医者 口コミ / 歯医者 女医 おすすめ / アピタ 歯医者 口コミ,KWP_KeywordSeed,,
1_未知語,河北,4,990,河北 総合 病院 口コミ / 河北 総合 病院 産婦 人 科 口コミ / 河北 総合 病院 評判 / 河北 総合 病院 評判 悪い,KWP_KeywordSeed,,
1_未知語,医師,4,870,きぬ 医師 会 病院 評判 / 佐藤 病院 医師 口コミ / 善 衆 会 病院 医師 評判 / 野垣 病院 医師 評判,KWP_KeywordSeed,,
1_未知語,記憶力,4,810,そろばん 記憶力 / asd 記憶力 / ld 記憶力,KWP_SiteSeed,,
1_未知語,記述,4,750,数学 記述 苦手 / 国語 記述 / 国語 記述 コツ / 記述 国語,KWP_SiteSeed,,
1_未知語,盛岡,4,740,盛岡 塾 / 塾 盛岡 / 盛岡 塾 中学生 / 盛岡 小学生 塾,KWP_SiteSeed,,
1_未知語,豊田,4,680,豊田 塾 / 塾 豊田,KWP_SiteSeed,,
1_未知語,リコリタ,4,670,リコリタ / リコリタ 求人 / リコリタ 発達 / リコリタ 評判,KWP_SiteSeed,,
1_未知語,分割,4,620,遺産 分割 協議 弁護士 費用 / 遺産 分割 協議 書 弁護士 費用 / 弁護士 費用 遺産 分割 / 弁護士 料金 分割,KWP_KeywordSeed,,
1_未知語,中卒,4,570,中卒 大学 / 中卒 進路 / 大学 中卒 / 高専 中卒,KWP_SiteSeed,,
1_未知語,メンタル,4,560,メンタル ケア わかく さ 評判 / 受験生 メンタル / メンタル 転職 / 仕事 メンタル 病む,KWP_KeywordSeed | KWP_SiteSeed,,
1_未知語,金沢,4,550,金沢 医科 大学 病院 評判 / 金沢 塾 / 塾 金沢 / 金沢 塾 小学生,KWP_KeywordSeed | KWP_SiteSeed,,
1_未知語,テーマ,4,510,一年生 作文 テーマ / 中学 研究 テーマ / 作文 テーマ 小学生 / 随筆 テーマ,KWP_SiteSeed,,
1_未知語,阪和,4,420,阪和 いずみ 病院 評判 / 阪和 病院 評判 / 阪和 第 一 泉北 病院 評判 / 阪和 第 二 泉北 病院 評判,KWP_KeywordSeed,,
1_未知語,すごい,4,400,そろばん すごい / そろばん 一級 すごい / そろばん 初段 すごい / そろばん 段位 すごい,KWP_SiteSeed,,
1_未知語,語彙,4,370,国語 語彙 / 小学生 国語 語彙 / 小学生 語彙 / 語彙 小学生,KWP_SiteSeed,,
1_未知語,セントラル,4,330,すずかけ セントラル 病院 評判 / は く ほう 会 セントラル 病院 評判 / セントラル 病院 口コミ / セントラル 病院 評判,KWP_KeywordSeed,,
1_未知語,赤羽,4,300,赤羽 リハビリテーション 病院 口コミ / 赤羽 中央 総合 病院 口コミ / リタリコ 赤羽 / litalico 赤羽,KWP_KeywordSeed | KWP_SiteSeed,,
1_未知語,所沢,4,290,リタリコ 所沢 / 所沢 療育 / 療育 所沢 / litalico 所沢,KWP_SiteSeed,,
1_未知語,西宮,4,290,リタリコ 西宮 / 西宮 療育 / litalico 西宮 / 療育 西宮,KWP_SiteSeed,,
1_未知語,胃腸,4,280,平塚 胃腸 病院 評判 / 清水 胃腸 科 内科 口コミ / 湯川 胃腸 病院 評判 / 鳳 胃腸 病院 評判,KWP_KeywordSeed,,
1_未知語,トップ,4,260,トップ 塾 料金 / トップ 塾 / 塾 トップ,KWP_SiteSeed,,
1_未知語,初心者,4,250,そろばん 初心者 テキスト / そろばん 初心者 問題 / そろばん 大人 初心者 / 物理 初心者,KWP_SiteSeed,,
1_未知語,高槻,4,250,リタリコ 高槻 / 高槻 療育 / litalico 高槻 / 療育 高槻,KWP_SiteSeed,,
1_未知語,岡山,4,240,岡山 オンライン 塾 / 岡山 療育 / litalico 岡山 / リタリコ 岡山 求人,KWP_SiteSeed,,
1_未知語,東海,4,230,東海 中央 病院 評判 / 東海 大学 病院 評判 / 東海 病院 口コミ / 東海 記念 病院 評判,KWP_KeywordSeed,,
1_未知語,等級,4,220,手帳 等級 / 療育 等級 / adhd 等級,KWP_SiteSeed,,
1_未知語,十字,4,200,桜 十字 病院 リハビリ 評判 / 桜 十字 病院 人間ドック 口コミ / 白 十字 病院 口コミ / 複 十字 病院 評判,KWP_KeywordSeed,,
1_未知語,眠い,4,190,入試 眠い / 受験 眠い / 受験生 朝 眠い / 眠い 受験生,KWP_SiteSeed,,
1_未知語,イオン,4,180,イオン の 保険 相談 口コミ / イオン 保険 相談 口コミ / イオン の ほけん 相談 口コミ / イオン 塾,KWP_KeywordSeed | KWP_SiteSeed,,
1_未知語,新宿,4,180,新宿 療育 / リタリコ 新宿 / litalico 新宿,KWP_SiteSeed,,
1_未知語,ニート,4,180,adhd ニート / asd ニート / アスペルガー ニート / ニート adhd,KWP_SiteSeed,,
1_未知語,家族,4,160,adhd 家族 相談 / adhd 家族 / 家族 adhd / アスペルガー 家族 相談,KWP_KeywordSeed | KWP_SiteSeed,,
1_未知語,満点,4,160,入試 満点 / 内申 満点,KWP_SiteSeed,,
1_未知語,時期,4,160,高校 推薦 時期 / 高校 編入 時期 / 高校 転入 時期 / 高校 転校 時期,KWP_SiteSeed,,
1_未知語,めんどくさい,4,160,めんどくさい 学校 / 中学校 めんどくさい / 学校 めんどくさい 休む / 高校 めんどくさい,KWP_SiteSeed,,
1_未知語,福祉,4,150,国際 医療 福祉 大学 成田 病院 婦人 科 口コミ / 国際 医療 福祉 大学 病院 評判 / adhd 福祉,KWP_KeywordSeed | KWP_SiteSeed,,
1_未知語,附属,4,150,川崎 医科 大学 附属 病院 評判 / 日本 歯科 大学 附属 病院 口コミ / 関西 医科 大学 附属 病院 口コミ / 鶴見 大学 歯学部 附属 病院 口コミ,KWP_KeywordSeed,,
1_未知語,綜合,4,140,寿 泉 堂 綜合 病院 口コミ / 寿 泉 堂 綜合 病院 産婦 人 科 口コミ / 立川 綜合 病院 口コミ / 竹田 綜合 病院 産婦 人 科 口コミ,KWP_KeywordSeed,,
1_未知語,ネッティー,4,140,ネッティー 評判 / ネッティー 口コミ / ネッティー 料金 / ネッティー,KWP_SiteSeed,,
1_未知語,写経,4,140,写経 勉強 / 勉強 写経 / 教科書 写経 / 数学 写経,KWP_SiteSeed,,
1_未知語,厚生,4,130,放課後 等 デイ サービス 不 登校 厚生 労働省 / 厚生 病院 婦人 科 口コミ / 厚生 病院 産婦 人 科 口コミ / 岐北 厚生 病院 評判,KWP_KeywordSeed,,
1_未知語,アメリカ,4,130,塾 アメリカ / adhd アメリカ 教育 / アメリカ 療育 / asd アメリカ,KWP_SiteSeed,,
1_未知語,日本,4,120,日本 歯科 大学 附属 病院 口コミ / 日本 生命 病院 評判 / 塾 日本 / そろばん 日本,KWP_KeywordSeed | KWP_SiteSeed,,
1_未知語,範囲,4,110,一年生 算数 範囲 / 小学校 算数 範囲 / 小学生 算数 範囲 / 算数 範囲,KWP_SiteSeed,,
1_未知語,読書,4,110,中学 1 年生 読書 感想 文 中学生 コピペ / 国語 読書 / 読書 国語 / 読書 感想 文 作品 小学生,KWP_SiteSeed,,
1_未知語,退職,4,110,asd 退職 / うつ 退職 その後 / 躁鬱 退職 / 鬱 退職 その後,KWP_SiteSeed,,
1_未知語,利用,4,100,放課後 等 デイ サービス 不 登校 児 の 利用 / 放課後 等 デイ サービス 不 登校 利用 / 弁護士 費用 法 テラス 利用 / 法 テラス 利用 料金,KWP_KeywordSeed,,
1_未知語,始める,4,100,大人 から 始める 習い事 / 大人 が 始める 習い事 / 社会 人 から 始める 習い事 / そろばん 始める,KWP_KeywordSeed | KWP_SiteSeed,,
1_未知語,なっ,4,100,大人 に なっ て から の 習い事 / 大人 に なっ て から 習い事 / 大人 に なっ て 習い事 / 勉強 しない で 大人 に なっ た,KWP_KeywordSeed,,
1_未知語,フランチャイズ,4,90,トライ フランチャイズ / 療育 フランチャイズ / リタリコ フランチャイズ,KWP_SiteSeed,,
1_未知語,地学,4,90,地学 時事 / 高校 地学 教員 / 地学 勉強 / 地学 難しい,KWP_SiteSeed,,
1_未知語,四日市,4,90,四日市 療育 / ウィズユー 四日市 / 療育 四日市,KWP_SiteSeed,,
1_未知語,無理,4,90,adhd 仕事 無理 / adhd 受験 無理 / asd 無理 / 浪人 無理,KWP_SiteSeed,,
1_未知語,敏感,4,80,人 一 倍 敏感 な 子 不 登校 / 敏感 な 子 不 登校 / 音 匂い 敏感 / 音 敏感 障害,KWP_KeywordSeed | KWP_SiteSeed,,
1_未知語,ショップ,4,80,保険 の 相談 ショップ おすすめ / 保険 ショップ おすすめ / 保険 の 相談 ショップ 口コミ / 保険 ショップ 口コミ,KWP_KeywordSeed,,
1_未知語,忘れる,4,80,勉強 忘れる / 暗記 忘れる / アスペルガー 忘れる,KWP_SiteSeed,,
1_未知語,落ちこぼれ,4,80,落ちこぼれ 進学校 / 中学生 落ちこぼれ 塾 / 落ちこぼれ 中学生 / 中学生 落ちこぼれ,KWP_SiteSeed,,
1_未知語,fp,4,60,保険 チャンネル fp 相談 口コミ / リクルート fp 相談 口コミ / fp おすすめ 保険 / 保険 の fp 口コミ,KWP_KeywordSeed,,
1_未知語,pdd,4,60,pdd asd 違い / pdd 大人 / pdd 診断,KWP_SiteSeed,,
1_未知語,進め方,4,50,塾 授業 進め方 / 物理 進め方,KWP_SiteSeed,,
1_未知語,ギプス,4,50,ギプス 家庭 教師 / 家庭 教師 ギプス / オンライン 家庭 教師 ギプス / オンライン 家庭 教師 gips ギプス,KWP_SiteSeed,,
1_未知語,ランナー,4,50,ランナー 口コミ / sensay ランナー / ランナー バイト / ランナー 求人,KWP_SiteSeed,,
1_未知語,ゼット,4,40,ゼット 会 タブレット 口コミ / ゼット 会 タブレット 評判 / ゼット 会 中学 受験 コース 口コミ / ゼット 会 評判,KWP_KeywordSeed,,
1_未知語,ズーム,4,40,ズーム 塾 / 塾 ズーム,KWP_SiteSeed,,
1_未知語,導入,4,40,プログラミング 導入 / プログラミング 小学校 導入 / 小学校 プログラミング 導入 / 小学校 算数 導入,KWP_SiteSeed,,
1_未知語,収入,4,40,教室 収入 / adhd 収入 / うつ 収入 / 鬱 収入,KWP_SiteSeed,,
1_未知語,個性,4,30,個性 的 な 習い事 大人 / アスペルガー 個性 / 家庭教師のトライ 個性 別 支援 料金,Google_related_search | KWP_KeywordSeed | KWP_SiteSeed,,
1_未知語,泣き叫ぶ,4,0,発達障害 宿題 泣き叫ぶ,Google_related_search | Google_suggest,,
1_未知語,ない理由,4,0,高校 特別支援学級 ない理由,Google_related_search | Google_suggest,,
1_未知語,ナスコミ,3,8350,ナスコミ / ナスコミ 口コミ / ナスコミ 看護 師,KWP_KeywordSeed,,
1_未知語,ジュニア,3,4900,リタリコ ジュニア / リタリコ ジュニア 費用 / リタリコ ジュニア 求人,KWP_SiteSeed,,
1_未知語,パンフレット,3,3000,パンフレット 学校 / 高校 パンフレット / パンフレット 高校,KWP_UrlSeed,,
1_未知語,かからない,3,2430,お金 の かからない 習い事 大人 / お金 が かからない 習い事 大人 / お金 の かからない 習い事 大人 運動,KWP_KeywordSeed,,
1_未知語,リウマチ,3,1440,リウマチ 病院 評判 / リウマチ 病院 おすすめ / リウマチ 評判 の 良い 病院,KWP_KeywordSeed,,
1_未知語,北辰,3,1100,北辰 埼玉 / 北辰 確約 / 北辰 結果,KWP_SiteSeed,,
1_未知語,股関節,3,900,玉川 病院 股関節 センター 評判 / 富永 病院 股関節 評判 / 松田 病院 股関節 センター 口コミ,KWP_KeywordSeed,,
1_未知語,古文,3,900,古文 高校 / 高校 古文 / 高校生 古文,KWP_SiteSeed,,
1_未知語,緊張,3,730,入試 緊張 / 受験生 緊張 / 緊張 受験,KWP_SiteSeed,,
1_未知語,北野,3,720,北野 病院 口コミ / 北野 病院 悪い 評判 / 北野 病院 評判,KWP_KeywordSeed,,
1_未知語,ハート,3,700,ニュー ハート ワタナベ 国際 病院 評判 / ハート フル 隼人 病院 評判 / 新 東京 ハート クリニック 評判,KWP_KeywordSeed,,
1_未知語,メディカル,3,610,山王 メディカル センター 人間ドック 口コミ / 彩 の 国東 大宮 メディカル センター クチコミ / 関西 メディカル 病院 評判,KWP_KeywordSeed,,
1_未知語,百合,3,490,新 百合 ヶ 丘 総合 病院 クチコミ / 新 百合 ヶ 丘 総合 病院 婦人 科 口コミ / 新 百合 ヶ 丘 総合 病院 評判,KWP_KeywordSeed,,
1_未知語,熊本,3,480,トライ 熊本 / 熊本 塾 個別 / 熊本 放課後,KWP_SiteSeed,,
1_未知語,岡本,3,470,岡本 台 病院 評判 / 岡本 石井 病院 評判 / 岡本 記念 病院 評判,KWP_KeywordSeed,,
1_未知語,泉北,3,440,泉北 陣内 病院 評判 / 阪和 第 一 泉北 病院 評判 / 阪和 第 二 泉北 病院 評判,KWP_KeywordSeed,,
1_未知語,アップ,3,390,アップ 塾 / アップ 塾 料金 / 塾 アップ,KWP_SiteSeed,,
1_未知語,県立,3,370,県立 中央 病院 口コミ / 茨城 県立 中学 入試 / 県立 公立 私立 違い,KWP_KeywordSeed | KWP_SiteSeed,,
1_未知語,手当,3,360,鬱病 手当 / 鬱 手当 / adhd 障害 手当,KWP_SiteSeed,,
1_未知語,吉田,3,350,吉田 アーデント 病院 口コミ / 吉田 アーデント 病院 評判 / 吉田 病院 口コミ,KWP_KeywordSeed,,
1_未知語,あさひ,3,330,あさひ の 丘 病院 評判 / あさひ クリニック 口コミ / あさひ 病院 評判,KWP_KeywordSeed,,
1_未知語,松田,3,320,松田 病院 股関節 センター 口コミ / 松田 病院 口コミ / 松田 病院 皮膚 科 口コミ,KWP_KeywordSeed,,
1_未知語,木村,3,320,木村 病院 口コミ / 木村 病院 評判 / 木村 脳神経 クリニック 口コミ,KWP_KeywordSeed,,
1_未知語,マンスリー,3,320,sapix マンスリー / サピ マンスリー / マンスリー サピックス,KWP_SiteSeed,,
1_未知語,麻生,3,310,耳鼻 咽喉 科 麻生 病院 評判 / 麻生 病院 口腔 外科 口コミ / 麻生 脳神経 外科 評判,KWP_KeywordSeed,,
1_未知語,社長,3,310,kaien 社長 / ココルポート 社長 / リタリコ 社長,KWP_SiteSeed,,
1_未知語,長所,3,300,asd 長所 / アスペルガー 長所,KWP_SiteSeed,,
1_未知語,松戸,3,290,リタリコ 松戸 / litalico 松戸 / 療育 松戸,KWP_SiteSeed,,
1_未知語,八王子,3,290,リタリコ 八王子 / 八王子 療育 / litalico 八王子,KWP_SiteSeed,,
1_未知語,多摩,3,280,多摩 あおば 病院 評判 悪い / 多摩 丘陵 病院 評判 / 多摩 病院 精神 科 口コミ,KWP_KeywordSeed,,
1_未知語,石井,3,280,岡本 石井 病院 評判 / 石井 病院 皮膚 科 口コミ / 神尾 記念 病院 石井 評判,KWP_KeywordSeed,,
1_未知語,いずみ,3,270,いずみ の 病院 評判 / いずみ 記念 病院 評判 / 阪和 いずみ 病院 評判,KWP_KeywordSeed,,
1_未知語,掛け算,3,270,そろばん 掛け算 問題 / 掛け算 そろばん 問題 / 掛け算 暗算 コツ,KWP_SiteSeed,,
1_未知語,川崎,3,260,川崎 医科 大学 附属 病院 評判 / ココルポート 川崎 / litalico 川崎,KWP_KeywordSeed | KWP_SiteSeed,,
1_未知語,神尾,3,260,神尾 記念 病院 石井 評判 / 神尾 記念 病院 耳鼻 科 評判 / 神尾 記念 病院 評判,KWP_KeywordSeed,,
1_未知語,市立,3,250,さいたま 市立 病院 口腔 外科 口コミ / さいたま 市立 病院 産婦 人 科 口コミ / 日野 市立 病院 産婦 人 科 口コミ,KWP_KeywordSeed,,
1_未知語,みどり,3,250,みどり の は 葉 記念 病院 口コミ / みどり ヶ 丘 病院 評判 / みどり 病院 評判,KWP_KeywordSeed,,
1_未知語,借金,3,250,借金 回収 弁護士 費用 / 弁護士 費用 借金 / 弁護士 借金 回収 費用,KWP_KeywordSeed,,
1_未知語,偏食,3,250,adhd 偏食 / 偏食 adhd / 偏食 発達,KWP_SiteSeed,,
1_未知語,赤十字,3,240,みなと 赤十字 病院 評判 / 大森 赤十字 病院 評判 / 芳賀 赤十字 病院 クチコミ,KWP_KeywordSeed,,
1_未知語,苑田,3,240,苑田 会 評判 / 苑田 第 一 病院 評判 / 苑田 第 二 病院 評判,KWP_KeywordSeed,,
1_未知語,城西,3,230,偕行会 城西 病院 評判 / 城西 病院 口コミ / 城西 病院 婦人 科 口コミ,KWP_KeywordSeed,,
1_未知語,昭和,3,230,公立 昭和 病院 評判 / 昭和 大学 病院 脳神経 外科 評判 / 昭和 大学 病院 評判,KWP_KeywordSeed,,
1_未知語,親善,3,230,国際 親善 病院 口コミ / 国際 親善 病院 評判 / 国際 親善 総合 病院 評判,KWP_KeywordSeed,,
1_未知語,地理,3,230,入試 地理 / 地理 入試 / 地理 暗記,KWP_SiteSeed,,
1_未知語,鬱病,3,230,鬱病 働く / 鬱病 手当,KWP_SiteSeed,,
1_未知語,三信,3,220,原 三信 病院 婦人 科 口コミ / 原 三信 病院 泌尿器 科 評判 / 原 三信 病院 評判,KWP_KeywordSeed,,
1_未知語,藤沢,3,220,litalico 藤沢 / 療育 藤沢 / 藤沢 療育,KWP_SiteSeed,,
1_未知語,星ヶ丘,3,210,星ヶ丘 マタニティ 口コミ / 星ヶ丘 塾 / ステラ 星ヶ丘,KWP_KeywordSeed | KWP_SiteSeed,,
1_未知語,強み,3,210,アスペルガー 強み / asd 強み,KWP_SiteSeed,,
1_未知語,友愛,3,200,友愛 会 病院 評判 / 友愛 病院 評判 / 友愛 記念 病院 評判,KWP_KeywordSeed,,
1_未知語,関係,3,200,勉強 睡眠 関係 / 睡眠 勉強 関係 / 部活 成績 関係 高校,KWP_SiteSeed,,
1_未知語,淀川,3,190,淀川 キリスト 教 病院 産婦 人 科 口コミ / 淀川 キリスト 教 病院 評判 / 淀川 平成 病院 評判,KWP_KeywordSeed,,
1_未知語,福田,3,190,福田 病院 口コミ / 福田 西 病院 評判 / 福田 記念 病院 評判,KWP_KeywordSeed,,
1_未知語,上げる,3,190,入試 点数 上げる / 成績 上げる / 算数 成績 上げる,KWP_SiteSeed,,
1_未知語,全盲,3,190,全盲 仕事 / 全盲 就職 / 全盲 職業,KWP_SiteSeed,,
1_未知語,解消,3,190,勉強 ストレス 解消 / 受験 ストレス 解消 / 受験 不安 解消,KWP_SiteSeed,,
1_未知語,ホスピタル,3,180,東京 さつき ホスピタル 看護 師 口コミ / あいち 肝胆 膵 ホスピタル 評判 / 東京 さつき ホスピタル 評判,KWP_KeywordSeed,,
1_未知語,生協,3,180,南 生協 病院 評判 / 大泉 生協 病院 評判 / 王子 生協 病院 評判,KWP_KeywordSeed,,
1_未知語,大西,3,170,大西 病院 口コミ / 大西 脳神経 外科 病院 口コミ / 大西 脳神経 外科 評判,KWP_KeywordSeed,,
1_未知語,ほけん,3,170,ほけん 百花 口コミ / イオン の ほけん 相談 口コミ / 保険 見直し 本舗 ほけん の 窓口 違い,KWP_KeywordSeed,,
1_未知語,北摂,3,160,北摂 習い事 大人 / 北摂 産婦 人 科 おすすめ / 北摂 総合 病院 評判,KWP_KeywordSeed,,
1_未知語,足立,3,150,なか つかさ 足立 医院 口コミ / 足立 病院 口コミ / 足立 病院 評判,KWP_KeywordSeed,,
1_未知語,マンモス,3,150,保険 マンモス 口コミ / 保険 の マンモス 口コミ / 保険 マンモス 株式 会社 口コミ,KWP_KeywordSeed,,
1_未知語,谷山,3,150,谷山 塾,KWP_SiteSeed,,
1_未知語,メール,3,140,武田 塾 無料 相談 メール / メール 学校 / トライ 問い合わせ メール,KWP_KeywordSeed | KWP_SiteSeed | KWP_UrlSeed,,
1_未知語,筑豊,3,140,筑豊 習い事 大人 / 筑豊 産婦 人 科 おすすめ / 筑豊 婦人 科 おすすめ,KWP_KeywordSeed,,
1_未知語,富山,3,140,富山 受験 / 富山 模試 / 富山 高校 模試,KWP_SiteSeed,,
1_未知語,振り返り,3,140,小学校 算数 振り返り / 振り返り 算数 / 算数 振り返り,KWP_SiteSeed,,
1_未知語,ボールペン,3,140,ボールペン 勉強 メリット / 勉強 シャーペン ボールペン / 勉強 ボールペン シャーペン,KWP_SiteSeed,,
1_未知語,特待,3,130,中学 特待 / 特待 中学 / 高校 特待,KWP_SiteSeed,,
1_未知語,手先,3,130,adhd 不器用 手先 / 手先 療育 / 療育 手先,KWP_SiteSeed,,
1_未知語,中津,3,120,済生会 中津 病院 産婦 人 科 口コミ / 済生会 中津 病院 評判 / 済生会 中津 病院 離職 率,KWP_KeywordSeed,,
1_未知語,様子,3,120,塾 の 様子,KWP_SiteSeed,,
1_未知語,御茶ノ水,3,120,御茶ノ水 学校 / リタリコ 御茶ノ水 / litalico 御茶ノ水,KWP_SiteSeed,,
1_未知語,富永,3,110,富永 病院 股関節 評判 / 富永 病院 評判 / 富永 草野 病院 評判,KWP_KeywordSeed,,
1_未知語,訪問,3,110,保険 相談 訪問 おすすめ / ピアノ レッスン 訪問 / 療育 訪問,KWP_KeywordSeed | KWP_SiteSeed,,
1_未知語,サヴァン,3,110,ギフテッド サヴァン / ギフテッド サヴァン 違い / サヴァン ギフテッド,KWP_SiteSeed,,
1_未知語,姫路,3,110,療育 姫路 / 姫路 療育 / litalico 姫路,KWP_SiteSeed,,
1_未知語,トップス,3,90,トップス 塾,KWP_SiteSeed,,
1_未知語,大町,3,90,大町 塾,KWP_SiteSeed,,
1_未知語,下げる,3,90,志望校 下げる 高校 / 高校 レベル 下げる / 高校 志望校 下げる,KWP_SiteSeed,,
1_未知語,ギリギリ,3,90,高校 ギリギリ 余裕 / adhd ギリギリ / adhd 時間 ギリギリ,KWP_SiteSeed,,
1_未知語,適正,3,90,adhd 仕事 適正 / adhd 適正 仕事 / asd 仕事 適正,KWP_SiteSeed,,
1_未知語,繰り返す,3,90,asd 転職 繰り返す / うつ 転職 繰り返す / アスペルガー 転職 繰り返す,KWP_SiteSeed,,
1_未知語,マナビー,3,80,マナビー 評判 / マナビー 鶴見 / マナビー 大阪,KWP_SiteSeed,,
1_未知語,ハローワーク,3,80,鬱 ハローワーク / うつ ハローワーク / ハローワーク うつ,KWP_SiteSeed,,
1_未知語,人間ドック,3,70,山王 メディカル センター 人間ドック 口コミ / 桜 十字 病院 人間ドック 口コミ / 黒沢 病院 人間ドック 評判,KWP_KeywordSeed,,
1_未知語,nn,3,70,nn 塾 / 日能研 nn / 早稲田 nn,KWP_SiteSeed,,
1_未知語,伊丹,3,70,ウィズユー 伊丹 / 伊丹 療育 / 療育 伊丹,KWP_SiteSeed,,
1_未知語,経理,3,70,asd 経理 / アスペルガー 経理 / 経理 asd,KWP_SiteSeed,,
1_未知語,成田,3,60,国際 医療 福祉 大学 成田 病院 婦人 科 口コミ / 成田 徳 洲 会 評判 / 成田 記念 病院 評判,KWP_KeywordSeed,,
1_未知語,近畿,3,60,近畿 中央 病院 産婦 人 科 口コミ / 近畿 中央 病院 評判 / 高校 近畿,KWP_KeywordSeed | KWP_SiteSeed,,
1_未知語,駒込,3,60,都立 駒込 病院 評判 / 都立 駒込 病院 評判 がん / 駒込 病院 口コミ,KWP_KeywordSeed,,
1_未知語,入塾,3,60,塾 入塾 / 日能研 入塾,KWP_SiteSeed,,
1_未知語,年少,3,60,年少 療育 / 年少 発達 / 年少 言葉,KWP_SiteSeed,,
1_未知語,匂い,3,60,匂い 音 過敏 / 音 匂い 敏感 / 音 匂い 過敏,KWP_SiteSeed,,
1_未知語,嗅覚,3,60,味覚 嗅覚 過敏 / 嗅覚 聴覚 過敏 / 聴覚 嗅覚 過敏,KWP_SiteSeed,,
1_未知語,優遇,3,50,併願 優遇 入試 相談 / 朋 優 学院 併願 優遇 個別 相談 / 私立 併願 優遇 個別 相談,KWP_KeywordSeed,,
1_未知語,不要,3,50,塾 不要 / そろばん 不要,KWP_SiteSeed,,
1_未知語,スクラッチ,3,50,スクラッチ プログラミング 授業 / スクラッチ 小学校 授業 / スクラッチ 授業,KWP_SiteSeed,,
1_未知語,繰り返し,3,50,勉強 繰り返し / 暗記 繰り返し,KWP_SiteSeed,,
1_未知語,企業,3,50,adhd 企業 / 療育 企業,KWP_SiteSeed,,
1_未知語,女児,3,50,adhd 女児 特徴 / アスペルガー 女児 特徴,KWP_SiteSeed,,
1_未知語,がんばる,3,40,がんばる 舎 小学生 口コミ / がんばる 舎 中学生 口コミ / 通信 教育 がんばる 舎 口コミ,KWP_KeywordSeed,,
1_未知語,学資,3,40,学資 保険 相談 窓口 おすすめ / 学資 保険 相談 おすすめ / 学資 保険 おすすめ 保険 見直し 本舗,KWP_KeywordSeed,,
1_未知語,必須,3,40,プログラミング 小学校 必須 / プログラミング 必須 / 小学生 プログラミング 必須,KWP_SiteSeed,,
1_未知語,早く,3,40,暗記 早く / 暗算 早く,KWP_SiteSeed,,
1_未知語,下がる,3,40,塾 成績 下がる / 中学 成績 下がる / 高校生 成績 下がる,KWP_SiteSeed,,
1_未知語,工夫,3,40,adhd 一人暮らし 工夫 / adhd 仕事 工夫 / adhd 生活 工夫,KWP_SiteSeed,,
1_未知語,一人,3,30,一人 で 習い事 大人 / 習い事 一人 で 大人 / 習い事 大人 一人,KWP_KeywordSeed,,
1_未知語,online,3,30,online 塾,KWP_SiteSeed,,
1_未知語,web,3,30,トライ web / 塾 web,KWP_SiteSeed,,
1_未知語,みやび,3,30,塾 みやび 評判 / 個別 みやび / みやび 料金,KWP_SiteSeed,,
1_未知語,相性,3,30,塾 相性 / 塾 先生 相性,KWP_SiteSeed,,
2_新しい組み合わせ,学習課題/教科 × 解決手段/塾・個別指導,133,33220,英語 塾 個別 / 英 検 対策 個別 指導 / 数学 塾 個別 / 英語 塾 高校生 安い / 英語 塾 中学生 安い,KWP_SiteSeed,,
2_新しい組み合わせ,地域/地域・近くで探す × 解決手段/塾・個別指導,132,27390,近く 塾 / 京都 塾 / 塾 中学生 近く / 福岡 塾 / 塾 京都,Google_related_search | Google_suggest | KWP_SiteSeed,,
2_新しい組み合わせ,地域/地域・近くで探す × 子どもの属性/高校生,97,44960,高校 編入 兵庫 / 高校 兵庫 / 高校生 塾 福岡 おすすめ / 高校生 塾 近く / 福岡 塾 高校生,KWP_SiteSeed | KWP_UrlSeed,,
2_新しい組み合わせ,地域/地域・近くで探す × 子どもの属性/中学生,91,39560,塾 中学生 近く / 京都 塾 中学生 / 中学生 塾 京都 / 横浜 塾 中学生 / 名古屋 塾 中学生,Google_related_search | Google_suggest | KWP_SiteSeed,,
2_新しい組み合わせ,地域/地域・近くで探す × 子どもの属性/学校種別,78,47600,神奈川 公立 中学 受験 / 中学 東京 私立 / 中学 私立 埼玉 / 中学 私立 大阪 / 中学 私立 東京,Google_related_search | Google_suggest | KWP_SiteSeed,,
2_新しい組み合わせ,検索者の立場/講師・求人（供給側） × 解決手段/塾・個別指導,66,38000,トライ 塾 バイト / 塾 トライ バイト / オンライン 塾 バイト / 小学生 塾 バイト / 高校生 塾 バイト,Google_suggest | KWP_SiteSeed,,
2_新しい組み合わせ,学習課題/教科 × 解決手段/オンライン家庭教師・オンライン塾,61,2360,オンライン 数学 / 数学 オンライン / 国語 オンライン / 数学 オンライン 個人 / オンライン 数学 中学,Google_related_search | Google_suggest | KWP_SiteSeed,,
2_新しい組み合わせ,シチュエーション・出来事/学級・学校の移行・転籍 × 子どもの属性/学校種別,58,2520,グレー ゾーン 支援 級 から 通常 級 / 学習 障害 支援 級 から 通常 級 / 境界 知能 支援 級 から 通常 級 / hsc 支援 級 から 通常 級 / 支援 級 から 通常 級,Google_related_search | Google_suggest | KWP_KeywordAndUrlSeed | KWP_KeywordSeed,,
2_新しい組み合わせ,シチュエーション・出来事/学級・学校の移行・転籍 × 解決手段/発達障害専門・支援,54,2440,グレー ゾーン 支援 級 から 通常 級 / 学習 障害 支援 級 から 通常 級 / 境界 知能 支援 級 から 通常 級 / hsc 支援 級 から 通常 級 / 支援 級 から 通常 級,Google_related_search | Google_suggest | KWP_KeywordAndUrlSeed | KWP_KeywordSeed,,
2_新しい組み合わせ,検索者の立場/講師・求人（供給側） × 解決手段/オンライン家庭教師・オンライン塾,49,8740,トライ オンライン バイト / トライ バイト オンライン / オンライン トライ バイト / トライ オンライン バイト 流れ / オンライン 教師 求人,Google_related_search | Google_suggest | KWP_SiteSeed,,
2_新しい組み合わせ,子どもの属性/中学生 × 検討行動/料金・費用,48,10210,フリー スクール 中学生 安い / トライ 中学生 料金 / トライ オンライン 料金 中学生 / トライ 料金 中学生 / 中学生 個別 塾 料金,KWP_KeywordSeed | KWP_SiteSeed,,
2_新しい組み合わせ,学習課題/受験・進路 × 検討行動/評判・口コミ,48,1630,z 会 中高 一貫 タブレット 口コミ / z 会 入試 特訓 口コミ / z 会 通信 教育 大学 受験 口コミ / z 会 タブレット 中学 受験 評判 / z 会 中学 受験 コース タブレット 評判,Google_related_search | Google_suggest | KWP_KeywordSeed | KWP_SiteSeed,,
2_新しい組み合わせ,子どもの属性/受験生 × 検討行動/体験・申込・相談,48,1430,受験 相談 / 武田 塾 受験 相談 / 武田 塾 無料 受験 相談 / 無料 受験 相談 / 大学 受験 相談,KWP_KeywordSeed,,
2_新しい組み合わせ,シチュエーション・出来事/学級・学校の移行・転籍 × 子どもの属性/高校生,46,24960,高校 編入 / 高校 編入 通信 / 編入 高校 / 高校 通信 編入 / 高校 編入 兵庫,Google_suggest | KWP_KeywordAndUrlSeed | KWP_SiteSeed | KWP_UrlSeed,,
2_新しい組み合わせ,学習課題/受験・進路 × 解決手段/塾・個別指導,44,13350,中学 受験 塾 相談 / 大学 受験 塾 相談 / z 会 中学 受験 コース 塾 併用 口コミ / 慶應 義塾 大学 病院 クチコミ / グレー ゾーン 中学 受験 塾,Google_related_search | Google_suggest | KWP_KeywordSeed | KWP_SiteSeed,,
2_新しい組み合わせ,子どもの属性/小学生 × 検討行動/料金・費用,41,4460,フリー スクール 無料 小学生 / トライ 小学生 料金 / 塾 小学生 料金 / トライ 料金 小学生 / トライ 個別 料金 小学生,KWP_KeywordSeed | KWP_SiteSeed,,
2_新しい組み合わせ,子どもの属性/中学生 × 検討行動/評判・口コミ,41,1930,通信 教育 中学生 口コミ / z 会 タブレット 中学 受験 評判 / 中学生 通信 講座 口コミ / z 会 中学 国語 評判 / z 会 中学 受験 コース タブレット 評判,Google_related_search | Google_suggest | KWP_KeywordSeed | KWP_SiteSeed,,
2_新しい組み合わせ,地域/地域・近くで探す × 発達特性/発達障害,40,0,発達障害グレーゾーン 塾 東京 / 発達障害に理解のある 中学校(東京) / 発達障害受け入れ私立中学 東京 / 発達障害 家庭教師 広島 / 発達障害 家庭教師 大阪,Google_related_search | Google_suggest,,
2_新しい組み合わせ,子どもの属性/高校生 × 検討行動/料金・費用,36,6380,トライ 高校生 料金 / トライ 料金 高校生 / 高校生 塾 個別 料金 / トライ 高校 料金 / トライ 個別 料金 高校生,KWP_SiteSeed,,
2_新しい組み合わせ,学習課題/受験・進路 × 検討行動/体験・申込・相談,36,590,大学 受験 相談 / 中学 受験 相談 / 医学部 受験 相談 / 高校 受験 相談 / 中学 受験 相談 電話,KWP_KeywordSeed | KWP_SiteSeed,,
2_新しい組み合わせ,子どもの属性/中学生 × 検討行動/比較・おすすめ,35,6930,中学生 個別 指導 塾 おすすめ / 塾 おすすめ 中学生 / 中学生 塾 おすすめ / オンライン 学習 中学生 おすすめ / 塾 中学生 おすすめ,KWP_SiteSeed,,
2_新しい組み合わせ,子どもの属性/性別・本人 × 検討行動/体験・申込・相談,34,1000,adhd 相談 大人 / adhd 相談 窓口 大人 / adhd 大人 相談 / adhd 大人 相談 窓口 / 大人 adhd 相談,KWP_KeywordSeed | KWP_SiteSeed,,
2_新しい組み合わせ,子どもの属性/大人・大学生（本人） × 検討行動/体験・申込・相談,34,990,adhd 相談 大人 / adhd 相談 窓口 大人 / adhd 大人 相談 / adhd 大人 相談 窓口 / adhd 職場 相談,KWP_KeywordSeed | KWP_SiteSeed,,
2_新しい組み合わせ,学習課題/教科 × 解決手段/習い事・トレーニング,33,6370,社会 人 習い事 / 習い事 社会 人 / 社会 人 スポーツ 習い事 / スポーツ 社会 人 習い事 / スポーツ 習い事 社会 人,KWP_KeywordSeed | KWP_SiteSeed,,
2_新しい組み合わせ,検索者の立場/講師・求人（供給側） × 解決手段/ブランド・指名（塾・家庭教師）,33,5540,トライ バイト / トライ オンライン バイト / トライ 塾 バイト / トライ 個別 バイト / トライ バイト オンライン,KWP_SiteSeed,,
2_新しい組み合わせ,学習課題/受験・進路 × 解決手段/発達障害専門・支援,32,540,支援 学級 高校 受験 / 中学 支援 学級 高校 受験 / 中学 支援 級 高校 受験 / 支援 級 から 高校 受験 / 支援 級 高校 受験,Google_related_search | Google_suggest | KWP_KeywordAndUrlSeed,,
2_新しい組み合わせ,シチュエーション・出来事/特性を調べる（とは・特徴・チェック） × 子どもの属性/中学生,30,1020,中学 公立 私立 違い / 中学 私立 公立 違い / 公立 私立 中学 違い / 公立 私立 違い 中学 / 私立 公立 中学 違い,Google_related_search | Google_suggest | KWP_SiteSeed,,
2_新しい組み合わせ,子どもの属性/小学生 × 検討行動/比較・おすすめ,29,5020,タブレット 通信 教育 小学生 比較 / 小学生 塾 おすすめ / 小学生 おすすめ 塾 / 塾 小学生 おすすめ / 塾 おすすめ 小学生,KWP_KeywordSeed | KWP_SiteSeed,,
2_新しい組み合わせ,地域/地域・近くで探す × 解決手段/ブランド・指名（発達支援・療育・不登校）,29,3440,リタリコ 横浜 / リタリコ 千葉 / リタリコ 福岡 / リタリコ 札幌 / リタリコ 仙台,KWP_SiteSeed,,
2_新しい組み合わせ,子どもの属性/学校種別 × 検討行動/評判・口コミ,27,500,フリー スクール 口コミ / 全寮 制 フリー スクール 口コミ / ま なれ ぼ フリー スクール 口コミ / アート フリー スクール 口コミ / エール フリー スクール 口コミ,Google_related_search | Google_suggest | KWP_KeywordSeed,,
2_新しい組み合わせ,学習課題/受験・進路 × 解決手段/ブランド・指名（塾・家庭教師）,26,890,駿台 予備校 個別 相談 / z 会 中高 一貫 タブレット 口コミ / z 会 入試 特訓 口コミ / z 会 通信 教育 大学 受験 口コミ / z 会 タブレット 中学 受験 評判,KWP_KeywordSeed | KWP_SiteSeed,,
2_新しい組み合わせ,学習課題/教科 × 解決手段/ブランド・指名（塾・家庭教師）,25,6570,z 会 中学 国語 評判 / z 会 作文 講座 口コミ / z 会 中学 作文 評判 / z 会 作文 小学生 口コミ / 公文 英語 通信 口コミ,Google_suggest | KWP_KeywordSeed | KWP_SiteSeed,,
2_新しい組み合わせ,地域/地域・近くで探す × 学習課題/受験・進路,25,5130,関西 医科 大学 病院 評判 悪い / 関西 医科 大学 附属 病院 口コミ / 名古屋 予備校 おすすめ / 神奈川 公立 中学 受験 / 大阪 公立 中学 受験,KWP_KeywordSeed | KWP_SiteSeed,,
2_新しい組み合わせ,子どもの属性/高校生 × 検討行動/比較・おすすめ,24,9010,高校 塾 おすすめ / 塾 おすすめ 高校生 / 塾 高校生 おすすめ / 高校生 塾 福岡 おすすめ / 高校生 塾 個別 おすすめ,KWP_SiteSeed,,
2_新しい組み合わせ,地域/地域・近くで探す × 検討行動/評判・口コミ,24,6950,近く の 歯医者 口コミ / 近く の 評判 の 良い 泌尿器 科 / 近く の 評判 の いい 内科 / 東京 さつき ホスピタル 看護 師 口コミ / 上 福岡 総合 病院 口コミ,KWP_KeywordSeed | KWP_SiteSeed,,
2_新しい組み合わせ,子どもの属性/大人・大学生（本人） × 検討行動/比較・おすすめ,24,6190,通信 教育 ランキング 大人 / 通信 教育 おすすめ 大人 / 習い事 おすすめ 大人 / 通信 教育 大人 おすすめ / おすすめ 習い事 大人,KWP_KeywordSeed | KWP_SiteSeed,,
2_新しい組み合わせ,学習課題/一般の学校・学習情報 × 解決手段/塾・個別指導,24,1720,塾 時間割 / トライ 塾 時間割 / 医学部 小学生 塾 / 塾 中学 費用 / 塾 科目,KWP_SiteSeed,,
2_新しい組み合わせ,地域/地域・近くで探す × 検討行動/比較・おすすめ,24,610,高校生 塾 福岡 おすすめ / 京都 塾 おすすめ / 大阪 塾 おすすめ / 福岡 塾 おすすめ / 東京 塾 おすすめ,KWP_SiteSeed,,
2_新しい組み合わせ,シチュエーション・出来事/特性を調べる（とは・特徴・チェック） × 保護者の悩み/将来・進路不安,23,4540,asd adhd 併発 仕事 / adhd 仕事 特徴 / adhd asd 併発 仕事 / adhd 特徴 仕事 / asd 仕事 特徴,Google_suggest | KWP_SiteSeed,,
2_新しい組み合わせ,学習課題/受験・進路 × 解決手段/医療・診断,23,1650,東北 大学 病院 看護 師 口コミ / 東北 医科 薬科 大学 病院 看護 師 口コミ / 九州 大学 病院 クチコミ / 国際 医療 福祉 大学 成田 病院 婦人 科 口コミ / 国際 医療 福祉 大学 病院 評判,KWP_KeywordSeed,,
2_新しい組み合わせ,子どもの属性/大人・大学生（本人） × 検索者の立場/講師・求人（供給側）,22,6360,トライ バイト 大学生 / トライ 大学生 バイト / オンライン 講師 バイト 大学生 / メガスタ バイト 大学生 / 塾 バイト 大学生,Google_suggest | KWP_SiteSeed,,
2_新しい組み合わせ,シチュエーション・出来事/特性を調べる（とは・特徴・チェック） × 子どもの属性/性別・本人,22,2810,ld 大人 特徴 / adhd 特徴 大人 女性 / asd 特徴 大人 女性 / アスペルガー 大人 チェック / 境界知能 特徴 大人,Google_related_search | Google_suggest | KWP_SiteSeed,,
2_新しい組み合わせ,学習課題/授業・学校についていけない × 解決手段/習い事・トレーニング,22,1460,プログラミング 授業 / 小学生 プログラミング 授業 / そろばん 学校 授業 / そろばん 小学校 授業 / そろばん 小学生 授業,KWP_SiteSeed,,
2_新しい組み合わせ,シチュエーション・出来事/特性を調べる（とは・特徴・チェック） × 子どもの属性/大人・大学生（本人）,21,2810,ld 大人 特徴 / adhd 特徴 大人 女性 / asd 特徴 大人 女性 / アスペルガー 大人 チェック / 境界知能 特徴 大人,Google_related_search | Google_suggest | KWP_SiteSeed,,
2_新しい組み合わせ,検索者の立場/講師・求人（供給側） × 解決手段/家庭教師,21,0,発達障害 オンライン家庭教師 求人 / 発達障害 家庭教師 求人 / 発達障害 家庭教師 バイト / オンライン家庭教師 社会人 求人 / オンライン家庭教師 バイト 社会人,Google_related_search | Google_suggest,,
2_新しい組み合わせ,子どもの属性/受験生 × 検討行動/評判・口コミ,18,6720,z 会 通信 教育 大学 受験 口コミ / z 会 タブレット 中学 受験 評判 / z 会 中学 受験 コース タブレット 評判 / 四谷 大塚 通信 中学 受験 口コミ / z 会 高校 受験 コース 特進 クラス 口コミ,Google_related_search | Google_suggest | KWP_KeywordSeed | KWP_SiteSeed,,
2_新しい組み合わせ,子どもの属性/性別・本人 × 検討行動/比較・おすすめ,18,5820,通信 教育 ランキング 大人 / 通信 教育 おすすめ 大人 / 習い事 おすすめ 大人 / 通信 教育 大人 おすすめ / おすすめ 習い事 大人,KWP_KeywordSeed | KWP_SiteSeed,,
2_新しい組み合わせ,地域/地域・近くで探す × 子どもの属性/小学生,18,960,京都 小学生 塾 / 大阪 小学生 塾 / 京都 塾 小学生 / 福岡 塾 小学生 / 福岡 小学生 塾,KWP_SiteSeed,,
2_新しい組み合わせ,子どもの属性/高校生 × 検討行動/体験・申込・相談,18,320,adhd 高校生 相談 / 高校 受験 相談 / 高校 受験 相談 line / 高校 受験 相談 電話 / 個別 入試 相談 高校,KWP_KeywordSeed | KWP_SiteSeed,,
2_新しい組み合わせ,地域/地域・近くで探す × 発達特性/グレーゾーン,18,0,発達障害グレーゾーン 塾 東京 / 発達障害グレーゾーン 塾 札幌 / 発達障害グレーゾーン 塾 大阪 / 発達障害グレーゾーン 塾 埼玉 / 発達障害グレーゾーン 塾 名古屋,Google_related_search | Google_suggest,,
2_新しい組み合わせ,学習課題/受験・進路 × 検索者の立場/講師・求人（供給側）,17,6370,トライ バイト 大学生 / トライ 大学生 バイト / トライ 医学部 バイト / オンライン 講師 バイト 大学生 / メガスタ バイト 大学生,KWP_SiteSeed,,
2_新しい組み合わせ,学習課題/授業・学校についていけない × 解決手段/塾・個別指導,17,1770,勉強 遅れ 取り戻す 塾 / 授業 塾 / 塾 授業 / 塾 授業 進め方 / オンライン 塾 授業,KWP_KeywordAndUrlSeed | KWP_SiteSeed,,
2_新しい組み合わせ,地域/地域・近くで探す × 解決手段/療育・福祉サービス,17,1090,療育 近く / 名古屋 療育 / aba 療育 大阪 / 療育 仙台 / 民間 療育 東京,KWP_SiteSeed,,
2_新しい組み合わせ,地域/地域・近くで探す × 子どもの属性/受験生,16,10150,神奈川 公立 中学 受験 / 大阪 中学校 受験 / 受験 東京 / 埼玉 中学校 受験 / 大阪 公立 中学 受験,KWP_SiteSeed,,
2_新しい組み合わせ,学習課題/宿題・テスト・成績 × 解決手段/ブランド・指名（塾・家庭教師）,16,3620,トライ テスト / トライ 講師 テスト / トライ バイト テスト / トライ テスト バイト / 日能研 テスト,KWP_SiteSeed,,
2_新しい組み合わせ,学習課題/受験・進路 × 検討行動/比較・おすすめ,16,3270,予備校 個別 おすすめ / 予備校 オンライン おすすめ / 大学 塾 おすすめ / 英語 予備校 おすすめ / 名古屋 予備校 おすすめ,KWP_SiteSeed,,
2_新しい組み合わせ,シチュエーション・出来事/特性を調べる（とは・特徴・チェック） × 子どもの属性/高校生,16,1140,高校 推薦 とは / 私立 公立 高校 違い / 高校 単位 とは / 高校 都立 私立 違い / adhd 高校生 症状,KWP_SiteSeed,,
2_新しい組み合わせ,シチュエーション・出来事/学級・学校の移行・転籍 × 学習課題/受験・進路,16,530,支援 級 から 高校 受験 / 特別 支援 学級 から 高校 受験 / 高校 退学 転校 / 中退 編入 / 編入 中退,KWP_KeywordAndUrlSeed | KWP_SiteSeed,,
2_新しい組み合わせ,子どもの属性/小学生 × 検討行動/評判・口コミ,16,160,小学生 通信 教育 口コミ / 進 研 ゼミ 口コミ 小学校 / がんばる 舎 小学生 口コミ / 通信 教育 小学生 口コミ / z 会 作文 小学生 口コミ,Google_related_search | Google_suggest | KWP_KeywordSeed | KWP_SiteSeed,,
2_新しい組み合わせ,学習課題/教科 × 解決手段/家庭教師,16,20,オンライン 家庭 教師 社会 人 / オンライン家庭教師 社会人 / オンライン家庭教師 社会人 副業 / オンライン家庭教師 社会人 求人 / オンライン家庭教師 バイト 社会人,Google_related_search | Google_suggest | KWP_SiteSeed,,
2_新しい組み合わせ,学習課題/教科 × 検討行動/比較・おすすめ,15,710,社会 人 おすすめ 習い事 / 社会 人 人気 習い事 / 社会 人 習い事 おすすめ / 社会 人 習い事 人気 / 習い事 おすすめ 社会 人,KWP_KeywordSeed | KWP_SiteSeed,,
2_新しい組み合わせ,学習課題/教科 × 検索者の立場/講師・求人（供給側）,15,180,英語 オンライン 求人 / 英語 求人 オンライン / 英語 アルバイト オンライン / 国語 塾 バイト / 塾 バイト 国語,Google_suggest | KWP_SiteSeed,,
2_新しい組み合わせ,学習課題/宿題・テスト・成績 × 解決手段/塾・個別指導,14,1290,塾 宿題 / 小学生 塾 宿題 / 塾 成績 / 宿題 塾 / 塾 テスト,KWP_SiteSeed,,
2_新しい組み合わせ,子どもの属性/高校生 × 検討行動/評判・口コミ,14,640,スマイル ゼミ 高校生 口コミ / z 会 タブレット 高校生 口コミ / z 会 タブレット 評判 高校生 / z 会 中 高校 一貫 コース 口コミ / 高校生 進 研 ゼミ 評判,KWP_KeywordSeed | KWP_SiteSeed,,
2_新しい組み合わせ,シチュエーション・出来事/時期・節目 × 子どもの属性/受験生,14,580,受験 一 週間 前 集中 できない / 受験 前 集中 できない / 受験 直前 集中 できない / 受験生 夏休み 集中 できない / 冬休み 勉強 受験生,Google_related_search | Google_suggest | KWP_KeywordSeed | KWP_SiteSeed,,
2_新しい組み合わせ,地域/地域・近くで探す × 学習課題/教科,14,430,名古屋 数学 塾 / 東京 中学 英語 / 英語 先生 大阪 / 千葉 英語 高校 / 名古屋 英語 高校,KWP_SiteSeed,,
2_新しい組み合わせ,地域/地域・近くで探す × 学習課題/宿題・テスト・成績,14,420,神奈川 高校 内申 / 内申 神奈川 / 埼玉 内申 / 埼玉 高校 内申 / 東京 内申,KWP_SiteSeed,,
2_新しい組み合わせ,シチュエーション・出来事/特性を調べる（とは・特徴・チェック） × 子どもの属性/学校種別,14,290,フリー スクール と は 小学校 / 中学 公立 私立 違い / 中学 私立 公立 違い / 公立 私立 中学 違い / 公立 私立 違い 中学,Google_related_search | Google_suggest | KWP_KeywordSeed | KWP_SiteSeed,,
2_新しい組み合わせ,地域/地域・近くで探す × 学習課題/模試・講習,13,1900,東京 中学 模試 / 中学生 模試 神奈川 / 模試 神奈川 / 神奈川 高校 模試 / 神奈川 中学生 模試,KWP_SiteSeed,,
2_新しい組み合わせ,シチュエーション・出来事/時期・節目 × 解決手段/塾・個別指導,13,1260,夏休み 塾 / 夏休み 塾 体験 / 夏休み 短期 塾 / 塾 夏休み / 夏休み 無料 塾,KWP_SiteSeed,,
2_新しい組み合わせ,学習課題/記憶・読み書き計算 × 解決手段/教材・通信教育・アプリ,12,20650,ドリル 漢字 / 小学校 漢字 復習 ドリル / 小学校 漢字 教材 / 小学生 ドリル 漢字 / 小学生 二年生 漢字 ドリル,KWP_SiteSeed,,
2_新しい組み合わせ,シチュエーション・出来事/診断・気づき × 解決手段/医療・診断,12,950,グレー ゾーン 診断 され た / adhd 診断 され た / adhd 診断 され たら / adhd 診断 され たら 仕事 / adhd と 診断 され た,KWP_KeywordSeed,,
2_新しい組み合わせ,子どもの属性/中学生 × 検討行動/体験・申込・相談,12,480,中学生 相談 / 中学 受験 相談 / 中学 受験 相談 電話 / 中学 入試 個別 相談 / 中学 受験 個別 相談,KWP_KeywordSeed | KWP_SiteSeed,,
2_新しい組み合わせ,地域/地域・近くで探す × 解決手段/医療・診断,11,1440,上 福岡 総合 病院 口コミ / 新 東京 病院 心臓 内科 評判 / 新 東京 病院 評判 / 東札幌 病院 口コミ / 西横浜 国際 総合 病院 口コミ,KWP_KeywordSeed | KWP_SiteSeed,,
2_新しい組み合わせ,シチュエーション・出来事/特性を調べる（とは・特徴・チェック） × 解決手段/塾・個別指導,11,490,塾 とは / 塾 違い / 塾 特徴 / 塾 学校 違い / 発達障害 塾 意味ない,Google_related_search | Google_suggest | KWP_SiteSeed,,
2_新しい組み合わせ,子どもの属性/大人・大学生（本人） × 検討行動/料金・費用,11,460,習い事 無料 体験 大人 / 大人 の 習い事 安い / 大人 習い事 安い / 大人 習い事 費用 / 安い 習い事 大人,KWP_KeywordSeed,,
2_新しい組み合わせ,子どもの属性/性別・本人 × 検討行動/料金・費用,11,460,習い事 無料 体験 大人 / 大人 の 習い事 安い / 大人 習い事 安い / 大人 習い事 費用 / 安い 習い事 大人,KWP_KeywordSeed,,
2_新しい組み合わせ,保護者の悩み/将来・進路不安 × 子どもの属性/大人・大学生（本人）,11,420,自立 支援 フリー スクール 大人 / asd 大人 仕事 / ld 大人 仕事 / adhd 大人 仕事 / adhd 大人 仕事 対策,Google_suggest | KWP_KeywordSeed | KWP_SiteSeed,,
2_新しい組み合わせ,保護者の悩み/将来・進路不安 × 子どもの属性/性別・本人,11,420,自立 支援 フリー スクール 大人 / asd 大人 仕事 / ld 大人 仕事 / adhd 大人 仕事 / adhd 大人 仕事 対策,Google_suggest | KWP_KeywordSeed | KWP_SiteSeed,,
2_新しい組み合わせ,シチュエーション・出来事/特性を調べる（とは・特徴・チェック） × 学習課題/受験・進路,11,370,都立 私立 中学 違い / 高校 推薦 とは / 高校 都立 私立 違い / 編入 転学 違い / 転入 転学 違い,KWP_SiteSeed,,
2_新しい組み合わせ,学習課題/教科 × 解決手段/教材・通信教育・アプリ,10,1800,小学生 算数 ドリル おすすめ / ドリル 小学生 算数 / ドリル 算数 / 作文 書き方 プリント / 小学 算数 ドリル,KWP_SiteSeed,,
2_新しい組み合わせ,子どもの属性/受験生 × 検討行動/料金・費用,10,480,武田 塾 無料 受験 相談 / 無料 受験 相談 / line 受験 相談 無料 / 受験 相談 無料 / 受験 無料 相談,KWP_KeywordSeed | KWP_SiteSeed,,
2_新しい組み合わせ,保護者の悩み/将来・進路不安 × 解決手段/発達障害専門・支援,10,200,自立 支援 フリー スクール 大人 / 精神病 仕事 支援 / 障害 仕事 支援 / adhd 仕事 支援 / 立川 就職 支援,KWP_KeywordSeed | KWP_SiteSeed,,
2_新しい組み合わせ,学習課題/勉強方法 × 解決手段/ブランド・指名（塾・家庭教師）,10,170,トライ スケジュール / sapix 復習 / サピックス 予習 / サピックス 復習 / サピックス 算数 復習,KWP_SiteSeed,,
2_新しい組み合わせ,検索者の立場/講師・求人（供給側） × 解決手段/ブランド・指名（発達支援・療育・不登校）,9,5480,リタリコ 求人 / litalico 求人 / リタリコ 札幌 求人 / リタリコ ジュニア 求人 / リタリコ 広島 求人,KWP_SiteSeed,,
2_新しい組み合わせ,学習課題/模試・講習 × 解決手段/ブランド・指名（塾・家庭教師）,9,2910,トライ 講習 / 日能研 模試 / 日能研 模試 日程 / サピックス 模試 / sapix 模試,KWP_SiteSeed,,
2_新しい組み合わせ,子どもの属性/小学生 × 検索者の立場/講師・求人（供給側）,9,800,小学生 塾 バイト / 塾 バイト 小学生 / 小学生 塾 アルバイト / 塾 小学生 バイト / 小学校 塾 バイト,KWP_SiteSeed,,
2_新しい組み合わせ,検索者の立場/教える側（教師・支援者・資格） × 解決手段/習い事・トレーニング,9,770,そろばん 先生 資格 / そろばん 教師 資格 / そろばん 資格 / プログラミング 先生 資格 / プログラミング 教員,KWP_SiteSeed,,
2_新しい組み合わせ,シチュエーション・出来事/特性を調べる（とは・特徴・チェック） × 解決手段/療育・福祉サービス,9,600,療育 種類 / ペアトレ とは / 療育 定義 / 教育 療育 違い / 療育 リハビリ 違い,KWP_SiteSeed,,
2_新しい組み合わせ,学習課題/特性と学力・伸びしろ × 検討行動/評判・口コミ,9,50,四谷 大塚 学力 向上 コース 口コミ / 四谷 大塚 進学 くらぶ 学力 向上 コース 口コミ / 境界知能 勉強はできる 知恵袋 / 発達障害 勉強はできる 知恵袋,Google_related_search | Google_suggest | KWP_KeywordSeed,,
2_新しい組み合わせ,検索者の立場/講師・求人（供給側） × 発達特性/発達障害,9,0,発達障害 オンライン家庭教師 求人 / 発達障害 家庭教師 求人 / 発達障害 家庭教師 バイト,Google_related_search | Google_suggest,,
2_新しい組み合わせ,学習課題/一般の学校・学習情報 × 解決手段/ブランド・指名（塾・家庭教師）,8,360,トライ 医学部 料金 / トライ 時間割 / トライ 医学部 / トライ 塾 時間割 / トライ 個別 時間割,KWP_SiteSeed,,
2_新しい組み合わせ,保護者の悩み/塾が合わない・集団が苦手 × 解決手段/塾・個別指導,8,280,グレー ゾーン 集団 塾 合わ ない / 学習 障害 集団 塾 合わ ない / 境界 知能 集団 塾 合わ ない / hsc 集団 塾 合わ ない / グレー ゾーン 塾 合わ ない,KWP_KeywordAndUrlSeed | KWP_KeywordSeed | KWP_SiteSeed,,
2_新しい組み合わせ,学習課題/受験・進路 × 解決手段/合理的配慮・学校との連携,8,190,入試 合理 的 配慮 / 合理 的 配慮 入試 / 合理 的 配慮 高校 入試 / 都立 高校 入試 合理 的 配慮 / 高校 入試 合理 的 配慮,KWP_KeywordAndUrlSeed | KWP_KeywordSeed,,
2_新しい組み合わせ,子どもの属性/小学生 × 検討行動/体験・申込・相談,8,160,adhd 小学生 相談 / 小学生 相談 / 小学校 受験 相談 / 小学校 受験 個別 相談 / 塾 面談 小学生,Google_related_search | Google_suggest | KWP_KeywordSeed | KWP_SiteSeed,,
2_新しい組み合わせ,学習課題/授業・学校についていけない × 解決手段/オンライン家庭教師・オンライン塾,8,70,オンライン 授業 集中 できない 小学校 / 家庭 教師 の トライ オンライン 授業 / オンライン 国語 授業 / オンライン 塾 授業 / オンライン 小学生 授業,KWP_KeywordSeed | KWP_SiteSeed,,
2_新しい組み合わせ,学習課題/教科 × 検討行動/評判・口コミ,8,70,z 会 中学 国語 評判 / z 会 作文 講座 口コミ / z 会 中学 作文 評判 / z 会 作文 小学生 口コミ / 公文 英語 通信 口コミ,KWP_KeywordSeed | KWP_SiteSeed,,
2_新しい組み合わせ,学習課題/勉強できない・しない × 検討行動/評判・口コミ,8,0,境界知能 勉強 できない 知恵袋 / 発達障害 勉強 できない 知恵袋 / 勉強 しない 中学生 発達障害 知恵袋,Google_related_search | Google_suggest,,
2_新しい組み合わせ,地域/地域・近くで探す × 解決手段/家庭教師,8,0,発達障害 家庭教師 広島 / 発達障害 家庭教師 大阪 / 発達障害 家庭教師 東京 / 家庭教師 仙台 学習障害,Google_suggest,,
2_新しい組み合わせ,地域/地域・近くで探す × 解決手段/習い事・トレーニング,7,1150,近く の 習い事 大人 / 習い事 大人 東京 出会い / 近く の 大人 の 習い事 / そろばん 近く / そろばん 広島,KWP_KeywordSeed | KWP_SiteSeed,,
2_新しい組み合わせ,地域/地域・近くで探す × 解決手段/ブランド・指名（塾・家庭教師）,7,620,トライ 福岡 / トライ 近く / トライ 大阪 / 福岡 トライ / 大阪 トライ,KWP_SiteSeed,,
2_新しい組み合わせ,シチュエーション・出来事/時期・節目 × 子どもの属性/小学生,7,300,小学生 春休み 勉強 / 夏休み 小学生 勉強 / 小学校 夏休み 研究 / 小学生 夏休み 塾 / 発達障害 小学校入学前 面談,Google_related_search | Google_suggest | KWP_SiteSeed,,
2_新しい組み合わせ,学習課題/授業・学校についていけない × 解決手段/ブランド・指名（塾・家庭教師）,7,250,トライ 授業 / 家庭 教師 の トライ オンライン 授業 / sapix 授業 / サピックス 授業 / 日能研 授業,KWP_SiteSeed,,
2_新しい組み合わせ,子どもの属性/学校種別 × 検討行動/比較・おすすめ,7,180,フリー スクール おすすめ / フリー スクール 人気 / フリー スクール 選び方 / 大阪 人気 私立 中学 / 私立 おすすめ,KWP_KeywordSeed | KWP_SiteSeed,,
2_新しい組み合わせ,学習課題/勉強方法 × 解決手段/塾・個別指導,7,150,塾 スケジュール / 中学生 塾 スケジュール / 塾 バイト コツ / 塾 予習,KWP_SiteSeed,,
2_新しい組み合わせ,シチュエーション・出来事/時期・節目 × 子どもの属性/中学生,7,130,中学生 夏休み 研究 / 夏休み 課題 中学生 / 夏休み 塾 中学生 / 中学生 期末 / 発達障害 中学受験 後悔,Google_related_search | Google_suggest | KWP_SiteSeed,,
2_新しい組み合わせ,シチュエーション・出来事/就学準備・就学先 × 検討行動/体験・申込・相談,7,10,就学 相談 グレー ゾーン / 発達障害 小学校入学前 面談 / 発達障害 就学相談,Google_related_search | Google_suggest | KWP_KeywordSeed,,
2_新しい組み合わせ,保護者の悩み/専門の先生を探す × 地域/地域・近くで探す,7,0,発達障害に理解のある 中学校(東京) / 発達障害に理解のある 中学校(東京 男子) / 発達障害に理解のある 中学校 東京 公立,Google_related_search | Google_suggest,,
2_新しい組み合わせ,保護者の悩み/専門の先生を探す × 子どもの属性/中学生,7,0,発達障害に理解のある 中学校(東京) / 発達障害に理解のある 中学校(東京 男子) / 発達障害に理解のある 中学校 東京 公立,Google_related_search | Google_suggest,,
2_新しい組み合わせ,保護者の悩み/将来・進路不安 × 検討行動/比較・おすすめ,6,1100,adhd 仕事 おすすめ / adhd おすすめ 仕事 / asd 仕事 おすすめ / 精神病 仕事 おすすめ / 躁鬱 仕事 おすすめ,KWP_SiteSeed,,
2_新しい組み合わせ,地域/地域・近くで探す × 子どもの属性/性別・本人,6,710,近く の 習い事 大人 / 習い事 大人 東京 出会い / 近く の 大人 の 習い事 / 東京 中学 女子 / 発達障害に理解のある 中学校(東京 男子),Google_suggest | KWP_KeywordSeed | KWP_SiteSeed,,
2_新しい組み合わせ,学習課題/宿題・テスト・成績 × 解決手段/医療・診断,6,320,hsc 診断 テスト / バプテスト 病院 産婦 人 科 口コミ / wisc テスト / グレーゾーン 診断 テスト 子供,Google_related_search | Google_suggest | KWP_KeywordSeed | KWP_SiteSeed,,
2_新しい組み合わせ,学習課題/受験・進路 × 検討行動/料金・費用,6,200,大学 受験 相談 無料 / トライ 医学部 料金 / 予備校 オンライン 料金 / オンライン 予備校 費用 / オンライン 予備校 安い,KWP_KeywordSeed | KWP_SiteSeed,,
2_新しい組み合わせ,学習課題/模試・講習 × 解決手段/塾・個別指導,6,180,塾 講習 / 講習 塾 / 塾 模試 中学生,KWP_SiteSeed,,
2_新しい組み合わせ,シチュエーション・出来事/特性を調べる（とは・特徴・チェック） × 解決手段/医療・診断,6,170,hsc 診断 テスト / グレーゾーン 診断 テスト 子供 / 境界知能 特徴 大人 診断,Google_related_search | Google_suggest | KWP_KeywordSeed,,
2_新しい組み合わせ,学習課題/受験・進路 × 解決手段/オンライン家庭教師・オンライン塾,6,150,予備校 オンライン おすすめ / 予備校 オンライン 料金 / オンライン 予備校 費用 / オンライン 予備校 安い / オンライン 講師 バイト 大学生,KWP_SiteSeed,,
2_新しい組み合わせ,保護者の悩み/将来・進路不安 × 検討行動/体験・申込・相談,6,90,adhd 仕事 相談 / adhd 就職 相談 / 受験 不安 相談 / 病気 就職 相談,KWP_KeywordSeed | KWP_SiteSeed,,
2_新しい組み合わせ,地域/地域・近くで探す × 検討行動/料金・費用,6,70,相続 相談 料金 東京 弁護士 会 / 福岡 塾 料金 / 京都 塾 安い / 名古屋 塾 安い / 東京 塾 費用,KWP_KeywordSeed | KWP_SiteSeed,,
2_新しい組み合わせ,子どもの属性/学校種別 × 検討行動/体験・申込・相談,6,60,入試 相談 私立 高校 / 私立 併願 個別 相談 / 私立 併願 優遇 個別 相談 / 私立 高校 入試 相談 / 支援 学級 相談,KWP_KeywordSeed,,
2_新しい組み合わせ,シチュエーション・出来事/時期・節目 × 学習課題/受験・進路,6,50,入試 直前 集中 できない / 入試 直前 やる気 / 高校 受験生 冬休み スケジュール / 発達障害 中学受験 後悔,Google_related_search | Google_suggest | KWP_KeywordSeed | KWP_SiteSeed,,
2_新しい組み合わせ,保護者の悩み/塾が合わない・集団が苦手 × 検討行動/合わない・乗り換え,6,0,グレー ゾーン 集団 塾 合わ ない / 学習 障害 集団 塾 合わ ない / 境界 知能 集団 塾 合わ ない / hsc 集団 塾 合わ ない / グレー ゾーン 塾 合わ ない,KWP_KeywordAndUrlSeed | KWP_KeywordSeed,,
2_新しい組み合わせ,シチュエーション・出来事/特性を調べる（とは・特徴・チェック） × 検討行動/合わない・乗り換え,6,0,発達障害 塾 意味ない,Google_related_search | Google_suggest,,
2_新しい組み合わせ,シチュエーション・出来事/就学準備・就学先 × 子どもの属性/小学生,6,0,発達障害 小学校入学前 面談 / 発達障害 小学校入学準備,Google_related_search | Google_suggest,,
2_新しい組み合わせ,地域/地域・近くで探す × 発達特性/境界知能・知的,6,0,境界知能 塾 東京 / 境界知能 塾 福岡 / 境界知能 塾 大阪,Google_suggest,,
2_新しい組み合わせ,シチュエーション・出来事/特性を調べる（とは・特徴・チェック） × 解決手段/ブランド・指名（塾・家庭教師）,5,2370,サピックス 意味 / sapix とは / サピックス とは / 日能研 クラス 種類 / 日能研 特徴,KWP_SiteSeed,,
2_新しい組み合わせ,保護者の悩み/親自身・子育ての辛さ × 子どもの属性/高校生,5,890,学校 辛い 高校 / 辛い 高校生 / 高校 つらい / 高校生 辛い / 高校生 辛い 勉強,KWP_SiteSeed,,
2_新しい組み合わせ,保護者の悩み/将来・進路不安 × 検索者の立場/講師・求人（供給側）,5,570,仕事 アルバイト / オンライン 仕事 バイト / アルバイト 仕事 / 就労 求人,KWP_SiteSeed,,
2_新しい組み合わせ,検索者の立場/講師・求人（供給側） × 解決手段/習い事・トレーニング,5,500,英会話 オンライン バイト / 英会話 バイト オンライン / 英会話 オンライン 求人 / 英会話 求人 オンライン / 英会話 オンライン 講師 募集,KWP_SiteSeed,,
2_新しい組み合わせ,シチュエーション・出来事/特性を調べる（とは・特徴・チェック） × 学習課題/宿題・テスト・成績,5,240,hsc 診断 テスト / 内申 とは / グレーゾーン 診断 テスト 子供,Google_related_search | Google_suggest | KWP_KeywordSeed | KWP_SiteSeed,,
2_新しい組み合わせ,保護者の悩み/将来・進路不安 × 解決手段/医療・診断,5,240,adhd 診断 され たら 仕事 / adhd 診断 就職 / adhd 診断 仕事 / WISC 処理速度だけ低い 適職,Google_related_search | KWP_KeywordSeed | KWP_SiteSeed,,
2_新しい組み合わせ,シチュエーション・出来事/時期・節目 × 学習課題/教科,5,140,夏休み 作文 一年生 / 夏休み 宿題 理科 / 夏休み 理科 / 理科 夏休み / 理科 実験 夏休み,KWP_SiteSeed,,
2_新しい組み合わせ,子どもの属性/学校種別 × 検討行動/料金・費用,5,110,フリー スクール 中学生 安い / フリー スクール 無料 小学生 / フリー スクール 無料 体験 / 中学 私立 費用 / 高校 私立 無料,KWP_KeywordSeed | KWP_SiteSeed,,
2_新しい組み合わせ,シチュエーション・出来事/時期・節目 × 学習課題/勉強方法,5,110,受験生 冬休み スケジュール / 春休み 予習 / 春休み 復習 / 春休み 計画 / 高校 受験生 冬休み スケジュール,KWP_SiteSeed,,
2_新しい組み合わせ,保護者の悩み/将来・進路不安 × 解決手段/塾・個別指導,5,90,塾 不安 / 塾 仕事 / 塾 職業,KWP_SiteSeed,,
2_新しい組み合わせ,シチュエーション・出来事/特性を調べる（とは・特徴・チェック） × 子どもの属性/小学生,5,80,フリー スクール と は 小学校 / 小学生 模試 種類 / 発達障害グレーゾーン チェック 小学生,Google_related_search | Google_suggest | KWP_KeywordSeed | KWP_SiteSeed,,
2_新しい組み合わせ,シチュエーション・出来事/時期・節目 × 学習課題/集中・注意,5,70,入試 直前 集中 できない / 受験 一 週間 前 集中 できない / 受験 前 集中 できない / 受験 直前 集中 できない / 受験生 夏休み 集中 できない,KWP_KeywordSeed,,
2_新しい組み合わせ,学習課題/受験・進路 × 解決手段/教材・通信教育・アプリ,5,70,z 会 中高 一貫 タブレット 口コミ / z 会 通信 教育 大学 受験 口コミ / z 会 タブレット 中学 受験 評判 / z 会 中学 受験 コース タブレット 評判 / 中学 受験 通信 教育 口コミ,KWP_KeywordSeed,,
2_新しい組み合わせ,保護者の悩み/家で勉強しない × 学習課題/勉強できない・しない,5,0,グレー ゾーン 家 で 勉強 しない / adhd 家 で 勉強 しない / 学習 障害 家 で 勉強 しない / 境界 知能 家 で 勉強 しない / hsc 家 で 勉強 しない,KWP_KeywordSeed,,
2_新しい組み合わせ,学習課題/学び直し・遅れを取り戻す × 解決手段/発達障害専門・支援,5,0,支援 学級 勉強 遅れ 取り戻す / 支援級 勉強遅れ / 支援級 勉強遅れる,Google_related_search | Google_suggest | KWP_KeywordSeed,,
2_新しい組み合わせ,学習課題/授業・学校についていけない × 解決手段/発達障害専門・支援,5,0,支援 学級 勉強 遅れ 取り戻す / 支援級 勉強遅れ / 支援級 勉強遅れる,Google_related_search | Google_suggest | KWP_KeywordSeed,,
2_新しい組み合わせ,シチュエーション・出来事/断られた・合わなかった × 解決手段/塾・個別指導,5,0,発達障害 塾 断 られる,Google_related_search | Google_suggest,,
2_新しい組み合わせ,学習課題/一般の学校・学習情報 × 検討行動/料金・費用,4,1400,トライ 医学部 料金 / 塾 中学 費用 / 高専 学費 安い / クラーク 学費 高い,KWP_SiteSeed,,
2_新しい組み合わせ,学習課題/受験・進路 × 検討行動/合わない・乗り換え,4,1210,大学 辞める / 大学 辞める その後 / 大学 やめる / 大学 辞める メリット,KWP_SiteSeed,,
2_新しい組み合わせ,保護者の悩み/行動・情緒・対人の困りごと × 解決手段/療育・福祉サービス,4,360,コミュニケーション 療育 / 療育 コミュニケーション,KWP_SiteSeed,,
2_新しい組み合わせ,学習課題/教科 × 検討行動/料金・費用,4,310,トライ 英語 料金 / 英語 塾 高校生 安い / 英語 塾 中学生 安い / テンプレート 小学生 作文 ワーク シート 無料,KWP_SiteSeed,,
2_新しい組み合わせ,地域/地域・近くで探す × 検索者の立場/講師・求人（供給側）,4,240,塾 バイト 名古屋 / 名古屋 塾 バイト / リタリコ 札幌 求人 / リタリコ 広島 求人,KWP_SiteSeed,,
2_新しい組み合わせ,シチュエーション・出来事/特性を調べる（とは・特徴・チェック） × 解決手段/知能検査・検査結果,4,240,adhd ウィスク 特徴 / wais 読み方 / 処理速度 低い 原因 / 処理速度 低い 特徴,Google_related_search | KWP_SiteSeed,,
2_新しい組み合わせ,シチュエーション・出来事/時期・節目 × 子どもの属性/高校生,4,200,高校 受験生 冬休み スケジュール / 高校 夏休み 講習 / 高校 進級 / 高校 進級 単位,KWP_SiteSeed,,
2_新しい組み合わせ,保護者の悩み/行動・情緒・対人の困りごと × 学習課題/宿題・テスト・成績,4,170,中学 遅刻 内申 / ADHD 宿題 癇癪 / adhd 宿題 癇癪,Google_related_search | Google_suggest | KWP_SiteSeed,,
2_新しい組み合わせ,検索者の立場/講師・求人（供給側） × 発達特性/ASD,4,140,アスペルガー 求人 / asd バイト おすすめ / asd アルバイト,KWP_SiteSeed,,
2_新しい組み合わせ,学習課題/集中・注意 × 検討行動/合わない・乗り換え,4,90,adhd 集中 力 続か ない / 集中 が 続か ない 発達 障害 / 集中 力 が 続か ない adhd / 集中 力 が 続か ない 高校生,KWP_KeywordSeed,,
2_新しい組み合わせ,シチュエーション・出来事/学級・学校の移行・転籍 × 子どもの属性/小学生,4,80,小学校 支援 級 から 普通 級 / 小学校 普通 級 から 支援 級,KWP_KeywordAndUrlSeed,,
2_新しい組み合わせ,子どもの属性/中学生 × 検索者の立場/講師・求人（供給側）,4,70,中学生 塾 バイト / 中学 塾 バイト / 塾 バイト 中学生 / 中学生 塾 アルバイト,KWP_SiteSeed,,
2_新しい組み合わせ,シチュエーション・出来事/学級・学校の移行・転籍 × 子どもの属性/受験生,4,60,支援 級 から 高校 受験 / 特別 支援 学級 から 高校 受験,KWP_KeywordAndUrlSeed,,
2_新しい組み合わせ,子どもの属性/受験生 × 検討行動/比較・おすすめ,4,60,受験 おすすめ / 中学校 受験 選び方 / 高校 受験生 おすすめ 本,KWP_SiteSeed,,
2_新しい組み合わせ,地域/地域・近くで探す × 解決手段/オンライン家庭教師・オンライン塾,4,40,大阪 オンライン 塾 / オンライン 塾 大阪 / オンライン 塾 福岡 / 大阪 塾 オンライン,KWP_SiteSeed,,
2_新しい組み合わせ,保護者の悩み/行動・情緒・対人の困りごと × 子どもの属性/大人・大学生（本人）,4,40,adhd こだわり 大人 / adhd コミュニケーション 大人 / adhd 嘘 大人 / 職場 パニック,KWP_SiteSeed,,
2_新しい組み合わせ,シチュエーション・出来事/時期・節目 × 検討行動/体験・申込・相談,4,10,夏休み 塾 体験 / 発達障害 小学校入学前 面談,Google_related_search | Google_suggest | KWP_SiteSeed,,
2_新しい組み合わせ,シチュエーション・出来事/断られた・合わなかった × 検討行動/合わない・乗り換え,4,0,グレー ゾーン 断 られ た / 学習 障害 断 られ た / 境界 知能 断 られ た / hsc 断 られ た,KWP_KeywordSeed,,
2_新しい組み合わせ,子どもの属性/小学生 × 検索者の立場/教える側（教師・支援者・資格）,3,18180,小学校 プログラミング 教員 / 小学校 資格 / 教員 小学校,KWP_SiteSeed,,
2_新しい組み合わせ,地域/地域・近くで探す × 子どもの属性/大人・大学生（本人）,3,700,近く の 習い事 大人 / 習い事 大人 東京 出会い / 近く の 大人 の 習い事,KWP_KeywordSeed,,
2_新しい組み合わせ,子どもの属性/高校生 × 検索者の立場/教える側（教師・支援者・資格）,3,530,高校 地学 教員 / 高校 資格,KWP_SiteSeed,,
2_新しい組み合わせ,学習課題/記憶・読み書き計算 × 解決手段/習い事・トレーニング,3,430,そろばん 計算 / 計算 そろばん / 計算 習い事,KWP_SiteSeed,,
2_新しい組み合わせ,子どもの属性/高校生 × 検索者の立場/講師・求人（供給側）,3,420,トライ バイト 高校生 / 高校生 塾 バイト / 高校生 塾 バイト できる,KWP_SiteSeed,,
2_新しい組み合わせ,学習課題/授業・学校についていけない × 検討行動/サービス詳細・利用条件,3,330,授業 振替,KWP_SiteSeed,,
2_新しい組み合わせ,学習課題/記憶・読み書き計算 × 解決手段/療育・福祉サービス,3,210,ひらがな 療育 / 療育 ひらがな,KWP_SiteSeed,,
2_新しい組み合わせ,保護者の悩み/将来・進路不安 × 解決手段/ブランド・指名（発達支援・療育・不登校）,3,140,リタリコ 就職 / litalico 就職 / リタリコ 就労,KWP_SiteSeed,,
2_新しい組み合わせ,シチュエーション・出来事/特性を調べる（とは・特徴・チェック） × 解決手段/ブランド・指名（発達支援・療育・不登校）,3,140,litalico 意味 / リタリコ とは / リタリコ 意味,KWP_SiteSeed,,
2_新しい組み合わせ,学習課題/勉強方法 × 検討行動/比較・おすすめ,3,110,小学生 暗記 おすすめ / 暗記 おすすめ / 暗記 おすすめ 方法,KWP_SiteSeed,,
2_新しい組み合わせ,子どもの属性/小学生 × 検討行動/サービス詳細・利用条件,3,90,土曜日 塾 小学生 / 小学生 塾 送迎,KWP_SiteSeed,,
2_新しい組み合わせ,保護者の悩み/将来・進路不安 × 子どもの属性/受験生,3,70,受験 不安 相談 / 受験 勉強 不安 集中 できない / 受験 不安 解消,KWP_KeywordSeed | KWP_SiteSeed,,
2_新しい組み合わせ,検索者の立場/講師・求人（供給側） × 検討行動/評判・口コミ,3,70,sensay バイト 評判 / sensay 評判 バイト / ノーバス バイト 評判,KWP_SiteSeed,,
2_新しい組み合わせ,検索者の立場/教える側（教師・支援者・資格） × 発達特性/ASD,3,60,自 閉 症 資格 通信 / asd 資格 / アスペルガー 資格,KWP_KeywordSeed | KWP_SiteSeed,,
2_新しい組み合わせ,シチュエーション・出来事/時期・節目 × 学習課題/模試・講習,3,50,夏休み 講習 / 高校 夏休み 講習,KWP_SiteSeed,,
2_新しい組み合わせ,学習課題/記憶・読み書き計算 × 検討行動/比較・おすすめ,3,50,小学生 漢字 おすすめ / 漢字 勉強 おすすめ / 漢字 小学生 おすすめ,KWP_SiteSeed,,
2_新しい組み合わせ,シチュエーション・出来事/特性を調べる（とは・特徴・チェック） × 学習課題/模試・講習,3,50,中学生 模試 種類 / 小学生 模試 種類 / 模試 種類 中学生,KWP_SiteSeed,,
2_新しい組み合わせ,シチュエーション・出来事/特性を調べる（とは・特徴・チェック） × 保護者の悩み/行動・情緒・対人の困りごと,3,50,ダウン症 コミュニケーション 特徴 / adhd コミュニケーション 特徴 / いじめ 原因 中学生,KWP_SiteSeed,,
2_新しい組み合わせ,学習課題/受験・進路 × 解決手段/相談・カウンセリング,3,30,中学 受験 悩み 相談 / 大学 受験 悩み 相談 / 高校 受験 悩み 相談,KWP_KeywordSeed,,
2_新しい組み合わせ,保護者の悩み/行動・情緒・対人の困りごと × 子どもの属性/性別・本人,3,30,adhd こだわり 大人 / adhd コミュニケーション 大人 / adhd 嘘 大人,KWP_SiteSeed,,
2_新しい組み合わせ,シチュエーション・出来事/時期・節目 × 学習課題/宿題・テスト・成績,3,20,夏休み 宿題 理科 / 子供 宿題 しない ほっとく 夏休み,Google_suggest | KWP_SiteSeed,,
2_新しい組み合わせ,保護者の悩み/将来・進路不安 × 解決手段/知能検査・検査結果,3,20,wais 適職 / 処理速度 低い 適職 / WISC 処理速度だけ低い 適職,Google_related_search | KWP_SiteSeed,,
2_新しい組み合わせ,子どもの属性/大人・大学生（本人） × 検討行動/評判・口コミ,3,10,大人 そろばん ブログ / 境界知能 特徴 大人 知恵袋,Google_suggest | KWP_SiteSeed,,
2_新しい組み合わせ,子どもの属性/性別・本人 × 検討行動/評判・口コミ,3,10,大人 そろばん ブログ / 境界知能 特徴 大人 知恵袋,Google_suggest | KWP_SiteSeed,,
2_新しい組み合わせ,学習課題/受験・進路 × 解決手段/家庭教師,3,10,大学生 講師 / adhd 中学受験 家庭教師,Google_suggest | KWP_SiteSeed,,
2_新しい組み合わせ,保護者の悩み/親が教えられない × 学習課題/宿題・テスト・成績,3,0,宿題 しない 子供にイライラ,Google_related_search | Google_suggest,,
2_新しい組み合わせ,保護者の悩み/将来・進路不安 × 学習課題/宿題・テスト・成績,3,0,宿題 しない 子供 将来,Google_related_search | Google_suggest,,
2_新しい組み合わせ,学習課題/特性と学力・伸びしろ × 検討行動/料金・費用,3,0,発達障害 学力 高い,Google_related_search | Google_suggest,,
2_新しい組み合わせ,シチュエーション・出来事/特性を調べる（とは・特徴・チェック） × 子どもの属性/幼児・未就学,3,0,発達障害 グレーゾーン チェック 5歳,Google_related_search | Google_suggest,,
2_新しい組み合わせ,シチュエーション・出来事/就学準備・就学先 × 解決手段/療育・福祉サービス,3,0,就学準備 療育,Google_related_search | Google_suggest,,
2_新しい組み合わせ,シチュエーション・出来事/特性を調べる（とは・特徴・チェック） × 解決手段/発達障害専門・支援,3,0,支援級から普通級 割合,Google_related_search | Google_suggest,,
2_新しい組み合わせ,シチュエーション・出来事/学級・学校の移行・転籍 × 子どもの属性/中学生,3,0,支援級から普通級 中学,Google_related_search | Google_suggest,,
2_新しい組み合わせ,シチュエーション・出来事/学級・学校の移行・転籍 × 検討行動/評判・口コミ,3,0,支援級から普通級 知恵袋,Google_related_search | Google_suggest,,
2_新しい組み合わせ,学習課題/勉強できない・しない × 解決手段/発達障害専門・支援,3,0,特別支援学級 勉強 しない,Google_related_search | Google_suggest,,
2_新しい組み合わせ,学習課題/学び直し・遅れを取り戻す × 検討行動/評判・口コミ,3,0,不 登校 勉強 遅れ 取り戻す 知恵袋 / 勉強 遅れ 取り戻す 中学生 知恵袋 / 不登校 勉強 遅れ 知恵袋,Google_related_search,,
2_新しい組み合わせ,学習課題/授業・学校についていけない × 検討行動/評判・口コミ,3,0,不 登校 勉強 遅れ 取り戻す 知恵袋 / 勉強 遅れ 取り戻す 中学生 知恵袋 / 不登校 勉強 遅れ 知恵袋,Google_related_search,,
2_新しい組み合わせ,検索者の立場/教える側（教師・支援者・資格） × 解決手段/療育・福祉サービス,2,1180,療育 資格,KWP_SiteSeed,,
2_新しい組み合わせ,子どもの属性/高校生 × 検討行動/合わない・乗り換え,2,400,集中 力 が 続か ない 高校生 / 高校 やめる,KWP_KeywordSeed | KWP_SiteSeed,,
2_新しい組み合わせ,学習課題/宿題・テスト・成績 × 検索者の立場/講師・求人（供給側）,2,250,トライ バイト テスト / トライ テスト バイト,KWP_SiteSeed,,
2_新しい組み合わせ,保護者の悩み/行動・情緒・対人の困りごと × 子どもの属性/中学生,2,180,いじめ 原因 中学生 / 中学 遅刻 内申,KWP_SiteSeed,,
2_新しい組み合わせ,学習課題/勉強方法 × 解決手段/習い事・トレーニング,2,150,姿勢 が 良く なる 習い事 大人 / 姿勢 習い事 大人,KWP_KeywordSeed,,
2_新しい組み合わせ,保護者の悩み/将来・進路不安 × 子どもの属性/中学生,2,120,中学生 英語 得意 / 中学 就職,KWP_SiteSeed,,
2_新しい組み合わせ,検索者の立場/教える側（教師・支援者・資格） × 解決手段/ブランド・指名（塾・家庭教師）,2,110,トライ 研修 / トライ 研修 内容,KWP_SiteSeed,,
2_新しい組み合わせ,検索者の立場/講師・求人（供給側） × 検討行動/比較・おすすめ,2,100,アルバイト 求人 おすすめ / asd バイト おすすめ,KWP_SiteSeed,,
2_新しい組み合わせ,学習課題/勉強できない・しない × 解決手段/塾・個別指導,2,80,勉強 しない 中学生 塾 / 勉強 できない 中学生 塾,KWP_SiteSeed,,
2_新しい組み合わせ,シチュエーション・出来事/特性を調べる（とは・特徴・チェック） × 解決手段/習い事・トレーニング,2,60,sst とは 子ども,KWP_SiteSeed,,
2_新しい組み合わせ,学習課題/特性と学力・伸びしろ × 解決手段/ブランド・指名（塾・家庭教師）,2,50,四谷 大塚 学力 向上 コース 口コミ / 四谷 大塚 進学 くらぶ 学力 向上 コース 口コミ,KWP_KeywordSeed,,
2_新しい組み合わせ,検索者の立場/教える側（教師・支援者・資格） × 解決手段/ブランド・指名（発達支援・療育・不登校）,2,40,litalico 研修 / リタリコ 資格,KWP_SiteSeed,,
2_新しい組み合わせ,子どもの属性/中学生 × 検討行動/サービス詳細・利用条件,2,40,塾 送迎 中学生 / 中学生 塾 送迎,KWP_SiteSeed,,
2_新しい組み合わせ,学習課題/一般の学校・学習情報 × 検討行動/比較・おすすめ,2,30,中学生 部活 おすすめ / 高専 学費 比較,KWP_SiteSeed,,
2_新しい組み合わせ,学習課題/勉強方法 × 解決手段/教材・通信教育・アプリ,2,30,小学校 漢字 復習 ドリル / 漢字 復習 ドリル,KWP_SiteSeed,,
2_新しい組み合わせ,学習課題/授業・学校についていけない × 解決手段/教材・通信教育・アプリ,2,30,小学校 授業 タブレット / 授業 タブレット デメリット,KWP_SiteSeed,,
2_新しい組み合わせ,シチュエーション・出来事/時期・節目 × 解決手段/習い事・トレーニング,2,20,夏休み 習い事 大人 / そろばん 進級,KWP_KeywordSeed | KWP_SiteSeed,,
2_新しい組み合わせ,学習課題/記憶・読み書き計算 × 検討行動/評判・口コミ,2,20,時計 台 記念 病院 口コミ / 漢字 検定 小学生 ブログ,KWP_KeywordSeed | KWP_SiteSeed,,
2_新しい組み合わせ,学習課題/学び直し・遅れを取り戻す × 解決手段/塾・個別指導,2,20,勉強 遅れ 取り戻す 塾,KWP_KeywordAndUrlSeed,,
2_新しい組み合わせ,保護者の悩み/将来・進路不安 × 解決手段/習い事・トレーニング,2,20,そろばん 仕事 / そろばん 将来,KWP_SiteSeed,,
2_新しい組み合わせ,検索者の立場/教える側（教師・支援者・資格） × 解決手段/塾・個別指導,2,20,塾 先生 資格 / 塾 教員,KWP_SiteSeed,,
2_新しい組み合わせ,地域/地域・近くで探す × 学習課題/一般の学校・学習情報,2,20,大阪 中学 学費 / 東京 中学 学費,KWP_SiteSeed,,
2_新しい組み合わせ,子どもの属性/不登校 × 検討行動/評判・口コミ,2,0,不 登校 勉強 遅れ 取り戻す 知恵袋 / 不登校 勉強 遅れ 知恵袋,Google_related_search,,
2_新しい組み合わせ,地域/地域・近くで探す × 発達特性/LD・学習障害,2,0,家庭教師 仙台 学習障害,Google_suggest,,
2_新しい組み合わせ,シチュエーション・出来事/特性を調べる（とは・特徴・チェック） × 検討行動/評判・口コミ,2,0,境界知能 特徴 大人 知恵袋,Google_suggest,,
2_新しい組み合わせ,学習課題/特性と学力・伸びしろ × 解決手段/塾・個別指導,2,0,境界知能 塾 無駄,Google_suggest,,
2_新しい組み合わせ,学習課題/宿題・テスト・成績 × 解決手段/発達障害専門・支援,2,0,特別支援学級 高校受験 内申点,Google_suggest,,
2_新しい組み合わせ,保護者の悩み/専門の先生を探す × 子どもの属性/性別・本人,2,0,発達障害に理解のある 中学校(東京 男子),Google_suggest,,
2_新しい組み合わせ,保護者の悩み/専門の先生を探す × 子どもの属性/学校種別,2,0,発達障害に理解のある 中学校 東京 公立,Google_suggest,,
2_新しい組み合わせ,学習課題/宿題・テスト・成績 × 解決手段/習い事・トレーニング,1,320,そろばん テスト,KWP_SiteSeed,,
2_新しい組み合わせ,子どもの属性/幼児・未就学 × 検討行動/体験・申込・相談,1,210,就学 前 相談 グレー ゾーン,KWP_KeywordSeed,,
2_新しい組み合わせ,保護者の悩み/親が教えられない × 解決手段/習い事・トレーニング,1,210,習い事 親子,KWP_KeywordSeed,,
2_新しい組み合わせ,シチュエーション・出来事/診断・気づき × 保護者の悩み/将来・進路不安,1,170,adhd 診断 され たら 仕事,KWP_KeywordSeed,,
2_新しい組み合わせ,学習課題/模試・講習 × 検討行動/体験・申込・相談,1,140,中学生 模試 申し込み,KWP_SiteSeed,,
2_新しい組み合わせ,学習課題/宿題・テスト・成績 × 解決手段/知能検査・検査結果,1,140,wisc テスト,KWP_SiteSeed,,
2_新しい組み合わせ,保護者の悩み/ゲーム・スマホ・生活・反抗 × 解決手段/療育・福祉サービス,1,110,療育 ゲーム,KWP_SiteSeed,,
2_新しい組み合わせ,保護者の悩み/親が教えられない × 子どもの属性/受験生,1,110,受験 イライラ,KWP_SiteSeed,,
2_新しい組み合わせ,保護者の悩み/行動・情緒・対人の困りごと × 検討行動/評判・口コミ,1,90,評判 の 良い 思春 期 外来,KWP_KeywordSeed,,
2_新しい組み合わせ,保護者の悩み/将来・進路不安 × 解決手段/オンライン家庭教師・オンライン塾,1,90,オンライン 仕事 バイト,KWP_SiteSeed,,
2_新しい組み合わせ,検索者の立場/教える側（教師・支援者・資格） × 発達特性/ADHD,1,90,adhd 資格,KWP_SiteSeed,,
2_新しい組み合わせ,シチュエーション・出来事/特性を調べる（とは・特徴・チェック） × 解決手段/フリースクール・居場所,1,70,フリー スクール と は 小学校,KWP_KeywordSeed,,
2_新しい組み合わせ,保護者の悩み/将来・進路不安 × 学習課題/勉強方法,1,70,adhd 暗記 得意,KWP_SiteSeed,,
2_新しい組み合わせ,学習課題/勉強方法 × 解決手段/療育・福祉サービス,1,70,療育 スケジュール,KWP_SiteSeed,,
2_新しい組み合わせ,保護者の悩み/ゲーム・スマホ・生活・反抗 × 解決手段/塾・個別指導,1,50,塾 スマホ,KWP_SiteSeed,,
2_新しい組み合わせ,保護者の悩み/ゲーム・スマホ・生活・反抗 × 子どもの属性/小学生,1,50,歴史 ゲーム 小学生,KWP_SiteSeed,,
2_新しい組み合わせ,検索者の立場/教える側（教師・支援者・資格） × 発達特性/発達障害,1,50,子ども 発達 資格,KWP_SiteSeed,,
2_新しい組み合わせ,保護者の悩み/将来・進路不安 × 学習課題/受験・進路,1,50,入試 不安,KWP_SiteSeed,,
2_新しい組み合わせ,子どもの属性/大人・大学生（本人） × 検討行動/サービス詳細・利用条件,1,40,土曜日 習い事 大人,KWP_KeywordSeed,,
2_新しい組み合わせ,子どもの属性/性別・本人 × 検討行動/サービス詳細・利用条件,1,40,土曜日 習い事 大人,KWP_KeywordSeed,,
2_新しい組み合わせ,シチュエーション・出来事/時期・節目 × 解決手段/ブランド・指名（塾・家庭教師）,1,30,トライ 夏休み,KWP_SiteSeed,,
2_新しい組み合わせ,学習課題/勉強方法 × 検索者の立場/講師・求人（供給側）,1,30,塾 バイト コツ,KWP_SiteSeed,,
2_新しい組み合わせ,シチュエーション・出来事/断られた・合わなかった × 学習課題/受験・進路,1,30,大学 やめた,KWP_SiteSeed,,
2_新しい組み合わせ,子どもの属性/不登校 × 検討行動/比較・おすすめ,1,20,不 登校 習い事 おすすめ,KWP_KeywordSeed,,
2_新しい組み合わせ,保護者の悩み/将来・進路不安 × 子どもの属性/学校種別,1,20,自立 支援 フリー スクール 大人,KWP_KeywordSeed,,
2_新しい組み合わせ,保護者の悩み/将来・進路不安 × 解決手段/フリースクール・居場所,1,20,自立 支援 フリー スクール 大人,KWP_KeywordSeed,,
2_新しい組み合わせ,保護者の悩み/家で勉強しない × 子どもの属性/中学生,1,20,中学 2 年生 家庭 学習,KWP_SiteSeed,,
2_新しい組み合わせ,学習課題/受験・進路 × 解決手段/習い事・トレーニング,1,20,そろばん 大学,KWP_SiteSeed,,
2_新しい組み合わせ,検索者の立場/講師・求人（供給側） × 検討行動/料金・費用,1,20,バイト 無料,KWP_SiteSeed,,
2_新しい組み合わせ,シチュエーション・出来事/特性を調べる（とは・特徴・チェック） × 学習課題/一般の学校・学習情報,1,20,高校 単位 とは,KWP_SiteSeed,,
2_新しい組み合わせ,学習課題/一般の学校・学習情報 × 解決手段/ブランド・指名（発達支援・療育・不登校）,1,20,リタリコ 時間割,KWP_SiteSeed,,
2_新しい組み合わせ,学習課題/受験・進路 × 解決手段/ブランド・指名（発達支援・療育・不登校）,1,20,リタリコ 大学生,KWP_SiteSeed,,
2_新しい組み合わせ,シチュエーション・出来事/学級・学校の移行・転籍 × 学習課題/一般の学校・学習情報,1,20,高校 転校 単位,KWP_SiteSeed,,
2_新しい組み合わせ,学習課題/学び直し・遅れを取り戻す × 検討行動/比較・おすすめ,1,20,大人 勉強 やり直し おすすめ,KWP_SiteSeed,,
2_新しい組み合わせ,保護者の悩み/将来・進路不安 × 検討行動/合わない・乗り換え,1,20,躁鬱 仕事 辞める,KWP_SiteSeed,,
2_新しい組み合わせ,シチュエーション・出来事/時期・節目 × 学習課題/一般の学校・学習情報,1,20,高校 進級 単位,KWP_SiteSeed,,
2_新しい組み合わせ,保護者の悩み/親自身・子育ての辛さ × 検討行動/体験・申込・相談,1,10,hsc 子育て 相談,KWP_KeywordSeed,,
2_新しい組み合わせ,シチュエーション・出来事/診断・気づき × 子どもの属性/大人・大学生（本人）,1,10,adhd 大人 診断 され たら,KWP_KeywordSeed,,
2_新しい組み合わせ,シチュエーション・出来事/診断・気づき × 子どもの属性/性別・本人,1,10,adhd 大人 診断 され たら,KWP_KeywordSeed,,
2_新しい組み合わせ,学習課題/受験・進路 × 解決手段/フリースクール・居場所,1,10,高校 中退 フリー スクール,KWP_KeywordSeed,,
2_新しい組み合わせ,学習課題/一般の学校・学習情報 × 検討行動/体験・申込・相談,1,10,医学部 受験 相談,KWP_KeywordSeed,,
2_新しい組み合わせ,保護者の悩み/親自身・子育ての辛さ × 解決手段/相談・カウンセリング,1,10,子育て 悩み カウンセリング,KWP_KeywordSeed,,
2_新しい組み合わせ,シチュエーション・出来事/時期・節目 × 子どもの属性/大人・大学生（本人）,1,10,夏休み 習い事 大人,KWP_KeywordSeed,,
2_新しい組み合わせ,シチュエーション・出来事/時期・節目 × 子どもの属性/性別・本人,1,10,夏休み 習い事 大人,KWP_KeywordSeed,,
2_新しい組み合わせ,保護者の悩み/将来・進路不安 × 学習課題/集中・注意,1,10,受験 勉強 不安 集中 できない,KWP_KeywordSeed,,
2_新しい組み合わせ,学習課題/宿題・テスト・成績 × 検討行動/評判・口コミ,1,10,バプテスト 病院 産婦 人 科 口コミ,KWP_KeywordSeed,,
2_新しい組み合わせ,学習課題/記憶・読み書き計算 × 解決手段/医療・診断,1,10,時計 台 記念 病院 口コミ,KWP_KeywordSeed,,
2_新しい組み合わせ,学習課題/一般の学校・学習情報 × 検討行動/評判・口コミ,1,10,鶴見 大学 歯学部 附属 病院 口コミ,KWP_KeywordSeed,,
2_新しい組み合わせ,学習課題/一般の学校・学習情報 × 解決手段/医療・診断,1,10,鶴見 大学 歯学部 附属 病院 口コミ,KWP_KeywordSeed,,
2_新しい組み合わせ,地域/地域・近くで探す × 検討行動/体験・申込・相談,1,10,相続 相談 料金 東京 弁護士 会,KWP_KeywordSeed,,
2_新しい組み合わせ,シチュエーション・出来事/学級・学校の移行・転籍 × 地域/地域・近くで探す,1,10,高校 編入 兵庫,KWP_UrlSeed,,
2_新しい組み合わせ,シチュエーション・出来事/時期・節目 × 検討行動/料金・費用,1,10,夏休み 無料 塾,KWP_SiteSeed,,
2_新しい組み合わせ,学習課題/一般の学校・学習情報 × 検索者の立場/講師・求人（供給側）,1,10,トライ 医学部 バイト,KWP_SiteSeed,,
2_新しい組み合わせ,学習課題/授業・学校についていけない × 解決手段/家庭教師,1,10,家庭 教師 の トライ オンライン 授業,KWP_SiteSeed,,
2_新しい組み合わせ,保護者の悩み/親自身・子育ての辛さ × 子どもの属性/受験生,1,10,子育て 受験,KWP_SiteSeed,,
2_新しい組み合わせ,学習課題/授業・学校についていけない × 検討行動/料金・費用,1,10,授業 無料,KWP_SiteSeed,,
2_新しい組み合わせ,検索者の立場/教える側（教師・支援者・資格） × 解決手段/オンライン家庭教師・オンライン塾,1,10,オンライン 教員,KWP_SiteSeed,,
2_新しい組み合わせ,シチュエーション・出来事/時期・節目 × 学習課題/勉強できない・しない,1,10,入試 直前 やる気,KWP_SiteSeed,,
2_新しい組み合わせ,学習課題/授業・学校についていけない × 検索者の立場/講師・求人（供給側）,1,10,塾 バイト 授業,KWP_SiteSeed,,
2_新しい組み合わせ,保護者の悩み/将来・進路不安 × 学習課題/教科,1,10,中学生 英語 得意,KWP_SiteSeed,,
2_新しい組み合わせ,シチュエーション・出来事/特性を調べる（とは・特徴・チェック） × 学習課題/勉強方法,1,10,数学 暗記 理解 違い,KWP_SiteSeed,,
2_新しい組み合わせ,シチュエーション・出来事/特性を調べる（とは・特徴・チェック） × 学習課題/教科,1,10,数学 暗記 理解 違い,KWP_SiteSeed,,
2_新しい組み合わせ,保護者の悩み/行動・情緒・対人の困りごと × 子どもの属性/小学生,1,10,アスペルガー 癇癪 小学生,KWP_SiteSeed,,
2_新しい組み合わせ,保護者の悩み/行動・情緒・対人の困りごと × 解決手段/塾・個別指導,1,10,塾 コミュニケーション,KWP_SiteSeed,,
2_新しい組み合わせ,学習課題/集中・注意 × 解決手段/オンライン家庭教師・オンライン塾,1,0,オンライン 授業 集中 できない 小学校,KWP_KeywordSeed,,
2_新しい組み合わせ,学習課題/集中・注意 × 解決手段/発達障害専門・支援,1,0,支援 学級 集中 できない,KWP_KeywordSeed,,
2_新しい組み合わせ,学習課題/記憶・読み書き計算 × 解決手段/発達障害専門・支援,1,0,支援 学級 読み書き,KWP_KeywordSeed,,
2_新しい組み合わせ,学習課題/模試・講習 × 解決手段/発達障害専門・支援,1,0,支援 学級 夏期 講習,KWP_KeywordSeed,,
2_新しい組み合わせ,学習課題/特性と学力・伸びしろ × 解決手段/発達障害専門・支援,1,0,支援 学級 勉強 できる,KWP_KeywordSeed,,
2_新しい組み合わせ,子どもの属性/学校種別 × 検討行動/合わない・乗り換え,1,0,フリー スクール 合わ ない,KWP_KeywordSeed,,
2_新しい組み合わせ,子どもの属性/学校種別 × 検討行動/サービス詳細・利用条件,1,0,フリー スクール 対象 年齢,KWP_KeywordSeed,,
2_新しい組み合わせ,検索者の立場/講師・求人（供給側） × 発達特性/ADHD,1,0,adhd 塾 バイト,Google_suggest,,
2_新しい組み合わせ,地域/地域・近くで探す × 発達特性/ADHD,1,0,adhd 塾 東京,Google_suggest,,
3_シチュエーション,発達障害就学前支援,3,0,発達障害 就学前 支援,Google_related_search | Google_suggest,,
3_シチュエーション,中学受験その後,3,0,発達障害 中学受験 その後,Google_related_search | Google_suggest,,
3_シチュエーション,お金のかからない習い,2,2410,お金 の かからない 習い事 大人 / お金 の かからない 習い事 大人 運動,KWP_KeywordSeed,,
3_シチュエーション,駅前塾,2,280,駅前 塾,KWP_SiteSeed,,
3_シチュエーション,通信卒業,2,100,通信 卒業,KWP_SiteSeed,,
3_シチュエーション,塾休み,2,60,塾 休み,KWP_SiteSeed,,
3_シチュエーション,塾駅前,2,40,塾 駅前,KWP_SiteSeed,,
3_シチュエーション,塾わからない,2,20,塾 わからない,KWP_SiteSeed,,
3_シチュエーション,塾入学,2,20,塾 入学,KWP_SiteSeed,,
3_シチュエーション,小学生の内容からやり直し,2,0,小学生 の 内容 から やり直し,KWP_KeywordAndUrlSeed,,
3_シチュエーション,年長発達勉強,2,0,年 長 発達 勉強,KWP_KeywordAndUrlSeed,,
3_シチュエーション,勉強やり方わからない,1,390,勉強 やり方 わからない,KWP_SiteSeed,,
3_シチュエーション,勉強わからない,1,320,勉強 わからない,KWP_SiteSeed,,
3_シチュエーション,就学前相談グレ,1,210,就学 前 相談 グレー ゾーン,KWP_KeywordSeed,,
3_シチュエーション,ときわ病院評,1,170,ときわ 病院 評判,KWP_KeywordSeed,,
3_シチュエーション,前原総合医,1,170,前原 総合 医療 病院 口コミ,KWP_KeywordSeed,,
3_シチュエーション,大学退学その後,1,110,大学 退学 その後,KWP_SiteSeed,,
3_シチュエーション,大人から始める習,1,70,大人 から 始める 習い事,KWP_KeywordSeed,,
3_シチュエーション,豊後荘病院評,1,70,豊後 荘 病院 評判,KWP_KeywordSeed,,
3_シチュエーション,ビス不登校午前中,1,50,放課後 等 デイ サービス 不 登校 午前 中,KWP_KeywordSeed,,
3_シチュエーション,肥前精神医療,1,50,肥前 精神 医療 センター 評判,KWP_KeywordSeed,,
3_シチュエーション,塾初めて,1,50,塾 初めて,KWP_SiteSeed,,
3_シチュエーション,鬱退職その後,1,50,鬱 退職 その後,KWP_SiteSeed,,
3_シチュエーション,大人になってから習い事,1,40,大人 に なっ て から 習い事,KWP_KeywordSeed,,
3_シチュエーション,入学小学校,1,40,入学 小学校,KWP_SiteSeed,,
3_シチュエーション,高校推薦時期,1,40,高校 推薦 時期,KWP_SiteSeed,,
3_シチュエーション,高校休学期間,1,40,高校 休学 期間,KWP_SiteSeed,,
3_シチュエーション,大人になってからの習い事,1,30,大人 に なっ て から の 習い事,KWP_KeywordSeed,,
3_シチュエーション,お金がかからない習い,1,20,お金 が かからない 習い事 大人,KWP_KeywordSeed,,
3_シチュエーション,前田病院評,1,20,前田 病院 評判,KWP_KeywordSeed,,
3_シチュエーション,入学高校,1,20,入学 高校,KWP_UrlSeed,,
3_シチュエーション,そろばんわからない,1,20,そろばん わからない,KWP_SiteSeed,,
3_シチュエーション,英語長文わからない,1,20,英語 長文 わからない,KWP_SiteSeed,,
3_シチュエーション,学辞めるその後,1,20,大学 辞める その後,KWP_SiteSeed,,
3_シチュエーション,中学生勉強わからない,1,20,中学生 勉強 わからない,KWP_SiteSeed,,
3_シチュエーション,校生中退その後,1,20,高校生 中退 その後,KWP_SiteSeed,,
3_シチュエーション,勉強やり方わからない中学,1,20,勉強 やり方 わからない 中学生,KWP_SiteSeed,,
3_シチュエーション,鬱休み,1,20,鬱 休み,KWP_SiteSeed,,
3_シチュエーション,集中できないとき,1,10,adhd 集中 できない とき,KWP_KeywordSeed,,
3_シチュエーション,と診断されるまで,1,10,adhd と 診断 され る まで,KWP_KeywordSeed,,
3_シチュエーション,d診断されるまで,1,10,adhd 診断 され る まで,KWP_KeywordSeed,,
3_シチュエーション,大人からの習い事,1,10,大人 から の 習い事,KWP_KeywordSeed,,
3_シチュエーション,大人から習い事,1,10,大人 から 習い事,KWP_KeywordSeed,,
3_シチュエーション,大人が始める習い事,1,10,大人 が 始める 習い事,KWP_KeywordSeed,,
3_シチュエーション,社会人から始める習,1,10,社会 人 から 始める 習い事,KWP_KeywordSeed,,
3_シチュエーション,通信入学,1,10,通信 入学,KWP_UrlSeed,,
3_シチュエーション,sapix卒業生,1,10,sapix 卒業生,KWP_SiteSeed,,
3_シチュエーション,そろばん始める,1,10,そろばん 始める,KWP_SiteSeed,,
3_シチュエーション,サピックス卒業生,1,10,サピックス 卒業生,KWP_SiteSeed,,
3_シチュエーション,中学1年中学生英語,1,10,中学 1 年 中学生 英語 長文,KWP_SiteSeed,,
3_シチュエーション,小学生勉強わからない,1,10,小学生 勉強 わからない,KWP_SiteSeed,,
3_シチュエーション,生英語文法わからない,1,10,中学生 英語 文法 わからない,KWP_SiteSeed,,
3_シチュエーション,休み勉強,1,10,休み 勉強,KWP_SiteSeed,,
3_シチュエーション,足し算わからない,1,10,足し算 わからない,KWP_SiteSeed,,
3_シチュエーション,中退その後,1,10,中退 その後,KWP_SiteSeed,,
3_シチュエーション,うつ退職その後,1,10,うつ 退職 その後,KWP_SiteSeed,,
3_シチュエーション,退学その後,1,10,退学 その後,KWP_SiteSeed,,
3_シチュエーション,学校中退その後,1,10,進学校 中退 その後,KWP_SiteSeed,,
3_シチュエーション,中学退学その後,1,0,私立中学退学 その後,Google_related_search,,
3_シチュエーション,スク検査その後,1,0,ウィスク検査 その後,Google_related_search,,
4_行動・出来事・困り方,支援級勧められた,8,0,支援級勧められたけど普通級に行った / 支援級 勧められたけど普通級に行った / 支援級勧められたけど普通級に行った中学生 / 支援級 勧められたけど普通級に行った 中学生,Google_related_search | Google_suggest,,
4_行動・出来事・困り方,発達障害塾断ら,5,0,発達障害 塾 断 られる,Google_related_search | Google_suggest,,
4_行動・出来事・困り方,発達障害宿題泣き,4,0,発達障害 宿題 泣き叫ぶ,Google_related_search | Google_suggest,,
4_行動・出来事・困り方,特別支援学級ない,4,0,高校 特別支援学級 ない理由,Google_related_search | Google_suggest,,
4_行動・出来事・困り方,大学辞め,3,620,大学 辞める / 大学 辞める その後 / 大学 辞める メリット,KWP_SiteSeed,,
4_行動・出来事・困り方,塾不安,3,30,塾 不安,KWP_SiteSeed,,
4_行動・出来事・困り方,供宿題しない疲れ,3,0,子供 宿題 しない 疲れた,Google_related_search | Google_suggest,,
4_行動・出来事・困り方,害の勉強がしたい,3,0,発達障害の勉強 が したい,Google_related_search | Google_suggest,,
4_行動・出来事・困り方,学級高校進学できない,3,0,支援学級 高校進学 できない,Google_related_search | Google_suggest,,
4_行動・出来事・困り方,支援学級高校ない,3,0,特別支援学級 高校 ない,Google_related_search | Google_suggest,,
4_行動・出来事・困り方,お金のかからない,2,2410,お金 の かからない 習い事 大人 / お金 の かからない 習い事 大人 運動,KWP_KeywordSeed,,
4_行動・出来事・困り方,大学やめ,2,620,大学 やめる / 大学 やめた,KWP_SiteSeed,,
4_行動・出来事・困り方,勉強やり方わからない,2,410,勉強 やり方 わからない / 勉強 やり方 わからない 中学生,KWP_SiteSeed,,
4_行動・出来事・困り方,集中力がない,2,120,集中 力 が ない adhd / 集中 力 が ない 発達 障害,KWP_KeywordSeed,,
4_行動・出来事・困り方,大人悩み,2,80,大人 悩み 相談 / 大人 悩み 相談 電話,KWP_KeywordSeed,,
4_行動・出来事・困り方,受験不安,2,60,受験 不安 相談 / 受験 不安 解消,KWP_KeywordSeed | KWP_SiteSeed,,
4_行動・出来事・困り方,暗記嫌い,2,60,暗記 嫌い,KWP_SiteSeed,,
4_行動・出来事・困り方,落ち,2,40,落ちこぼれ 進学校 / 落ちこぼれ 中学生,KWP_SiteSeed,,
4_行動・出来事・困り方,中学生落ち,2,40,中学生 落ちこぼれ 塾 / 中学生 落ちこぼれ,KWP_SiteSeed,,
4_行動・出来事・困り方,塾わからない,2,20,塾 わからない,KWP_SiteSeed,,
4_行動・出来事・困り方,仕事できない,2,20,仕事 できない 発達,KWP_SiteSeed,,
4_行動・出来事・困り方,想像力ない,2,20,想像力 ない 病気,KWP_SiteSeed,,
4_行動・出来事・困り方,学校いけない,1,480,学校 いけない,KWP_SiteSeed,,
4_行動・出来事・困り方,高校やめ,1,390,高校 やめる,KWP_SiteSeed,,
4_行動・出来事・困り方,勉強わからない,1,320,勉強 わからない,KWP_SiteSeed,,
4_行動・出来事・困り方,adhd疲れ,1,170,adhd 疲れ,KWP_SiteSeed,,
4_行動・出来事・困り方,asd嫌い,1,110,asd 嫌い,KWP_SiteSeed,,
4_行動・出来事・困り方,英語できない,1,90,英語 できない 高校生,KWP_SiteSeed,,
4_行動・出来事・困り方,大人の悩み,1,70,大人 の 悩み 相談,KWP_KeywordSeed,,
4_行動・出来事・困り方,悩み,1,70,悩み 相談 大人,KWP_KeywordSeed,,
4_行動・出来事・困り方,中学生英語嫌い,1,70,中学生 英語 嫌い,KWP_SiteSeed,,
4_行動・出来事・困り方,勉強逃げ,1,70,勉強 逃げる,KWP_SiteSeed,,
4_行動・出来事・困り方,asd怒る,1,70,asd 怒る,KWP_SiteSeed,,
4_行動・出来事・困り方,不安,1,70,不安 勉強,KWP_SiteSeed,,
4_行動・出来事・困り方,中学つまらない,1,70,中学 つまらない,KWP_SiteSeed,,
4_行動・出来事・困り方,中学生つまらない,1,70,中学生 つまらない,KWP_SiteSeed,,
4_行動・出来事・困り方,勉強不安,1,70,勉強 不安,KWP_SiteSeed,,
4_行動・出来事・困り方,hd集中力がない,1,50,adhd 集中 力 が ない,KWP_KeywordSeed,,
4_行動・出来事・困り方,障害集中力がない,1,50,発達 障害 集中 力 が ない,KWP_KeywordSeed,,
4_行動・出来事・困り方,中学生数学できない,1,50,中学生 数学 できない,KWP_SiteSeed,,
4_行動・出来事・困り方,中学数学できない,1,50,中学 数学 できない,KWP_SiteSeed,,
4_行動・出来事・困り方,国語できない,1,50,国語 できない 障害,KWP_SiteSeed,,
4_行動・出来事・困り方,adhd就活できない,1,50,adhd 就活 できない,KWP_SiteSeed,,
4_行動・出来事・困り方,入試不安,1,50,入試 不安,KWP_SiteSeed,,
4_行動・出来事・困り方,浪人不安,1,50,浪人 不安,KWP_SiteSeed,,
4_行動・出来事・困り方,dhd集中力ない,1,40,adhd 集中 力 ない,KWP_KeywordSeed,,
4_行動・出来事・困り方,登校習い事も行けない,1,40,不 登校 習い事 も 行け ない,KWP_KeywordSeed,,
4_行動・出来事・困り方,発達不安,1,40,発達 不安,KWP_SiteSeed,,
4_行動・出来事・困り方,勉強したことない,1,30,勉強 した こと ない 大人,KWP_KeywordSeed,,
4_行動・出来事・困り方,数学できない,1,30,数学 できない 中学生,KWP_SiteSeed,,
4_行動・出来事・困り方,d一人暮らしできない,1,30,adhd 一人暮らし できない,KWP_SiteSeed,,
4_行動・出来事・困り方,adhd外出疲れ,1,30,adhd 外出 疲れる,KWP_SiteSeed,,
4_行動・出来事・困り方,dhd買い物疲れ,1,30,adhd 買い物 疲れる,KWP_SiteSeed,,
4_行動・出来事・困り方,adhd面接落ち,1,30,adhd 面接 落ちる,KWP_SiteSeed,,
4_行動・出来事・困り方,アスペルガー怒る,1,30,アスペルガー 怒る,KWP_SiteSeed,,
4_行動・出来事・困り方,験うまくいかない,1,30,受験 うまくいかない,KWP_SiteSeed,,
4_行動・出来事・困り方,adhd悩み,1,20,adhd 悩み 相談,KWP_KeywordSeed,,
4_行動・出来事・困り方,集中力ない,1,20,集中 力 ない adhd,KWP_KeywordSeed,,
4_行動・出来事・困り方,受験悩み,1,20,受験 悩み 相談,KWP_KeywordSeed,,
4_行動・出来事・困り方,お金がかからない,1,20,お金 が かからない 習い事 大人,KWP_KeywordSeed,,
4_行動・出来事・困り方,そろばんいらない,1,20,そろばん いらない,KWP_SiteSeed,,
4_行動・出来事・困り方,そろばんわからない,1,20,そろばん わからない,KWP_SiteSeed,,
4_行動・出来事・困り方,英語長文わからない,1,20,英語 長文 わからない,KWP_SiteSeed,,
4_行動・出来事・困り方,塾成績下が,1,20,塾 成績 下がる,KWP_SiteSeed,,
4_行動・出来事・困り方,受験逃げ,1,20,受験 逃げる,KWP_SiteSeed,,
4_行動・出来事・困り方,ルガー負けず嫌い,1,20,アスペルガー 負けず嫌い,KWP_SiteSeed,,
4_行動・出来事・困り方,中学生勉強わからない,1,20,中学生 勉強 わからない,KWP_SiteSeed,,
4_行動・出来事・困り方,ニケーションできない,1,20,コミュニケーション できない 病気,KWP_SiteSeed,,
4_行動・出来事・困り方,受験嫌い,1,20,受験 嫌い,KWP_SiteSeed,,
4_行動・出来事・困り方,学校サボ,1,20,学校 サボる 親,KWP_SiteSeed,,
4_行動・出来事・困り方,学校不安,1,20,学校 不安 怖い,KWP_SiteSeed,,
4_行動・出来事・困り方,躁鬱仕事辞め,1,20,躁鬱 仕事 辞める,KWP_SiteSeed,,
4_行動・出来事・困り方,塾振替できない,1,20,塾 振替 できない,KWP_SiteSeed,,
4_行動・出来事・困り方,hdかもしれない,1,10,adhd かも しれ ない 相談,KWP_KeywordSeed,,
4_行動・出来事・困り方,校に行きたくない,1,10,hsc 学校 に 行き たく ない,KWP_KeywordSeed,,
4_行動・出来事・困り方,中学受験悩み,1,10,中学 受験 悩み 相談,KWP_KeywordSeed,,
4_行動・出来事・困り方,大学受験悩み,1,10,大学 受験 悩み 相談,KWP_KeywordSeed,,
4_行動・出来事・困り方,高校受験悩み,1,10,高校 受験 悩み 相談,KWP_KeywordSeed,,
4_行動・出来事・困り方,子育て悩み,1,10,子育て 悩み カウンセリング,KWP_KeywordSeed,,
4_行動・出来事・困り方,大人が挑戦したい,1,10,大人 が 挑戦 したい 習い事,KWP_KeywordSeed,,
4_行動・出来事・困り方,習い事したい,1,10,習い事 したい 大人,KWP_KeywordSeed,,
4_行動・出来事・困り方,受験勉強不安,1,10,受験 勉強 不安 集中 できない,KWP_KeywordSeed,,
4_行動・出来事・困り方,資料請求届かない,1,10,z 会 資料 請求 届か ない,KWP_KeywordSeed,,
4_行動・出来事・困り方,そろばんやめ,1,10,そろばん やめる,KWP_SiteSeed,,
4_行動・出来事・困り方,ピックス算数できない,1,10,サピックス 算数 できない,KWP_SiteSeed,,
4_行動・出来事・困り方,一年生漢字できない,1,10,一年生 漢字 できない,KWP_SiteSeed,,
4_行動・出来事・困り方,受験生数学できない,1,10,受験生 数学 できない,KWP_SiteSeed,,
4_行動・出来事・困り方,塾ない,1,10,塾 ない,KWP_SiteSeed,,
4_行動・出来事・困り方,小学生勉強わからない,1,10,小学生 勉強 わからない,KWP_SiteSeed,,
4_行動・出来事・困り方,小学生漢字できない,1,10,小学生 漢字 できない,KWP_SiteSeed,,
4_行動・出来事・困り方,小学生漢字嫌い,1,10,小学生 漢字 嫌い,KWP_SiteSeed,,
4_行動・出来事・困り方,講師悩み,1,10,講師 悩み,KWP_SiteSeed,,
4_行動・出来事・困り方,中学成績下が,1,10,中学 成績 下がる,KWP_SiteSeed,,
4_行動・出来事・困り方,学生英語文法わからない,1,10,中学生 英語 文法 わからない,KWP_SiteSeed,,
4_行動・出来事・困り方,足し算わからない,1,10,足し算 わからない,KWP_SiteSeed,,
4_行動・出来事・困り方,高校生成績下が,1,10,高校生 成績 下がる,KWP_SiteSeed,,
4_行動・出来事・困り方,中学生勉強悩み,1,10,中学生 勉強 悩み,KWP_SiteSeed,,
4_行動・出来事・困り方,adhd会社辞め,1,10,adhd 会社 辞める,KWP_SiteSeed,,
4_行動・出来事・困り方,学校朝泣く,1,10,学校 朝 泣く 高校生,KWP_SiteSeed,,
4_行動・出来事・困り方,移行支援就職できない,1,10,就労 移行 支援 就職 できない 人,KWP_SiteSeed,,
4_行動・出来事・困り方,ーゾーン将来不安,1,0,グレー ゾーン 将来 不安,KWP_KeywordSeed,,
4_行動・出来事・困り方,境界知能将来不安,1,0,境界 知能 将来 不安,KWP_KeywordSeed,,
4_行動・出来事・困り方,hsc将来不安,1,0,hsc 将来 不安,KWP_KeywordSeed,,
4_行動・出来事・困り方,グレーゾーン断ら,1,0,グレー ゾーン 断 られ た,KWP_KeywordSeed,,
4_行動・出来事・困り方,学習障害断ら,1,0,学習 障害 断 られ た,KWP_KeywordSeed,,
4_行動・出来事・困り方,境界知能断ら,1,0,境界 知能 断 られ た,KWP_KeywordSeed,,
4_行動・出来事・困り方,hsc断ら,1,0,hsc 断 られ た,KWP_KeywordSeed,,
4_行動・出来事・困り方,不登校勉強手遅れ,1,0,不登校 勉強 手遅れ,Google_related_search,,
