combination,serp_searched,kwp_keyword_seeded,kwp_url_seeded,discovered_keywords_count,last_round
発達特性/発達障害 × 解決手段/家庭教師,8,138,47,162,3
発達特性/発達障害 × 解決手段/オンライン家庭教師・オンライン塾,2,23,9,16,3
発達特性/発達障害 × 解決手段/塾・個別指導,5,107,30,103,3
発達特性/発達障害 × 解決手段/発達障害専門・支援,1,7,23,85,3
発達特性/発達障害 × 解決手段/療育・福祉サービス,0,18,1,18,3
発達特性/発達障害 × 解決手段/フリースクール・居場所,0,10,0,18,3
発達特性/発達障害 × 解決手段/教材・通信教育・アプリ,1,7,3,40,3
発達特性/発達障害 × 解決手段/医療・診断,1,2,0,30,2
発達特性/発達障害 × 解決手段/ブランド・指名（塾・家庭教師）,4,375,5,204,3
発達特性/発達障害 × 解決手段/ブランド・指名（発達支援・療育・不登校）,0,395,11,78,3
発達特性/発達障害 × 解決手段/知能検査・検査結果,0,0,0,11,2
発達特性/発達障害 × 解決手段/習い事・トレーニング,0,11,0,18,3
発達特性/発達障害 × 解決手段/合理的配慮・学校との連携,0,6,2,9,2
発達特性/発達障害 × 解決手段/相談・カウンセリング,0,0,0,3,2
発達特性/発達障害 × 解決手段/福祉制度・手帳・就労支援,0,0,0,11,2
発達特性/グレーゾーン × 解決手段/家庭教師,1,67,4,69,3
発達特性/グレーゾーン × 解決手段/オンライン家庭教師・オンライン塾,0,14,0,15,3
発達特性/グレーゾーン × 解決手段/塾・個別指導,1,50,6,63,3
発達特性/グレーゾーン × 解決手段/発達障害専門・支援,0,4,4,15,3
発達特性/グレーゾーン × 解決手段/療育・福祉サービス,0,9,0,17,3
発達特性/グレーゾーン × 解決手段/フリースクール・居場所,0,5,0,5,3
発達特性/グレーゾーン × 解決手段/教材・通信教育・アプリ,0,1,0,1,2
発達特性/グレーゾーン × 解決手段/医療・診断,1,2,0,19,2
発達特性/グレーゾーン × 解決手段/ブランド・指名（塾・家庭教師）,0,188,0,182,3
発達特性/グレーゾーン × 解決手段/ブランド・指名（発達支援・療育・不登校）,0,103,1,97,3
発達特性/グレーゾーン × 解決手段/知能検査・検査結果,0,1,0,6,2
発達特性/グレーゾーン × 解決手段/習い事・トレーニング,0,6,0,11,3
発達特性/グレーゾーン × 解決手段/合理的配慮・学校との連携,0,1,0,3,2
発達特性/グレーゾーン × 解決手段/相談・カウンセリング,0,0,0,2,2
発達特性/グレーゾーン × 解決手段/福祉制度・手帳・就労支援,0,0,0,2,1
発達特性/ADHD × 解決手段/家庭教師,1,66,7,65,3
発達特性/ADHD × 解決手段/オンライン家庭教師・オンライン塾,0,14,0,9,3
発達特性/ADHD × 解決手段/塾・個別指導,1,51,5,36,3
発達特性/ADHD × 解決手段/発達障害専門・支援,0,2,3,26,3
発達特性/ADHD × 解決手段/療育・福祉サービス,0,9,0,11,3
発達特性/ADHD × 解決手段/フリースクール・居場所,0,5,0,6,3
発達特性/ADHD × 解決手段/教材・通信教育・アプリ,0,1,0,5,2
発達特性/ADHD × 解決手段/医療・診断,0,1,0,148,2
発達特性/ADHD × 解決手段/ブランド・指名（塾・家庭教師）,0,188,1,85,3
発達特性/ADHD × 解決手段/ブランド・指名（発達支援・療育・不登校）,0,103,0,28,3
発達特性/ADHD × 解決手段/知能検査・検査結果,0,0,0,12,2
発達特性/ADHD × 解決手段/習い事・トレーニング,0,5,0,10,3
発達特性/ADHD × 解決手段/合理的配慮・学校との連携,0,1,0,12,2
発達特性/ADHD × 解決手段/相談・カウンセリング,0,0,0,8,2
発達特性/ADHD × 解決手段/福祉制度・手帳・就労支援,0,0,0,12,2
発達特性/ASD × 解決手段/家庭教師,2,120,4,100,3
発達特性/ASD × 解決手段/オンライン家庭教師・オンライン塾,1,20,0,11,3
発達特性/ASD × 解決手段/塾・個別指導,1,88,3,57,3
発達特性/ASD × 解決手段/発達障害専門・支援,0,3,3,25,3
発達特性/ASD × 解決手段/療育・福祉サービス,0,19,0,11,3
発達特性/ASD × 解決手段/フリースクール・居場所,0,9,0,11,3
発達特性/ASD × 解決手段/教材・通信教育・アプリ,0,1,0,3,2
発達特性/ASD × 解決手段/医療・診断,0,2,0,31,3
発達特性/ASD × 解決手段/ブランド・指名（塾・家庭教師）,0,356,1,218,3
発達特性/ASD × 解決手段/ブランド・指名（発達支援・療育・不登校）,0,202,0,103,3
発達特性/ASD × 解決手段/知能検査・検査結果,0,1,0,4,2
発達特性/ASD × 解決手段/習い事・トレーニング,0,11,0,24,3
発達特性/ASD × 解決手段/合理的配慮・学校との連携,0,1,0,7,2
発達特性/ASD × 解決手段/相談・カウンセリング,0,0,0,1,2
発達特性/ASD × 解決手段/福祉制度・手帳・就労支援,0,0,0,2,2
発達特性/LD・学習障害 × 解決手段/家庭教師,1,119,1,125,3
発達特性/LD・学習障害 × 解決手段/オンライン家庭教師・オンライン塾,1,20,0,21,3
発達特性/LD・学習障害 × 解決手段/塾・個別指導,1,90,12,109,3
発達特性/LD・学習障害 × 解決手段/発達障害専門・支援,2,4,11,63,3
発達特性/LD・学習障害 × 解決手段/療育・福祉サービス,0,19,0,22,3
発達特性/LD・学習障害 × 解決手段/フリースクール・居場所,0,9,0,9,3
発達特性/LD・学習障害 × 解決手段/教材・通信教育・アプリ,0,3,2,25,2
発達特性/LD・学習障害 × 解決手段/医療・診断,0,3,0,51,2
発達特性/LD・学習障害 × 解決手段/ブランド・指名（塾・家庭教師）,0,356,0,337,3
発達特性/LD・学習障害 × 解決手段/ブランド・指名（発達支援・療育・不登校）,0,202,2,192,3
発達特性/LD・学習障害 × 解決手段/知能検査・検査結果,0,1,0,5,2
発達特性/LD・学習障害 × 解決手段/習い事・トレーニング,0,11,0,12,3
発達特性/LD・学習障害 × 解決手段/合理的配慮・学校との連携,0,3,2,10,2
発達特性/LD・学習障害 × 解決手段/相談・カウンセリング,0,0,0,1,2
発達特性/LD・学習障害 × 解決手段/福祉制度・手帳・就労支援,0,0,0,3,2
発達特性/境界知能・知的 × 解決手段/家庭教師,2,65,0,66,3
発達特性/境界知能・知的 × 解決手段/オンライン家庭教師・オンライン塾,1,13,0,13,3
発達特性/境界知能・知的 × 解決手段/塾・個別指導,0,47,0,60,3
発達特性/境界知能・知的 × 解決手段/発達障害専門・支援,0,2,0,16,3
発達特性/境界知能・知的 × 解決手段/療育・福祉サービス,0,10,0,11,3
発達特性/境界知能・知的 × 解決手段/フリースクール・居場所,0,5,0,7,3
発達特性/境界知能・知的 × 解決手段/教材・通信教育・アプリ,0,1,0,3,3
発達特性/境界知能・知的 × 解決手段/医療・診断,0,1,0,20,2
発達特性/境界知能・知的 × 解決手段/ブランド・指名（塾・家庭教師）,0,188,0,183,3
発達特性/境界知能・知的 × 解決手段/ブランド・指名（発達支援・療育・不登校）,0,103,0,94,3
発達特性/境界知能・知的 × 解決手段/知能検査・検査結果,0,0,0,25,2
発達特性/境界知能・知的 × 解決手段/習い事・トレーニング,0,6,0,7,3
発達特性/境界知能・知的 × 解決手段/合理的配慮・学校との連携,0,1,0,1,2
発達特性/境界知能・知的 × 解決手段/相談・カウンセリング,0,0,0,1,2
発達特性/境界知能・知的 × 解決手段/福祉制度・手帳・就労支援,0,0,0,1,1
発達特性/その他の特性 × 解決手段/家庭教師,0,13,0,13,2
発達特性/その他の特性 × 解決手段/オンライン家庭教師・オンライン塾,0,6,0,7,2
発達特性/その他の特性 × 解決手段/塾・個別指導,0,8,0,12,3
発達特性/その他の特性 × 解決手段/発達障害専門・支援,0,1,0,12,2
発達特性/その他の特性 × 解決手段/療育・福祉サービス,0,0,0,6,1
発達特性/その他の特性 × 解決手段/フリースクール・居場所,0,1,0,3,2
発達特性/その他の特性 × 解決手段/教材・通信教育・アプリ,0,1,0,1,2
発達特性/その他の特性 × 解決手段/医療・診断,0,1,0,23,2
発達特性/その他の特性 × 解決手段/ブランド・指名（塾・家庭教師）,0,1,0,5,3
発達特性/その他の特性 × 解決手段/ブランド・指名（発達支援・療育・不登校）,0,0,0,0,
発達特性/その他の特性 × 解決手段/知能検査・検査結果,0,0,0,21,2
発達特性/その他の特性 × 解決手段/習い事・トレーニング,0,1,0,9,2
発達特性/その他の特性 × 解決手段/合理的配慮・学校との連携,0,1,0,1,2
発達特性/その他の特性 × 解決手段/相談・カウンセリング,0,0,0,4,2
発達特性/その他の特性 × 解決手段/福祉制度・手帳・就労支援,0,0,0,2,2
発達特性/発達障害 × 学習課題/勉強できない・しない,1,12,9,29,3
発達特性/発達障害 × 学習課題/勉強方法,2,6,13,31,2
発達特性/発達障害 × 学習課題/集中・注意,0,1,0,13,2
発達特性/発達障害 × 学習課題/宿題・テスト・成績,3,5,19,28,2
発達特性/発達障害 × 学習課題/授業・学校についていけない,1,7,2,18,3
発達特性/発達障害 × 学習課題/記憶・読み書き計算,0,0,0,14,1
発達特性/発達障害 × 学習課題/教科,3,3,19,40,3
発達特性/発達障害 × 学習課題/受験・進路,4,19,16,98,3
発達特性/発達障害 × 学習課題/模試・講習,0,1,0,3,2
発達特性/発達障害 × 学習課題/学び直し・遅れを取り戻す,1,3,2,1,2
発達特性/発達障害 × 学習課題/特性と学力・伸びしろ,0,4,2,15,2
発達特性/発達障害 × 学習課題/一般の学校・学習情報,0,1,0,4,1
発達特性/グレーゾーン × 学習課題/勉強できない・しない,0,8,4,9,3
発達特性/グレーゾーン × 学習課題/勉強方法,0,0,0,5,1
発達特性/グレーゾーン × 学習課題/集中・注意,0,1,0,1,2
発達特性/グレーゾーン × 学習課題/宿題・テスト・成績,0,1,0,6,2
発達特性/グレーゾーン × 学習課題/授業・学校についていけない,1,2,0,2,2
発達特性/グレーゾーン × 学習課題/記憶・読み書き計算,0,1,0,1,2
発達特性/グレーゾーン × 学習課題/教科,0,1,0,5,2
発達特性/グレーゾーン × 学習課題/受験・進路,1,2,8,15,2
発達特性/グレーゾーン × 学習課題/模試・講習,0,1,0,1,2
発達特性/グレーゾーン × 学習課題/学び直し・遅れを取り戻す,0,1,0,1,2
発達特性/グレーゾーン × 学習課題/特性と学力・伸びしろ,0,3,2,3,2
発達特性/グレーゾーン × 学習課題/一般の学校・学習情報,0,0,0,0,
発達特性/ADHD × 学習課題/勉強できない・しない,0,6,3,33,3
発達特性/ADHD × 学習課題/勉強方法,0,1,1,36,2
発達特性/ADHD × 学習課題/集中・注意,2,1,6,38,2
発達特性/ADHD × 学習課題/宿題・テスト・成績,1,1,0,37,2
発達特性/ADHD × 学習課題/授業・学校についていけない,0,1,0,5,2
発達特性/ADHD × 学習課題/記憶・読み書き計算,0,0,0,11,2
発達特性/ADHD × 学習課題/教科,0,0,2,20,2
発達特性/ADHD × 学習課題/受験・進路,0,2,1,43,2
発達特性/ADHD × 学習課題/模試・講習,0,1,0,1,2
発達特性/ADHD × 学習課題/学び直し・遅れを取り戻す,0,1,0,0,2
発達特性/ADHD × 学習課題/特性と学力・伸びしろ,0,0,2,8,2
発達特性/ADHD × 学習課題/一般の学校・学習情報,0,0,0,6,2
発達特性/ASD × 学習課題/勉強できない・しない,0,11,3,20,3
発達特性/ASD × 学習課題/勉強方法,1,1,4,13,1
発達特性/ASD × 学習課題/集中・注意,0,1,0,5,2
発達特性/ASD × 学習課題/宿題・テスト・成績,1,0,0,6,2
発達特性/ASD × 学習課題/授業・学校についていけない,0,2,0,1,2
発達特性/ASD × 学習課題/記憶・読み書き計算,0,1,0,5,2
発達特性/ASD × 学習課題/教科,0,0,1,18,1
発達特性/ASD × 学習課題/受験・進路,0,0,0,27,2
発達特性/ASD × 学習課題/模試・講習,0,1,0,0,2
発達特性/ASD × 学習課題/学び直し・遅れを取り戻す,0,1,0,0,2
発達特性/ASD × 学習課題/特性と学力・伸びしろ,0,1,0,7,2
発達特性/ASD × 学習課題/一般の学校・学習情報,0,0,0,0,
発達特性/LD・学習障害 × 学習課題/勉強できない・しない,0,12,3,14,3
発達特性/LD・学習障害 × 学習課題/勉強方法,0,1,0,47,1
発達特性/LD・学習障害 × 学習課題/集中・注意,0,1,0,1,2
発達特性/LD・学習障害 × 学習課題/宿題・テスト・成績,0,0,0,17,2
発達特性/LD・学習障害 × 学習課題/授業・学校についていけない,0,2,0,4,2
発達特性/LD・学習障害 × 学習課題/記憶・読み書き計算,1,0,5,88,2
発達特性/LD・学習障害 × 学習課題/教科,0,2,1,84,2
発達特性/LD・学習障害 × 学習課題/受験・進路,0,0,2,21,2
発達特性/LD・学習障害 × 学習課題/模試・講習,0,1,0,1,2
発達特性/LD・学習障害 × 学習課題/学び直し・遅れを取り戻す,0,1,0,1,2
発達特性/LD・学習障害 × 学習課題/特性と学力・伸びしろ,0,1,0,2,2
発達特性/LD・学習障害 × 学習課題/一般の学校・学習情報,0,0,0,3,1
発達特性/境界知能・知的 × 学習課題/勉強できない・しない,0,7,0,10,3
発達特性/境界知能・知的 × 学習課題/勉強方法,0,0,0,10,2
発達特性/境界知能・知的 × 学習課題/集中・注意,0,1,0,1,2
発達特性/境界知能・知的 × 学習課題/宿題・テスト・成績,0,0,0,11,2
発達特性/境界知能・知的 × 学習課題/授業・学校についていけない,1,2,0,3,2
発達特性/境界知能・知的 × 学習課題/記憶・読み書き計算,0,1,0,2,2
発達特性/境界知能・知的 × 学習課題/教科,0,1,0,5,2
発達特性/境界知能・知的 × 学習課題/受験・進路,0,2,0,7,2
発達特性/境界知能・知的 × 学習課題/模試・講習,0,1,0,1,2
発達特性/境界知能・知的 × 学習課題/学び直し・遅れを取り戻す,0,1,0,1,2
発達特性/境界知能・知的 × 学習課題/特性と学力・伸びしろ,0,2,2,16,2
発達特性/境界知能・知的 × 学習課題/一般の学校・学習情報,0,0,0,0,
発達特性/その他の特性 × 学習課題/勉強できない・しない,0,2,0,3,2
発達特性/その他の特性 × 学習課題/勉強方法,0,1,0,4,2
発達特性/その他の特性 × 学習課題/集中・注意,0,1,0,2,2
発達特性/その他の特性 × 学習課題/宿題・テスト・成績,0,1,0,11,2
発達特性/その他の特性 × 学習課題/授業・学校についていけない,0,2,0,2,2
発達特性/その他の特性 × 学習課題/記憶・読み書き計算,0,1,0,2,2
発達特性/その他の特性 × 学習課題/教科,0,1,0,1,2
発達特性/その他の特性 × 学習課題/受験・進路,0,0,0,7,2
発達特性/その他の特性 × 学習課題/模試・講習,0,1,0,1,2
発達特性/その他の特性 × 学習課題/学び直し・遅れを取り戻す,0,1,0,1,2
発達特性/その他の特性 × 学習課題/特性と学力・伸びしろ,0,1,0,1,2
発達特性/その他の特性 × 学習課題/一般の学校・学習情報,0,0,0,0,
発達特性/発達障害 × 子どもの属性/小学生,1,11,10,35,3
発達特性/発達障害 × 子どもの属性/中学生,4,20,15,104,3
発達特性/発達障害 × 子どもの属性/高校生,2,20,10,63,3
発達特性/発達障害 × 子どもの属性/受験生,2,20,16,66,3
発達特性/発達障害 × 子どもの属性/不登校,1,23,9,17,3
発達特性/発達障害 × 子どもの属性/幼児・未就学,0,0,2,17,3
発達特性/発達障害 × 子どもの属性/性別・本人,0,0,0,36,2
発達特性/発達障害 × 子どもの属性/学校種別,2,11,2,45,3
発達特性/発達障害 × 子どもの属性/大人・大学生（本人）,0,0,0,31,2
発達特性/グレーゾーン × 子どもの属性/小学生,1,3,0,14,2
発達特性/グレーゾーン × 子どもの属性/中学生,1,5,5,37,3
発達特性/グレーゾーン × 子どもの属性/高校生,1,4,8,18,2
発達特性/グレーゾーン × 子どもの属性/受験生,1,5,8,14,2
発達特性/グレーゾーン × 子どもの属性/不登校,0,9,0,13,3
発達特性/グレーゾーン × 子どもの属性/幼児・未就学,0,0,2,9,2
発達特性/グレーゾーン × 子どもの属性/性別・本人,0,2,0,12,2
発達特性/グレーゾーン × 子どもの属性/学校種別,0,7,0,23,3
発達特性/グレーゾーン × 子どもの属性/大人・大学生（本人）,0,1,0,11,2
発達特性/ADHD × 子どもの属性/小学生,1,3,0,46,2
発達特性/ADHD × 子どもの属性/中学生,0,5,1,60,3
発達特性/ADHD × 子どもの属性/高校生,0,3,1,35,2
発達特性/ADHD × 子どもの属性/受験生,0,5,1,28,2
発達特性/ADHD × 子どもの属性/不登校,0,9,0,14,3
発達特性/ADHD × 子どもの属性/幼児・未就学,0,0,0,15,1
発達特性/ADHD × 子どもの属性/性別・本人,0,0,0,142,2
発達特性/ADHD × 子どもの属性/学校種別,0,6,0,23,3
発達特性/ADHD × 子どもの属性/大人・大学生（本人）,0,0,0,141,2
発達特性/ASD × 子どもの属性/小学生,0,3,0,15,2
発達特性/ASD × 子どもの属性/中学生,1,5,0,22,3
発達特性/ASD × 子どもの属性/高校生,0,3,0,20,2
発達特性/ASD × 子どもの属性/受験生,0,3,0,16,2
発達特性/ASD × 子どもの属性/不登校,0,14,0,7,3
発達特性/ASD × 子どもの属性/幼児・未就学,0,0,0,13,2
発達特性/ASD × 子どもの属性/性別・本人,0,0,0,40,2
発達特性/ASD × 子どもの属性/学校種別,0,10,0,30,3
発達特性/ASD × 子どもの属性/大人・大学生（本人）,0,0,0,51,2
発達特性/LD・学習障害 × 子どもの属性/小学生,0,3,1,39,2
発達特性/LD・学習障害 × 子どもの属性/中学生,0,5,1,50,3
発達特性/LD・学習障害 × 子どもの属性/高校生,0,3,2,24,2
発達特性/LD・学習障害 × 子どもの属性/受験生,0,3,2,15,2
発達特性/LD・学習障害 × 子どもの属性/不登校,0,14,0,12,3
発達特性/LD・学習障害 × 子どもの属性/幼児・未就学,0,1,0,10,2
発達特性/LD・学習障害 × 子どもの属性/性別・本人,0,0,0,31,2
発達特性/LD・学習障害 × 子どもの属性/学校種別,0,10,0,23,3
発達特性/LD・学習障害 × 子どもの属性/大人・大学生（本人）,0,0,0,30,2
発達特性/境界知能・知的 × 子どもの属性/小学生,1,3,0,11,2
発達特性/境界知能・知的 × 子どもの属性/中学生,0,5,0,13,3
発達特性/境界知能・知的 × 子どもの属性/高校生,0,6,0,10,2
発達特性/境界知能・知的 × 子どもの属性/受験生,0,6,0,10,2
発達特性/境界知能・知的 × 子どもの属性/不登校,0,9,0,7,3
発達特性/境界知能・知的 × 子どもの属性/幼児・未就学,0,1,0,4,2
発達特性/境界知能・知的 × 子どもの属性/性別・本人,0,2,0,24,2
発達特性/境界知能・知的 × 子どもの属性/学校種別,0,6,0,18,3
発達特性/境界知能・知的 × 子どもの属性/大人・大学生（本人）,0,1,0,23,2
発達特性/その他の特性 × 子どもの属性/小学生,0,3,0,16,2
発達特性/その他の特性 × 子どもの属性/中学生,0,3,0,14,2
発達特性/その他の特性 × 子どもの属性/高校生,0,3,0,13,2
発達特性/その他の特性 × 子どもの属性/受験生,0,3,0,9,2
発達特性/その他の特性 × 子どもの属性/不登校,0,4,0,19,2
発達特性/その他の特性 × 子どもの属性/幼児・未就学,0,1,0,4,2
発達特性/その他の特性 × 子どもの属性/性別・本人,0,0,0,11,2
発達特性/その他の特性 × 子どもの属性/学校種別,0,2,0,12,2
発達特性/その他の特性 × 子どもの属性/大人・大学生（本人）,0,0,0,15,2
発達特性/発達障害 × 検討行動/比較・おすすめ,1,24,2,14,3
発達特性/発達障害 × 検討行動/評判・口コミ,2,277,7,107,3
発達特性/発達障害 × 検討行動/料金・費用,2,165,10,56,3
発達特性/発達障害 × 検討行動/体験・申込・相談,1,35,6,35,3
発達特性/発達障害 × 検討行動/合わない・乗り換え,3,21,9,18,3
発達特性/発達障害 × 検討行動/サービス詳細・利用条件,0,4,0,0,3
発達特性/発達障害 × 検討行動/不安・ネガティブ確認,0,22,0,6,3
発達特性/発達障害 × 検討行動/利用中・会員の手続き,0,0,0,0,
発達特性/グレーゾーン × 検討行動/比較・おすすめ,0,1,0,4,2
発達特性/グレーゾーン × 検討行動/評判・口コミ,0,120,1,117,3
発達特性/グレーゾーン × 検討行動/料金・費用,0,61,1,59,3
発達特性/グレーゾーン × 検討行動/体験・申込・相談,0,2,2,16,2
発達特性/グレーゾーン × 検討行動/合わない・乗り換え,0,5,2,4,2
発達特性/グレーゾーン × 検討行動/サービス詳細・利用条件,0,1,0,1,2
発達特性/グレーゾーン × 検討行動/不安・ネガティブ確認,0,0,0,0,
発達特性/グレーゾーン × 検討行動/利用中・会員の手続き,0,0,0,0,
発達特性/ADHD × 検討行動/比較・おすすめ,0,0,0,27,2
発達特性/ADHD × 検討行動/評判・口コミ,0,119,1,51,3
発達特性/ADHD × 検討行動/料金・費用,0,59,1,27,3
発達特性/ADHD × 検討行動/体験・申込・相談,0,1,0,39,2
発達特性/ADHD × 検討行動/合わない・乗り換え,0,5,2,13,2
発達特性/ADHD × 検討行動/サービス詳細・利用条件,0,1,0,3,2
発達特性/ADHD × 検討行動/不安・ネガティブ確認,0,0,0,4,2
発達特性/ADHD × 検討行動/利用中・会員の手続き,0,0,0,1,1
発達特性/ASD × 検討行動/比較・おすすめ,0,1,0,28,2
発達特性/ASD × 検討行動/評判・口コミ,0,231,1,133,3
発達特性/ASD × 検討行動/料金・費用,0,116,1,69,3
発達特性/ASD × 検討行動/体験・申込・相談,0,2,0,18,2
発達特性/ASD × 検討行動/合わない・乗り換え,0,3,0,1,2
発達特性/ASD × 検討行動/サービス詳細・利用条件,0,1,0,1,2
発達特性/ASD × 検討行動/不安・ネガティブ確認,0,0,0,1,1
発達特性/ASD × 検討行動/利用中・会員の手続き,0,0,0,0,
発達特性/LD・学習障害 × 検討行動/比較・おすすめ,0,1,0,13,2
発達特性/LD・学習障害 × 検討行動/評判・口コミ,0,230,1,225,3
発達特性/LD・学習障害 × 検討行動/料金・費用,0,115,1,110,3
発達特性/LD・学習障害 × 検討行動/体験・申込・相談,0,1,0,17,2
発達特性/LD・学習障害 × 検討行動/合わない・乗り換え,0,3,0,3,2
発達特性/LD・学習障害 × 検討行動/サービス詳細・利用条件,0,1,0,1,2
発達特性/LD・学習障害 × 検討行動/不安・ネガティブ確認,0,0,0,0,
発達特性/LD・学習障害 × 検討行動/利用中・会員の手続き,0,0,0,0,
発達特性/境界知能・知的 × 検討行動/比較・おすすめ,0,1,0,5,2
発達特性/境界知能・知的 × 検討行動/評判・口コミ,0,120,0,123,3
発達特性/境界知能・知的 × 検討行動/料金・費用,0,61,0,61,3
発達特性/境界知能・知的 × 検討行動/体験・申込・相談,0,2,0,6,2
発達特性/境界知能・知的 × 検討行動/合わない・乗り換え,0,3,0,3,2
発達特性/境界知能・知的 × 検討行動/サービス詳細・利用条件,0,1,0,1,2
発達特性/境界知能・知的 × 検討行動/不安・ネガティブ確認,0,0,0,0,
発達特性/境界知能・知的 × 検討行動/利用中・会員の手続き,0,0,0,0,
発達特性/その他の特性 × 検討行動/比較・おすすめ,0,1,0,17,2
発達特性/その他の特性 × 検討行動/評判・口コミ,0,1,2,12,2
発達特性/その他の特性 × 検討行動/料金・費用,0,2,0,4,2
発達特性/その他の特性 × 検討行動/体験・申込・相談,0,2,2,14,2
発達特性/その他の特性 × 検討行動/合わない・乗り換え,0,3,0,5,2
発達特性/その他の特性 × 検討行動/サービス詳細・利用条件,0,1,0,1,2
発達特性/その他の特性 × 検討行動/不安・ネガティブ確認,0,0,0,2,2
発達特性/その他の特性 × 検討行動/利用中・会員の手続き,0,0,0,0,
発達特性/発達障害 × 保護者の悩み/親が教えられない,0,1,0,2,2
発達特性/発達障害 × 保護者の悩み/家で勉強しない,0,2,0,3,2
発達特性/発達障害 × 保護者の悩み/塾が合わない・集団が苦手,1,2,7,1,2
発達特性/発達障害 × 保護者の悩み/専門の先生を探す,0,1,0,3,2
発達特性/発達障害 × 保護者の悩み/将来・進路不安,0,2,0,23,2
発達特性/発達障害 × 保護者の悩み/ゲーム・スマホ・生活・反抗,0,1,0,14,2
発達特性/発達障害 × 保護者の悩み/親自身・子育ての辛さ,0,1,0,5,3
発達特性/発達障害 × 保護者の悩み/行動・情緒・対人の困りごと,0,0,0,9,2
発達特性/グレーゾーン × 保護者の悩み/親が教えられない,0,1,0,2,2
発達特性/グレーゾーン × 保護者の悩み/家で勉強しない,0,1,0,1,2
発達特性/グレーゾーン × 保護者の悩み/塾が合わない・集団が苦手,0,3,2,2,2
発達特性/グレーゾーン × 保護者の悩み/専門の先生を探す,0,1,0,1,2
発達特性/グレーゾーン × 保護者の悩み/将来・進路不安,0,1,0,9,2
発達特性/グレーゾーン × 保護者の悩み/ゲーム・スマホ・生活・反抗,0,1,0,4,2
発達特性/グレーゾーン × 保護者の悩み/親自身・子育ての辛さ,0,1,0,4,2
発達特性/グレーゾーン × 保護者の悩み/行動・情緒・対人の困りごと,0,1,0,5,2
発達特性/ADHD × 保護者の悩み/親が教えられない,0,0,0,6,1
発達特性/ADHD × 保護者の悩み/家で勉強しない,0,1,0,4,2
発達特性/ADHD × 保護者の悩み/塾が合わない・集団が苦手,0,1,2,0,2
発達特性/ADHD × 保護者の悩み/専門の先生を探す,0,1,0,1,2
発達特性/ADHD × 保護者の悩み/将来・進路不安,0,0,0,71,2
発達特性/ADHD × 保護者の悩み/ゲーム・スマホ・生活・反抗,0,0,0,5,2
発達特性/ADHD × 保護者の悩み/親自身・子育ての辛さ,0,0,0,13,3
発達特性/ADHD × 保護者の悩み/行動・情緒・対人の困りごと,0,0,0,33,2
発達特性/ASD × 保護者の悩み/親が教えられない,0,1,0,2,2
発達特性/ASD × 保護者の悩み/家で勉強しない,0,1,0,0,2
発達特性/ASD × 保護者の悩み/塾が合わない・集団が苦手,0,1,0,0,2
発達特性/ASD × 保護者の悩み/専門の先生を探す,0,1,0,0,2
発達特性/ASD × 保護者の悩み/将来・進路不安,0,0,0,51,2
発達特性/ASD × 保護者の悩み/ゲーム・スマホ・生活・反抗,0,1,0,12,2
発達特性/ASD × 保護者の悩み/親自身・子育ての辛さ,0,0,0,7,2
発達特性/ASD × 保護者の悩み/行動・情緒・対人の困りごと,0,0,0,24,2
発達特性/LD・学習障害 × 保護者の悩み/親が教えられない,0,1,0,1,2
発達特性/LD・学習障害 × 保護者の悩み/家で勉強しない,0,1,0,3,2
発達特性/LD・学習障害 × 保護者の悩み/塾が合わない・集団が苦手,0,1,0,1,2
発達特性/LD・学習障害 × 保護者の悩み/専門の先生を探す,0,1,0,1,2
発達特性/LD・学習障害 × 保護者の悩み/将来・進路不安,0,0,0,19,2
発達特性/LD・学習障害 × 保護者の悩み/ゲーム・スマホ・生活・反抗,0,1,0,3,2
発達特性/LD・学習障害 × 保護者の悩み/親自身・子育ての辛さ,0,1,0,4,2
発達特性/LD・学習障害 × 保護者の悩み/行動・情緒・対人の困りごと,0,1,0,2,2
発達特性/境界知能・知的 × 保護者の悩み/親が教えられない,0,1,0,2,2
発達特性/境界知能・知的 × 保護者の悩み/家で勉強しない,0,1,0,3,2
発達特性/境界知能・知的 × 保護者の悩み/塾が合わない・集団が苦手,0,1,0,1,2
発達特性/境界知能・知的 × 保護者の悩み/専門の先生を探す,0,1,0,1,2
発達特性/境界知能・知的 × 保護者の悩み/将来・進路不安,0,1,0,11,2
発達特性/境界知能・知的 × 保護者の悩み/ゲーム・スマホ・生活・反抗,0,1,0,4,2
発達特性/境界知能・知的 × 保護者の悩み/親自身・子育ての辛さ,0,1,0,1,2
発達特性/境界知能・知的 × 保護者の悩み/行動・情緒・対人の困りごと,0,1,0,2,2
発達特性/その他の特性 × 保護者の悩み/親が教えられない,0,1,0,1,2
発達特性/その他の特性 × 保護者の悩み/家で勉強しない,0,1,0,1,2
発達特性/その他の特性 × 保護者の悩み/塾が合わない・集団が苦手,0,1,0,1,2
発達特性/その他の特性 × 保護者の悩み/専門の先生を探す,0,1,0,1,2
発達特性/その他の特性 × 保護者の悩み/将来・進路不安,0,1,0,14,2
発達特性/その他の特性 × 保護者の悩み/ゲーム・スマホ・生活・反抗,0,1,0,2,2
発達特性/その他の特性 × 保護者の悩み/親自身・子育ての辛さ,0,1,0,4,2
発達特性/その他の特性 × 保護者の悩み/行動・情緒・対人の困りごと,0,1,0,13,2
発達特性/発達障害 × シチュエーション・出来事/診断・気づき,1,1,0,12,2
発達特性/発達障害 × シチュエーション・出来事/断られた・合わなかった,1,8,4,5,3
発達特性/発達障害 × シチュエーション・出来事/時期・節目,1,0,2,5,2
発達特性/発達障害 × シチュエーション・出来事/学級・学校の移行・転籍,0,3,2,2,2
発達特性/発達障害 × シチュエーション・出来事/特性を調べる（とは・特徴・チェック）,0,5,2,47,3
発達特性/発達障害 × シチュエーション・出来事/就学準備・就学先,1,4,2,7,2
発達特性/グレーゾーン × シチュエーション・出来事/診断・気づき,0,1,0,1,2
発達特性/グレーゾーン × シチュエーション・出来事/断られた・合わなかった,0,1,2,1,2
発達特性/グレーゾーン × シチュエーション・出来事/時期・節目,0,3,2,2,2
発達特性/グレーゾーン × シチュエーション・出来事/学級・学校の移行・転籍,0,1,0,1,2
発達特性/グレーゾーン × シチュエーション・出来事/特性を調べる（とは・特徴・チェック）,0,1,2,34,3
発達特性/グレーゾーン × シチュエーション・出来事/就学準備・就学先,0,4,2,4,2
発達特性/ADHD × シチュエーション・出来事/診断・気づき,0,1,0,20,2
発達特性/ADHD × シチュエーション・出来事/断られた・合わなかった,0,3,2,0,2
発達特性/ADHD × シチュエーション・出来事/時期・節目,0,1,0,2,2
発達特性/ADHD × シチュエーション・出来事/学級・学校の移行・転籍,0,1,0,2,2
発達特性/ADHD × シチュエーション・出来事/特性を調べる（とは・特徴・チェック）,0,1,2,158,3
発達特性/ADHD × シチュエーション・出来事/就学準備・就学先,0,2,0,3,2
発達特性/ASD × シチュエーション・出来事/診断・気づき,0,1,0,7,3
発達特性/ASD × シチュエーション・出来事/断られた・合わなかった,0,1,0,0,2
発達特性/ASD × シチュエーション・出来事/時期・節目,0,1,0,0,2
発達特性/ASD × シチュエーション・出来事/学級・学校の移行・転籍,0,1,0,0,2
発達特性/ASD × シチュエーション・出来事/特性を調べる（とは・特徴・チェック）,0,1,0,70,2
発達特性/ASD × シチュエーション・出来事/就学準備・就学先,0,2,0,0,2
発達特性/LD・学習障害 × シチュエーション・出来事/診断・気づき,0,1,0,3,2
発達特性/LD・学習障害 × シチュエーション・出来事/断られた・合わなかった,0,1,0,1,2
発達特性/LD・学習障害 × シチュエーション・出来事/時期・節目,0,1,0,1,2
発達特性/LD・学習障害 × シチュエーション・出来事/学級・学校の移行・転籍,0,1,0,1,2
発達特性/LD・学習障害 × シチュエーション・出来事/特性を調べる（とは・特徴・チェック）,0,1,0,92,2
発達特性/LD・学習障害 × シチュエーション・出来事/就学準備・就学先,0,2,0,2,2
発達特性/境界知能・知的 × シチュエーション・出来事/診断・気づき,0,1,0,2,2
発達特性/境界知能・知的 × シチュエーション・出来事/断られた・合わなかった,0,1,0,1,2
発達特性/境界知能・知的 × シチュエーション・出来事/時期・節目,0,1,0,1,2
発達特性/境界知能・知的 × シチュエーション・出来事/学級・学校の移行・転籍,0,1,0,1,2
発達特性/境界知能・知的 × シチュエーション・出来事/特性を調べる（とは・特徴・チェック）,0,0,2,29,2
発達特性/境界知能・知的 × シチュエーション・出来事/就学準備・就学先,0,2,0,2,2
発達特性/その他の特性 × シチュエーション・出来事/診断・気づき,0,1,0,1,2
発達特性/その他の特性 × シチュエーション・出来事/断られた・合わなかった,0,1,0,1,2
発達特性/その他の特性 × シチュエーション・出来事/時期・節目,0,1,0,1,2
発達特性/その他の特性 × シチュエーション・出来事/学級・学校の移行・転籍,0,1,0,1,2
発達特性/その他の特性 × シチュエーション・出来事/特性を調べる（とは・特徴・チェック）,0,0,0,32,2
発達特性/その他の特性 × シチュエーション・出来事/就学準備・就学先,0,2,0,3,2
子どもの属性/小学生 × 解決手段/家庭教師,0,42,0,78,3
子どもの属性/小学生 × 解決手段/オンライン家庭教師・オンライン塾,0,12,0,84,3
子どもの属性/小学生 × 解決手段/塾・個別指導,1,21,0,385,3
子どもの属性/小学生 × 解決手段/発達障害専門・支援,0,2,1,58,3
子どもの属性/小学生 × 解決手段/療育・福祉サービス,0,5,1,24,3
子どもの属性/小学生 × 解決手段/フリースクール・居場所,0,2,0,29,3
子どもの属性/小学生 × 解決手段/教材・通信教育・アプリ,0,0,0,127,3
子どもの属性/小学生 × 解決手段/医療・診断,0,0,0,13,2
子どもの属性/小学生 × 解決手段/ブランド・指名（塾・家庭教師）,0,73,0,182,3
子どもの属性/小学生 × 解決手段/ブランド・指名（発達支援・療育・不登校）,0,39,3,41,3
子どもの属性/小学生 × 解決手段/知能検査・検査結果,0,0,0,8,2
子どもの属性/小学生 × 解決手段/習い事・トレーニング,0,2,0,113,3
子どもの属性/小学生 × 解決手段/合理的配慮・学校との連携,0,1,0,5,2
子どもの属性/小学生 × 解決手段/相談・カウンセリング,0,0,0,3,2
子どもの属性/小学生 × 解決手段/福祉制度・手帳・就労支援,0,0,0,0,
子どもの属性/中学生 × 解決手段/家庭教師,0,68,0,126,3
子どもの属性/中学生 × 解決手段/オンライン家庭教師・オンライン塾,0,16,0,89,3
子どもの属性/中学生 × 解決手段/塾・個別指導,1,34,0,519,3
子どもの属性/中学生 × 解決手段/発達障害専門・支援,1,2,5,49,3
子どもの属性/中学生 × 解決手段/療育・福祉サービス,1,7,5,25,3
子どもの属性/中学生 × 解決手段/フリースクール・居場所,0,3,0,29,3
子どもの属性/中学生 × 解決手段/教材・通信教育・アプリ,0,1,0,117,3
子どもの属性/中学生 × 解決手段/医療・診断,0,1,0,34,2
子どもの属性/中学生 × 解決手段/ブランド・指名（塾・家庭教師）,0,146,0,445,3
子どもの属性/中学生 × 解決手段/ブランド・指名（発達支援・療育・不登校）,0,133,2,135,3
子どもの属性/中学生 × 解決手段/知能検査・検査結果,0,1,0,9,2
子どもの属性/中学生 × 解決手段/習い事・トレーニング,0,4,0,47,3
子どもの属性/中学生 × 解決手段/合理的配慮・学校との連携,0,1,0,4,2
子どもの属性/中学生 × 解決手段/相談・カウンセリング,0,0,0,7,2
子どもの属性/中学生 × 解決手段/福祉制度・手帳・就労支援,0,0,0,0,
子どもの属性/高校生 × 解決手段/家庭教師,0,68,0,112,3
子どもの属性/高校生 × 解決手段/オンライン家庭教師・オンライン塾,1,16,0,46,3
子どもの属性/高校生 × 解決手段/塾・個別指導,1,35,0,435,3
子どもの属性/高校生 × 解決手段/発達障害専門・支援,1,5,2,30,3
子どもの属性/高校生 × 解決手段/療育・福祉サービス,0,6,0,16,3
子どもの属性/高校生 × 解決手段/フリースクール・居場所,0,3,0,15,3
子どもの属性/高校生 × 解決手段/教材・通信教育・アプリ,0,0,2,21,3
子どもの属性/高校生 × 解決手段/医療・診断,0,1,0,14,2
子どもの属性/高校生 × 解決手段/ブランド・指名（塾・家庭教師）,0,146,0,359,3
子どもの属性/高校生 × 解決手段/ブランド・指名（発達支援・療育・不登校）,0,78,1,80,3
子どもの属性/高校生 × 解決手段/知能検査・検査結果,0,1,0,2,2
子どもの属性/高校生 × 解決手段/習い事・トレーニング,0,4,0,16,3
子どもの属性/高校生 × 解決手段/合理的配慮・学校との連携,0,3,2,10,2
子どもの属性/高校生 × 解決手段/相談・カウンセリング,0,0,0,9,2
子どもの属性/高校生 × 解決手段/福祉制度・手帳・就労支援,0,0,0,0,
子どもの属性/受験生 × 解決手段/家庭教師,0,92,0,144,3
子どもの属性/受験生 × 解決手段/オンライン家庭教師・オンライン塾,0,19,0,48,3
子どもの属性/受験生 × 解決手段/塾・個別指導,0,47,0,244,3
子どもの属性/受験生 × 解決手段/発達障害専門・支援,1,6,2,23,3
子どもの属性/受験生 × 解決手段/療育・福祉サービス,0,10,0,10,3
子どもの属性/受験生 × 解決手段/フリースクール・居場所,0,4,0,5,3
子どもの属性/受験生 × 解決手段/教材・通信教育・アプリ,0,0,2,11,2
子どもの属性/受験生 × 解決手段/医療・診断,0,2,0,18,2
子どもの属性/受験生 × 解決手段/ブランド・指名（塾・家庭教師）,0,219,0,462,3
子どもの属性/受験生 × 解決手段/ブランド・指名（発達支援・療育・不登校）,0,117,1,114,3
子どもの属性/受験生 × 解決手段/知能検査・検査結果,0,1,0,7,2
子どもの属性/受験生 × 解決手段/習い事・トレーニング,0,6,0,16,3
子どもの属性/受験生 × 解決手段/合理的配慮・学校との連携,0,7,2,9,2
子どもの属性/受験生 × 解決手段/相談・カウンセリング,0,0,0,5,2
子どもの属性/受験生 × 解決手段/福祉制度・手帳・就労支援,0,0,0,0,
子どもの属性/不登校 × 解決手段/家庭教師,1,70,9,116,3
子どもの属性/不登校 × 解決手段/オンライン家庭教師・オンライン塾,1,15,9,33,3
子どもの属性/不登校 × 解決手段/塾・個別指導,0,48,0,101,3
子どもの属性/不登校 × 解決手段/発達障害専門・支援,0,2,0,21,3
子どもの属性/不登校 × 解決手段/療育・福祉サービス,0,10,0,28,3
子どもの属性/不登校 × 解決手段/フリースクール・居場所,0,4,0,29,3
子どもの属性/不登校 × 解決手段/教材・通信教育・アプリ,0,2,0,10,3
子どもの属性/不登校 × 解決手段/医療・診断,0,2,0,17,2
子どもの属性/不登校 × 解決手段/ブランド・指名（塾・家庭教師）,0,187,2,197,3
子どもの属性/不登校 × 解決手段/ブランド・指名（発達支援・療育・不登校）,0,242,3,201,3
子どもの属性/不登校 × 解決手段/知能検査・検査結果,0,1,0,2,2
子どもの属性/不登校 × 解決手段/習い事・トレーニング,0,6,0,21,3
子どもの属性/不登校 × 解決手段/合理的配慮・学校との連携,0,1,0,1,2
子どもの属性/不登校 × 解決手段/相談・カウンセリング,0,0,0,2,2
子どもの属性/不登校 × 解決手段/福祉制度・手帳・就労支援,0,0,0,0,
子どもの属性/幼児・未就学 × 解決手段/家庭教師,0,2,0,11,2
子どもの属性/幼児・未就学 × 解決手段/オンライン家庭教師・オンライン塾,0,1,0,1,2
子どもの属性/幼児・未就学 × 解決手段/塾・個別指導,0,1,0,12,2
子どもの属性/幼児・未就学 × 解決手段/発達障害専門・支援,0,1,0,4,2
子どもの属性/幼児・未就学 × 解決手段/療育・福祉サービス,0,0,0,33,2
子どもの属性/幼児・未就学 × 解決手段/フリースクール・居場所,0,1,0,2,2
子どもの属性/幼児・未就学 × 解決手段/教材・通信教育・アプリ,0,1,0,16,2
子どもの属性/幼児・未就学 × 解決手段/医療・診断,0,2,0,18,2
子どもの属性/幼児・未就学 × 解決手段/ブランド・指名（塾・家庭教師）,0,1,0,30,3
子どもの属性/幼児・未就学 × 解決手段/ブランド・指名（発達支援・療育・不登校）,0,0,0,0,
子どもの属性/幼児・未就学 × 解決手段/知能検査・検査結果,0,1,0,8,2
子どもの属性/幼児・未就学 × 解決手段/習い事・トレーニング,0,1,0,13,2
子どもの属性/幼児・未就学 × 解決手段/合理的配慮・学校との連携,0,1,0,1,2
子どもの属性/幼児・未就学 × 解決手段/相談・カウンセリング,0,0,0,1,2
子どもの属性/幼児・未就学 × 解決手段/福祉制度・手帳・就労支援,0,0,0,0,
子どもの属性/性別・本人 × 解決手段/家庭教師,0,1,0,19,3
子どもの属性/性別・本人 × 解決手段/オンライン家庭教師・オンライン塾,0,1,0,7,2
子どもの属性/性別・本人 × 解決手段/塾・個別指導,0,1,0,18,3
子どもの属性/性別・本人 × 解決手段/発達障害専門・支援,0,1,0,6,2
子どもの属性/性別・本人 × 解決手段/療育・福祉サービス,0,2,0,4,2
子どもの属性/性別・本人 × 解決手段/フリースクール・居場所,0,2,0,6,2
子どもの属性/性別・本人 × 解決手段/教材・通信教育・アプリ,0,2,0,17,2
子どもの属性/性別・本人 × 解決手段/医療・診断,0,0,0,45,2
子どもの属性/性別・本人 × 解決手段/ブランド・指名（塾・家庭教師）,0,0,0,22,3
子どもの属性/性別・本人 × 解決手段/ブランド・指名（発達支援・療育・不登校）,0,0,0,1,2
子どもの属性/性別・本人 × 解決手段/知能検査・検査結果,0,0,0,12,2
子どもの属性/性別・本人 × 解決手段/習い事・トレーニング,0,2,0,197,2
子どもの属性/性別・本人 × 解決手段/合理的配慮・学校との連携,0,2,0,4,2
子どもの属性/性別・本人 × 解決手段/相談・カウンセリング,0,0,0,11,2
子どもの属性/性別・本人 × 解決手段/福祉制度・手帳・就労支援,0,0,0,0,
子どもの属性/学校種別 × 解決手段/家庭教師,0,0,0,7,3
子どもの属性/学校種別 × 解決手段/オンライン家庭教師・オンライン塾,0,0,0,13,2
子どもの属性/学校種別 × 解決手段/塾・個別指導,0,1,0,31,3
子どもの属性/学校種別 × 解決手段/発達障害専門・支援,3,32,7,450,2
子どもの属性/学校種別 × 解決手段/療育・福祉サービス,0,1,0,2,2
子どもの属性/学校種別 × 解決手段/フリースクール・居場所,0,108,0,475,3
子どもの属性/学校種別 × 解決手段/教材・通信教育・アプリ,0,2,0,4,3
子どもの属性/学校種別 × 解決手段/医療・診断,0,2,0,6,2
子どもの属性/学校種別 × 解決手段/ブランド・指名（塾・家庭教師）,0,0,0,38,3
子どもの属性/学校種別 × 解決手段/ブランド・指名（発達支援・療育・不登校）,0,87,1,96,3
子どもの属性/学校種別 × 解決手段/知能検査・検査結果,0,1,0,1,2
子どもの属性/学校種別 × 解決手段/習い事・トレーニング,0,1,0,5,2
子どもの属性/学校種別 × 解決手段/合理的配慮・学校との連携,0,1,0,1,2
子どもの属性/学校種別 × 解決手段/相談・カウンセリング,0,0,0,0,
子どもの属性/学校種別 × 解決手段/福祉制度・手帳・就労支援,0,0,0,0,
子どもの属性/大人・大学生（本人） × 解決手段/家庭教師,0,0,0,45,3
子どもの属性/大人・大学生（本人） × 解決手段/オンライン家庭教師・オンライン塾,0,0,0,22,3
子どもの属性/大人・大学生（本人） × 解決手段/塾・個別指導,0,0,0,31,3
子どもの属性/大人・大学生（本人） × 解決手段/発達障害専門・支援,0,0,0,8,2
子どもの属性/大人・大学生（本人） × 解決手段/療育・福祉サービス,0,1,0,3,2
子どもの属性/大人・大学生（本人） × 解決手段/フリースクール・居場所,0,1,0,5,2
子どもの属性/大人・大学生（本人） × 解決手段/教材・通信教育・アプリ,0,1,0,16,2
子どもの属性/大人・大学生（本人） × 解決手段/医療・診断,0,0,0,44,2
子どもの属性/大人・大学生（本人） × 解決手段/ブランド・指名（塾・家庭教師）,0,0,0,35,3
子どもの属性/大人・大学生（本人） × 解決手段/ブランド・指名（発達支援・療育・不登校）,0,0,0,5,2
子どもの属性/大人・大学生（本人） × 解決手段/知能検査・検査結果,0,0,0,12,2
子どもの属性/大人・大学生（本人） × 解決手段/習い事・トレーニング,0,1,0,211,2
子どもの属性/大人・大学生（本人） × 解決手段/合理的配慮・学校との連携,0,1,0,7,2
子どもの属性/大人・大学生（本人） × 解決手段/相談・カウンセリング,0,0,0,10,2
子どもの属性/大人・大学生（本人） × 解決手段/福祉制度・手帳・就労支援,0,0,0,0,
子どもの属性/小学生 × 学習課題/勉強できない・しない,0,2,0,24,3
子どもの属性/小学生 × 学習課題/勉強方法,0,1,0,53,2
子どもの属性/小学生 × 学習課題/集中・注意,1,1,0,16,2
子どもの属性/小学生 × 学習課題/宿題・テスト・成績,1,0,0,216,3
子どもの属性/小学生 × 学習課題/授業・学校についていけない,1,3,2,78,3
子どもの属性/小学生 × 学習課題/記憶・読み書き計算,0,0,0,102,2
子どもの属性/小学生 × 学習課題/教科,0,0,0,316,3
子どもの属性/小学生 × 学習課題/受験・進路,0,0,0,20,3
子どもの属性/小学生 × 学習課題/模試・講習,0,0,0,18,3
子どもの属性/小学生 × 学習課題/学び直し・遅れを取り戻す,0,3,2,9,2
子どもの属性/小学生 × 学習課題/特性と学力・伸びしろ,0,1,0,12,2
子どもの属性/小学生 × 学習課題/一般の学校・学習情報,0,0,0,37,3
子どもの属性/中学生 × 学習課題/勉強できない・しない,1,5,5,181,3
子どもの属性/中学生 × 学習課題/勉強方法,1,0,8,165,2
子どもの属性/中学生 × 学習課題/集中・注意,0,1,0,9,2
子どもの属性/中学生 × 学習課題/宿題・テスト・成績,0,2,0,279,2
子どもの属性/中学生 × 学習課題/授業・学校についていけない,0,3,2,42,3
子どもの属性/中学生 × 学習課題/記憶・読み書き計算,0,0,0,38,2
子どもの属性/中学生 × 学習課題/教科,0,1,0,421,3
子どもの属性/中学生 × 学習課題/受験・進路,2,120,5,839,3
子どもの属性/中学生 × 学習課題/模試・講習,0,0,0,70,3
子どもの属性/中学生 × 学習課題/学び直し・遅れを取り戻す,1,2,2,8,2
子どもの属性/中学生 × 学習課題/特性と学力・伸びしろ,0,0,0,10,2
子どもの属性/中学生 × 学習課題/一般の学校・学習情報,0,0,0,78,3
子どもの属性/高校生 × 学習課題/勉強できない・しない,0,4,0,81,3
子どもの属性/高校生 × 学習課題/勉強方法,0,0,0,155,2
子どもの属性/高校生 × 学習課題/集中・注意,0,1,0,9,2
子どもの属性/高校生 × 学習課題/宿題・テスト・成績,0,0,0,138,3
子どもの属性/高校生 × 学習課題/授業・学校についていけない,0,2,0,46,3
子どもの属性/高校生 × 学習課題/記憶・読み書き計算,0,0,0,15,2
子どもの属性/高校生 × 学習課題/教科,0,0,0,196,3
子どもの属性/高校生 × 学習課題/受験・進路,3,125,18,932,3
子どもの属性/高校生 × 学習課題/模試・講習,0,0,0,56,3
子どもの属性/高校生 × 学習課題/学び直し・遅れを取り戻す,0,1,0,7,2
子どもの属性/高校生 × 学習課題/特性と学力・伸びしろ,0,1,0,13,2
子どもの属性/高校生 × 学習課題/一般の学校・学習情報,0,1,0,102,3
子どもの属性/受験生 × 学習課題/勉強できない・しない,0,6,0,108,3
子どもの属性/受験生 × 学習課題/勉強方法,0,0,0,114,2
子どもの属性/受験生 × 学習課題/集中・注意,0,1,0,27,2
子どもの属性/受験生 × 学習課題/宿題・テスト・成績,0,0,0,30,2
子どもの属性/受験生 × 学習課題/授業・学校についていけない,0,1,0,7,3
子どもの属性/受験生 × 学習課題/記憶・読み書き計算,0,0,0,10,1
子どもの属性/受験生 × 学習課題/教科,0,0,0,89,2
子どもの属性/受験生 × 学習課題/受験・進路,4,353,24,1464,3
子どもの属性/受験生 × 学習課題/模試・講習,0,0,0,18,1
子どもの属性/受験生 × 学習課題/学び直し・遅れを取り戻す,0,1,0,2,2
子どもの属性/受験生 × 学習課題/特性と学力・伸びしろ,0,1,0,5,2
子どもの属性/受験生 × 学習課題/一般の学校・学習情報,0,0,0,20,3
子どもの属性/不登校 × 学習課題/勉強できない・しない,0,5,0,30,3
子どもの属性/不登校 × 学習課題/勉強方法,0,0,0,23,1
子どもの属性/不登校 × 学習課題/集中・注意,0,1,0,2,2
子どもの属性/不登校 × 学習課題/宿題・テスト・成績,0,0,0,5,1
子どもの属性/不登校 × 学習課題/授業・学校についていけない,1,5,2,21,3
子どもの属性/不登校 × 学習課題/記憶・読み書き計算,0,1,0,2,2
子どもの属性/不登校 × 学習課題/教科,0,1,0,4,2
子どもの属性/不登校 × 学習課題/受験・進路,0,6,0,35,3
子どもの属性/不登校 × 学習課題/模試・講習,0,1,0,1,2
子どもの属性/不登校 × 学習課題/学び直し・遅れを取り戻す,1,3,2,11,2
子どもの属性/不登校 × 学習課題/特性と学力・伸びしろ,0,1,0,1,2
子どもの属性/不登校 × 学習課題/一般の学校・学習情報,0,0,0,1,3
子どもの属性/幼児・未就学 × 学習課題/勉強できない・しない,0,1,0,5,2
子どもの属性/幼児・未就学 × 学習課題/勉強方法,0,1,0,3,2
子どもの属性/幼児・未就学 × 学習課題/集中・注意,0,1,0,2,2
子どもの属性/幼児・未就学 × 学習課題/宿題・テスト・成績,0,1,0,14,2
子どもの属性/幼児・未就学 × 学習課題/授業・学校についていけない,0,1,0,6,2
子どもの属性/幼児・未就学 × 学習課題/記憶・読み書き計算,0,1,0,7,2
子どもの属性/幼児・未就学 × 学習課題/教科,0,1,0,13,2
子どもの属性/幼児・未就学 × 学習課題/受験・進路,0,1,0,0,2
子どもの属性/幼児・未就学 × 学習課題/模試・講習,0,1,0,7,2
子どもの属性/幼児・未就学 × 学習課題/学び直し・遅れを取り戻す,0,1,0,0,2
子どもの属性/幼児・未就学 × 学習課題/特性と学力・伸びしろ,0,1,0,1,2
子どもの属性/幼児・未就学 × 学習課題/一般の学校・学習情報,0,0,0,0,
子どもの属性/性別・本人 × 学習課題/勉強できない・しない,0,1,0,43,2
子どもの属性/性別・本人 × 学習課題/勉強方法,0,0,0,9,2
子どもの属性/性別・本人 × 学習課題/集中・注意,0,2,0,9,2
子どもの属性/性別・本人 × 学習課題/宿題・テスト・成績,0,0,0,13,2
子どもの属性/性別・本人 × 学習課題/授業・学校についていけない,0,4,0,4,2
子どもの属性/性別・本人 × 学習課題/記憶・読み書き計算,0,0,0,15,1
子どもの属性/性別・本人 × 学習課題/教科,0,0,0,22,2
子どもの属性/性別・本人 × 学習課題/受験・進路,0,0,0,17,2
子どもの属性/性別・本人 × 学習課題/模試・講習,0,2,0,2,2
子どもの属性/性別・本人 × 学習課題/学び直し・遅れを取り戻す,0,2,0,13,2
子どもの属性/性別・本人 × 学習課題/特性と学力・伸びしろ,0,2,0,8,2
子どもの属性/性別・本人 × 学習課題/一般の学校・学習情報,0,0,0,0,
子どもの属性/学校種別 × 学習課題/勉強できない・しない,0,0,0,13,2
子どもの属性/学校種別 × 学習課題/勉強方法,0,0,0,9,1
子どもの属性/学校種別 × 学習課題/集中・注意,0,1,0,1,2
子どもの属性/学校種別 × 学習課題/宿題・テスト・成績,0,0,0,32,2
子どもの属性/学校種別 × 学習課題/授業・学校についていけない,3,2,4,10,3
子どもの属性/学校種別 × 学習課題/記憶・読み書き計算,0,1,0,3,2
子どもの属性/学校種別 × 学習課題/教科,0,0,0,7,2
子どもの属性/学校種別 × 学習課題/受験・進路,4,6,7,200,3
子どもの属性/学校種別 × 学習課題/模試・講習,0,1,0,2,2
子どもの属性/学校種別 × 学習課題/学び直し・遅れを取り戻す,1,1,0,6,2
子どもの属性/学校種別 × 学習課題/特性と学力・伸びしろ,0,1,0,2,2
子どもの属性/学校種別 × 学習課題/一般の学校・学習情報,0,0,0,49,3
子どもの属性/大人・大学生（本人） × 学習課題/勉強できない・しない,0,1,0,12,2
子どもの属性/大人・大学生（本人） × 学習課題/勉強方法,0,0,0,10,2
子どもの属性/大人・大学生（本人） × 学習課題/集中・注意,0,1,0,9,2
子どもの属性/大人・大学生（本人） × 学習課題/宿題・テスト・成績,0,0,0,8,2
子どもの属性/大人・大学生（本人） × 学習課題/授業・学校についていけない,0,2,0,2,2
子どもの属性/大人・大学生（本人） × 学習課題/記憶・読み書き計算,0,0,0,15,1
子どもの属性/大人・大学生（本人） × 学習課題/教科,0,0,0,52,3
子どもの属性/大人・大学生（本人） × 学習課題/受験・進路,0,0,0,72,3
子どもの属性/大人・大学生（本人） × 学習課題/模試・講習,0,1,0,1,2
子どもの属性/大人・大学生（本人） × 学習課題/学び直し・遅れを取り戻す,0,1,0,13,2
子どもの属性/大人・大学生（本人） × 学習課題/特性と学力・伸びしろ,0,1,0,7,2
子どもの属性/大人・大学生（本人） × 学習課題/一般の学校・学習情報,0,0,0,0,
解決手段/家庭教師 × 検討行動/比較・おすすめ,1,164,2,265,3
解決手段/家庭教師 × 検討行動/評判・口コミ,3,339,6,515,3
解決手段/家庭教師 × 検討行動/料金・費用,3,383,9,708,3
解決手段/家庭教師 × 検討行動/体験・申込・相談,1,236,4,277,3
解決手段/家庭教師 × 検討行動/合わない・乗り換え,1,107,2,119,3
解決手段/家庭教師 × 検討行動/サービス詳細・利用条件,0,28,0,40,3
解決手段/家庭教師 × 検討行動/不安・ネガティブ確認,0,182,0,187,3
解決手段/家庭教師 × 検討行動/利用中・会員の手続き,0,0,0,19,3
解決手段/オンライン家庭教師・オンライン塾 × 検討行動/比較・おすすめ,0,27,0,96,3
解決手段/オンライン家庭教師・オンライン塾 × 検討行動/評判・口コミ,0,45,0,105,3
解決手段/オンライン家庭教師・オンライン塾 × 検討行動/料金・費用,0,54,0,157,3
解決手段/オンライン家庭教師・オンライン塾 × 検討行動/体験・申込・相談,0,36,0,51,3
解決手段/オンライン家庭教師・オンライン塾 × 検討行動/合わない・乗り換え,0,17,0,18,3
解決手段/オンライン家庭教師・オンライン塾 × 検討行動/サービス詳細・利用条件,0,5,0,7,3
解決手段/オンライン家庭教師・オンライン塾 × 検討行動/不安・ネガティブ確認,0,28,0,32,3
解決手段/オンライン家庭教師・オンライン塾 × 検討行動/利用中・会員の手続き,0,0,0,1,1
解決手段/塾・個別指導 × 検討行動/比較・おすすめ,0,82,0,370,3
解決手段/塾・個別指導 × 検討行動/評判・口コミ,1,260,1,618,3
解決手段/塾・個別指導 × 検討行動/料金・費用,0,236,1,1208,3
解決手段/塾・個別指導 × 検討行動/体験・申込・相談,0,118,0,199,3
解決手段/塾・個別指導 × 検討行動/合わない・乗り換え,2,71,9,127,3
解決手段/塾・個別指導 × 検討行動/サービス詳細・利用条件,0,13,0,62,3
解決手段/塾・個別指導 × 検討行動/不安・ネガティブ確認,0,92,0,121,3
解決手段/塾・個別指導 × 検討行動/利用中・会員の手続き,0,0,0,27,3
解決手段/発達障害専門・支援 × 検討行動/比較・おすすめ,0,7,0,10,3
解決手段/発達障害専門・支援 × 検討行動/評判・口コミ,0,7,1,10,3
解決手段/発達障害専門・支援 × 検討行動/料金・費用,0,13,1,17,3
解決手段/発達障害専門・支援 × 検討行動/体験・申込・相談,0,11,0,13,3
解決手段/発達障害専門・支援 × 検討行動/合わない・乗り換え,0,5,0,5,3
解決手段/発達障害専門・支援 × 検討行動/サービス詳細・利用条件,0,2,0,2,3
解決手段/発達障害専門・支援 × 検討行動/不安・ネガティブ確認,0,7,0,9,3
解決手段/発達障害専門・支援 × 検討行動/利用中・会員の手続き,0,0,0,2,2
解決手段/療育・福祉サービス × 検討行動/比較・おすすめ,0,18,0,34,3
解決手段/療育・福祉サービス × 検討行動/評判・口コミ,0,58,0,71,3
解決手段/療育・福祉サービス × 検討行動/料金・費用,0,53,0,68,3
解決手段/療育・福祉サービス × 検討行動/体験・申込・相談,0,27,0,39,3
解決手段/療育・福祉サービス × 検討行動/合わない・乗り換え,0,13,0,15,3
解決手段/療育・福祉サービス × 検討行動/サービス詳細・利用条件,0,3,0,8,3
解決手段/療育・福祉サービス × 検討行動/不安・ネガティブ確認,0,21,0,22,3
解決手段/療育・福祉サービス × 検討行動/利用中・会員の手続き,0,0,0,0,
解決手段/フリースクール・居場所 × 検討行動/比較・おすすめ,0,7,0,14,3
解決手段/フリースクール・居場所 × 検討行動/評判・口コミ,0,27,0,44,3
解決手段/フリースクール・居場所 × 検討行動/料金・費用,0,22,0,41,3
解決手段/フリースクール・居場所 × 検討行動/体験・申込・相談,0,10,0,10,3
解決手段/フリースクール・居場所 × 検討行動/合わない・乗り換え,0,5,0,5,3
解決手段/フリースクール・居場所 × 検討行動/サービス詳細・利用条件,0,2,0,2,3
解決手段/フリースクール・居場所 × 検討行動/不安・ネガティブ確認,0,7,0,7,3
解決手段/フリースクール・居場所 × 検討行動/利用中・会員の手続き,0,0,0,0,
解決手段/教材・通信教育・アプリ × 検討行動/比較・おすすめ,0,0,0,65,3
解決手段/教材・通信教育・アプリ × 検討行動/評判・口コミ,1,1,1,78,3
解決手段/教材・通信教育・アプリ × 検討行動/料金・費用,0,111,1,185,3
解決手段/教材・通信教育・アプリ × 検討行動/体験・申込・相談,0,0,1,13,3
解決手段/教材・通信教育・アプリ × 検討行動/合わない・乗り換え,0,1,0,1,2
解決手段/教材・通信教育・アプリ × 検討行動/サービス詳細・利用条件,0,1,0,2,3
解決手段/教材・通信教育・アプリ × 検討行動/不安・ネガティブ確認,0,0,0,3,3
解決手段/教材・通信教育・アプリ × 検討行動/利用中・会員の手続き,0,0,0,5,3
解決手段/医療・診断 × 検討行動/比較・おすすめ,0,2,0,76,2
解決手段/医療・診断 × 検討行動/評判・口コミ,0,2,0,1000,3
解決手段/医療・診断 × 検討行動/料金・費用,0,2,1,45,3
解決手段/医療・診断 × 検討行動/体験・申込・相談,0,2,0,10,2
解決手段/医療・診断 × 検討行動/合わない・乗り換え,0,2,0,18,2
解決手段/医療・診断 × 検討行動/サービス詳細・利用条件,0,2,0,7,2
解決手段/医療・診断 × 検討行動/不安・ネガティブ確認,0,0,0,26,2
解決手段/医療・診断 × 検討行動/利用中・会員の手続き,0,0,0,0,
解決手段/ブランド・指名（塾・家庭教師） × 検討行動/比較・おすすめ,0,439,0,509,3
解決手段/ブランド・指名（塾・家庭教師） × 検討行動/評判・口コミ,6,1198,3,2054,3
解決手段/ブランド・指名（塾・家庭教師） × 検討行動/料金・費用,1,1183,5,2272,3
解決手段/ブランド・指名（塾・家庭教師） × 検討行動/体験・申込・相談,0,657,5,754,3
解決手段/ブランド・指名（塾・家庭教師） × 検討行動/合わない・乗り換え,0,292,0,371,3
解決手段/ブランド・指名（塾・家庭教師） × 検討行動/サービス詳細・利用条件,0,73,0,150,3
解決手段/ブランド・指名（塾・家庭教師） × 検討行動/不安・ネガティブ確認,0,511,0,560,3
解決手段/ブランド・指名（塾・家庭教師） × 検討行動/利用中・会員の手続き,0,0,0,90,3
解決手段/ブランド・指名（発達支援・療育・不登校） × 検討行動/比較・おすすめ,0,234,0,211,3
解決手段/ブランド・指名（発達支援・療育・不登校） × 検討行動/評判・口コミ,1,664,0,605,3
解決手段/ブランド・指名（発達支援・療育・不登校） × 検討行動/料金・費用,1,639,0,599,3
解決手段/ブランド・指名（発達支援・療育・不登校） × 検討行動/体験・申込・相談,0,351,0,333,3
解決手段/ブランド・指名（発達支援・療育・不登校） × 検討行動/合わない・乗り換え,0,156,0,143,3
解決手段/ブランド・指名（発達支援・療育・不登校） × 検討行動/サービス詳細・利用条件,0,39,0,37,3
解決手段/ブランド・指名（発達支援・療育・不登校） × 検討行動/不安・ネガティブ確認,0,273,0,247,3
解決手段/ブランド・指名（発達支援・療育・不登校） × 検討行動/利用中・会員の手続き,0,0,0,6,3
解決手段/知能検査・検査結果 × 検討行動/比較・おすすめ,0,1,0,22,2
解決手段/知能検査・検査結果 × 検討行動/評判・口コミ,0,1,0,6,2
解決手段/知能検査・検査結果 × 検討行動/料金・費用,0,1,0,38,2
解決手段/知能検査・検査結果 × 検討行動/体験・申込・相談,0,1,0,1,2
解決手段/知能検査・検査結果 × 検討行動/合わない・乗り換え,0,1,0,1,2
解決手段/知能検査・検査結果 × 検討行動/サービス詳細・利用条件,0,1,0,6,2
解決手段/知能検査・検査結果 × 検討行動/不安・ネガティブ確認,0,0,0,1,2
解決手段/知能検査・検査結果 × 検討行動/利用中・会員の手続き,0,0,0,0,
解決手段/習い事・トレーニング × 検討行動/比較・おすすめ,0,12,0,120,3
解決手段/習い事・トレーニング × 検討行動/評判・口コミ,0,32,0,59,3
解決手段/習い事・トレーニング × 検討行動/料金・費用,0,32,0,128,3
解決手段/習い事・トレーニング × 検討行動/体験・申込・相談,0,18,0,29,3
解決手段/習い事・トレーニング × 検討行動/合わない・乗り換え,0,9,0,25,3
解決手段/習い事・トレーニング × 検討行動/サービス詳細・利用条件,0,3,0,7,3
解決手段/習い事・トレーニング × 検討行動/不安・ネガティブ確認,0,14,0,16,3
解決手段/習い事・トレーニング × 検討行動/利用中・会員の手続き,0,0,0,1,1
解決手段/合理的配慮・学校との連携 × 検討行動/比較・おすすめ,0,1,0,1,2
解決手段/合理的配慮・学校との連携 × 検討行動/評判・口コミ,0,1,0,1,2
解決手段/合理的配慮・学校との連携 × 検討行動/料金・費用,0,2,0,2,2
解決手段/合理的配慮・学校との連携 × 検討行動/体験・申込・相談,0,1,0,2,2
解決手段/合理的配慮・学校との連携 × 検討行動/合わない・乗り換え,0,1,0,3,2
解決手段/合理的配慮・学校との連携 × 検討行動/サービス詳細・利用条件,0,1,0,1,2
解決手段/合理的配慮・学校との連携 × 検討行動/不安・ネガティブ確認,0,0,0,0,
解決手段/合理的配慮・学校との連携 × 検討行動/利用中・会員の手続き,0,0,0,0,
解決手段/相談・カウンセリング × 検討行動/比較・おすすめ,0,0,0,6,2
解決手段/相談・カウンセリング × 検討行動/評判・口コミ,0,0,0,2,2
解決手段/相談・カウンセリング × 検討行動/料金・費用,0,0,0,0,
解決手段/相談・カウンセリング × 検討行動/体験・申込・相談,0,0,0,39,2
解決手段/相談・カウンセリング × 検討行動/合わない・乗り換え,0,0,0,0,
解決手段/相談・カウンセリング × 検討行動/サービス詳細・利用条件,0,0,0,0,
解決手段/相談・カウンセリング × 検討行動/不安・ネガティブ確認,0,0,0,0,
解決手段/相談・カウンセリング × 検討行動/利用中・会員の手続き,0,0,0,0,
解決手段/福祉制度・手帳・就労支援 × 検討行動/比較・おすすめ,0,0,0,1,1
解決手段/福祉制度・手帳・就労支援 × 検討行動/評判・口コミ,0,0,0,6,2
解決手段/福祉制度・手帳・就労支援 × 検討行動/料金・費用,0,0,0,4,3
解決手段/福祉制度・手帳・就労支援 × 検討行動/体験・申込・相談,0,0,0,1,1
解決手段/福祉制度・手帳・就労支援 × 検討行動/合わない・乗り換え,0,0,0,0,
解決手段/福祉制度・手帳・就労支援 × 検討行動/サービス詳細・利用条件,0,0,0,0,
解決手段/福祉制度・手帳・就労支援 × 検討行動/不安・ネガティブ確認,0,0,0,0,
解決手段/福祉制度・手帳・就労支援 × 検討行動/利用中・会員の手続き,0,0,0,0,
発達特性/発達障害 × 子どもの属性/小学生 × 解決手段/家庭教師,0,3,0,1,2
発達特性/発達障害 × 子どもの属性/小学生 × 解決手段/オンライン家庭教師・オンライン塾,0,1,0,0,2
発達特性/発達障害 × 子どもの属性/小学生 × 解決手段/塾・個別指導,0,2,0,4,2
発達特性/発達障害 × 子どもの属性/中学生 × 解決手段/家庭教師,0,3,0,3,2
発達特性/発達障害 × 子どもの属性/中学生 × 解決手段/オンライン家庭教師・オンライン塾,0,1,0,1,2
発達特性/発達障害 × 子どもの属性/中学生 × 解決手段/塾・個別指導,0,2,0,8,2
発達特性/発達障害 × 子どもの属性/高校生 × 解決手段/家庭教師,0,3,0,2,2
発達特性/発達障害 × 子どもの属性/高校生 × 解決手段/オンライン家庭教師・オンライン塾,1,1,0,2,2
発達特性/発達障害 × 子どもの属性/高校生 × 解決手段/塾・個別指導,1,3,0,4,2
発達特性/発達障害 × 子どもの属性/受験生 × 解決手段/家庭教師,0,2,0,3,2
発達特性/発達障害 × 子どもの属性/受験生 × 解決手段/オンライン家庭教師・オンライン塾,0,1,0,1,2
発達特性/発達障害 × 子どもの属性/受験生 × 解決手段/塾・個別指導,0,2,0,7,2
発達特性/発達障害 × 子どもの属性/不登校 × 解決手段/家庭教師,0,3,0,2,2
発達特性/発達障害 × 子どもの属性/不登校 × 解決手段/オンライン家庭教師・オンライン塾,0,1,0,0,2
発達特性/発達障害 × 子どもの属性/不登校 × 解決手段/塾・個別指導,0,1,0,1,2
発達特性/グレーゾーン × 子どもの属性/小学生 × 解決手段/家庭教師,0,2,0,2,2
発達特性/グレーゾーン × 子どもの属性/小学生 × 解決手段/オンライン家庭教師・オンライン塾,0,1,0,1,2
発達特性/グレーゾーン × 子どもの属性/小学生 × 解決手段/塾・個別指導,1,1,0,2,2
発達特性/グレーゾーン × 子どもの属性/中学生 × 解決手段/家庭教師,0,2,0,2,2
発達特性/グレーゾーン × 子どもの属性/中学生 × 解決手段/オンライン家庭教師・オンライン塾,0,1,0,1,2
発達特性/グレーゾーン × 子どもの属性/中学生 × 解決手段/塾・個別指導,0,1,0,4,2
発達特性/グレーゾーン × 子どもの属性/高校生 × 解決手段/家庭教師,0,2,0,2,2
発達特性/グレーゾーン × 子どもの属性/高校生 × 解決手段/オンライン家庭教師・オンライン塾,0,1,0,1,2
発達特性/グレーゾーン × 子どもの属性/高校生 × 解決手段/塾・個別指導,0,1,0,1,2
発達特性/グレーゾーン × 子どもの属性/受験生 × 解決手段/家庭教師,0,2,0,2,2
発達特性/グレーゾーン × 子どもの属性/受験生 × 解決手段/オンライン家庭教師・オンライン塾,0,1,0,1,2
発達特性/グレーゾーン × 子どもの属性/受験生 × 解決手段/塾・個別指導,0,1,0,2,2
発達特性/グレーゾーン × 子どもの属性/不登校 × 解決手段/家庭教師,0,2,0,2,2
発達特性/グレーゾーン × 子どもの属性/不登校 × 解決手段/オンライン家庭教師・オンライン塾,0,1,0,1,2
発達特性/グレーゾーン × 子どもの属性/不登校 × 解決手段/塾・個別指導,0,1,0,1,2
発達特性/ADHD × 子どもの属性/小学生 × 解決手段/家庭教師,0,2,0,1,2
発達特性/ADHD × 子どもの属性/小学生 × 解決手段/オンライン家庭教師・オンライン塾,0,1,0,0,2
発達特性/ADHD × 子どもの属性/小学生 × 解決手段/塾・個別指導,0,1,0,2,2
発達特性/ADHD × 子どもの属性/中学生 × 解決手段/家庭教師,0,2,0,3,2
発達特性/ADHD × 子どもの属性/中学生 × 解決手段/オンライン家庭教師・オンライン塾,0,1,0,1,2
発達特性/ADHD × 子どもの属性/中学生 × 解決手段/塾・個別指導,0,1,0,4,2
発達特性/ADHD × 子どもの属性/高校生 × 解決手段/家庭教師,0,2,0,2,2
発達特性/ADHD × 子どもの属性/高校生 × 解決手段/オンライン家庭教師・オンライン塾,0,1,0,1,2
発達特性/ADHD × 子どもの属性/高校生 × 解決手段/塾・個別指導,0,1,0,2,2
発達特性/ADHD × 子どもの属性/受験生 × 解決手段/家庭教師,0,2,0,3,2
発達特性/ADHD × 子どもの属性/受験生 × 解決手段/オンライン家庭教師・オンライン塾,0,1,0,1,2
発達特性/ADHD × 子どもの属性/受験生 × 解決手段/塾・個別指導,0,1,0,4,2
発達特性/ADHD × 子どもの属性/不登校 × 解決手段/家庭教師,0,2,0,0,2
発達特性/ADHD × 子どもの属性/不登校 × 解決手段/オンライン家庭教師・オンライン塾,0,1,0,0,2
発達特性/ADHD × 子どもの属性/不登校 × 解決手段/塾・個別指導,0,1,0,0,2
発達特性/ASD × 子どもの属性/小学生 × 解決手段/家庭教師,0,2,0,0,2
発達特性/ASD × 子どもの属性/小学生 × 解決手段/オンライン家庭教師・オンライン塾,0,1,0,0,2
発達特性/ASD × 子どもの属性/小学生 × 解決手段/塾・個別指導,0,1,0,1,2
発達特性/ASD × 子どもの属性/中学生 × 解決手段/家庭教師,0,2,0,1,2
発達特性/ASD × 子どもの属性/中学生 × 解決手段/オンライン家庭教師・オンライン塾,0,1,0,0,2
発達特性/ASD × 子どもの属性/中学生 × 解決手段/塾・個別指導,1,1,0,3,2
発達特性/ASD × 子どもの属性/高校生 × 解決手段/家庭教師,0,2,0,2,2
発達特性/ASD × 子どもの属性/高校生 × 解決手段/オンライン家庭教師・オンライン塾,0,1,0,1,2
発達特性/ASD × 子どもの属性/高校生 × 解決手段/塾・個別指導,0,1,0,0,2
発達特性/ASD × 子どもの属性/受験生 × 解決手段/家庭教師,0,2,0,2,2
発達特性/ASD × 子どもの属性/受験生 × 解決手段/オンライン家庭教師・オンライン塾,0,1,0,1,2
発達特性/ASD × 子どもの属性/受験生 × 解決手段/塾・個別指導,0,1,0,0,2
発達特性/ASD × 子どもの属性/不登校 × 解決手段/家庭教師,0,2,0,0,2
発達特性/ASD × 子どもの属性/不登校 × 解決手段/オンライン家庭教師・オンライン塾,0,1,0,0,2
発達特性/ASD × 子どもの属性/不登校 × 解決手段/塾・個別指導,0,1,0,0,2
発達特性/LD・学習障害 × 子どもの属性/小学生 × 解決手段/家庭教師,0,2,0,2,2
発達特性/LD・学習障害 × 子どもの属性/小学生 × 解決手段/オンライン家庭教師・オンライン塾,0,1,0,1,2
発達特性/LD・学習障害 × 子どもの属性/小学生 × 解決手段/塾・個別指導,0,1,0,3,2
発達特性/LD・学習障害 × 子どもの属性/中学生 × 解決手段/家庭教師,0,2,0,2,2
発達特性/LD・学習障害 × 子どもの属性/中学生 × 解決手段/オンライン家庭教師・オンライン塾,0,1,0,1,2
発達特性/LD・学習障害 × 子どもの属性/中学生 × 解決手段/塾・個別指導,0,1,0,2,2
発達特性/LD・学習障害 × 子どもの属性/高校生 × 解決手段/家庭教師,0,2,0,2,2
発達特性/LD・学習障害 × 子どもの属性/高校生 × 解決手段/オンライン家庭教師・オンライン塾,0,1,0,1,2
発達特性/LD・学習障害 × 子どもの属性/高校生 × 解決手段/塾・個別指導,0,1,0,1,2
発達特性/LD・学習障害 × 子どもの属性/受験生 × 解決手段/家庭教師,0,2,0,2,2
発達特性/LD・学習障害 × 子どもの属性/受験生 × 解決手段/オンライン家庭教師・オンライン塾,0,1,0,1,2
発達特性/LD・学習障害 × 子どもの属性/受験生 × 解決手段/塾・個別指導,0,1,0,1,2
発達特性/LD・学習障害 × 子どもの属性/不登校 × 解決手段/家庭教師,0,2,0,1,2
発達特性/LD・学習障害 × 子どもの属性/不登校 × 解決手段/オンライン家庭教師・オンライン塾,0,1,0,0,2
発達特性/LD・学習障害 × 子どもの属性/不登校 × 解決手段/塾・個別指導,0,1,0,0,2
発達特性/境界知能・知的 × 子どもの属性/小学生 × 解決手段/家庭教師,0,2,0,2,2
発達特性/境界知能・知的 × 子どもの属性/小学生 × 解決手段/オンライン家庭教師・オンライン塾,0,1,0,1,2
発達特性/境界知能・知的 × 子どもの属性/小学生 × 解決手段/塾・個別指導,0,1,0,1,2
発達特性/境界知能・知的 × 子どもの属性/中学生 × 解決手段/家庭教師,0,2,0,2,2
発達特性/境界知能・知的 × 子どもの属性/中学生 × 解決手段/オンライン家庭教師・オンライン塾,0,1,0,1,2
発達特性/境界知能・知的 × 子どもの属性/中学生 × 解決手段/塾・個別指導,0,1,0,2,2
発達特性/境界知能・知的 × 子どもの属性/高校生 × 解決手段/家庭教師,0,2,0,2,2
発達特性/境界知能・知的 × 子どもの属性/高校生 × 解決手段/オンライン家庭教師・オンライン塾,0,1,0,1,2
発達特性/境界知能・知的 × 子どもの属性/高校生 × 解決手段/塾・個別指導,0,1,0,1,2
発達特性/境界知能・知的 × 子どもの属性/受験生 × 解決手段/家庭教師,0,2,0,2,2
発達特性/境界知能・知的 × 子どもの属性/受験生 × 解決手段/オンライン家庭教師・オンライン塾,0,1,0,1,2
発達特性/境界知能・知的 × 子どもの属性/受験生 × 解決手段/塾・個別指導,0,1,0,1,2
発達特性/境界知能・知的 × 子どもの属性/不登校 × 解決手段/家庭教師,0,2,0,2,2
発達特性/境界知能・知的 × 子どもの属性/不登校 × 解決手段/オンライン家庭教師・オンライン塾,0,1,0,1,2
発達特性/境界知能・知的 × 子どもの属性/不登校 × 解決手段/塾・個別指導,0,1,0,0,2
発達特性/その他の特性 × 子どもの属性/小学生 × 解決手段/家庭教師,0,2,0,2,2
発達特性/その他の特性 × 子どもの属性/小学生 × 解決手段/オンライン家庭教師・オンライン塾,0,1,0,1,2
発達特性/その他の特性 × 子どもの属性/小学生 × 解決手段/塾・個別指導,0,1,0,1,2
発達特性/その他の特性 × 子どもの属性/中学生 × 解決手段/家庭教師,0,2,0,2,2
発達特性/その他の特性 × 子どもの属性/中学生 × 解決手段/オンライン家庭教師・オンライン塾,0,1,0,1,2
発達特性/その他の特性 × 子どもの属性/中学生 × 解決手段/塾・個別指導,0,1,0,3,2
発達特性/その他の特性 × 子どもの属性/高校生 × 解決手段/家庭教師,0,2,0,2,2
発達特性/その他の特性 × 子どもの属性/高校生 × 解決手段/オンライン家庭教師・オンライン塾,0,1,0,1,2
発達特性/その他の特性 × 子どもの属性/高校生 × 解決手段/塾・個別指導,0,1,0,1,2
発達特性/その他の特性 × 子どもの属性/受験生 × 解決手段/家庭教師,0,2,0,2,2
発達特性/その他の特性 × 子どもの属性/受験生 × 解決手段/オンライン家庭教師・オンライン塾,0,1,0,1,2
発達特性/その他の特性 × 子どもの属性/受験生 × 解決手段/塾・個別指導,0,1,0,3,2
発達特性/その他の特性 × 子どもの属性/不登校 × 解決手段/家庭教師,0,2,0,2,2
発達特性/その他の特性 × 子どもの属性/不登校 × 解決手段/オンライン家庭教師・オンライン塾,0,1,0,1,2
発達特性/その他の特性 × 子どもの属性/不登校 × 解決手段/塾・個別指導,0,1,0,1,2
