combination,discovered_keywords_count,query
発達特性/発達障害 × 解決手段/習い事・トレーニング,2,発達障害 習い事
発達特性/発達障害 × 解決手段/相談・カウンセリング,0,発達障害 相談
発達特性/グレーゾーン × 解決手段/オンライン家庭教師・オンライン塾,3,グレーゾーン オンライン家庭教師
発達特性/グレーゾーン × 解決手段/発達障害専門・支援,2,グレーゾーン 学習支援
発達特性/グレーゾーン × 解決手段/フリースクール・居場所,0,グレーゾーン フリースクール
発達特性/グレーゾーン × 解決手段/教材・通信教育・アプリ,0,グレーゾーン 通信教育
発達特性/グレーゾーン × 解決手段/ブランド・指名（塾・家庭教師）,0,グレーゾーン トライ
発達特性/グレーゾーン × 解決手段/知能検査・検査結果,3,グレーゾーン WISC
発達特性/グレーゾーン × 解決手段/習い事・トレーニング,0,グレーゾーン 習い事
発達特性/グレーゾーン × 解決手段/合理的配慮・学校との連携,1,グレーゾーン 合理的配慮
発達特性/グレーゾーン × 解決手段/相談・カウンセリング,0,グレーゾーン 相談
発達特性/ADHD × 解決手段/オンライン家庭教師・オンライン塾,3,ADHD オンライン家庭教師
発達特性/ADHD × 解決手段/フリースクール・居場所,2,ADHD フリースクール
発達特性/ADHD × 解決手段/教材・通信教育・アプリ,4,ADHD 通信教育
発達特性/ADHD × 解決手段/ブランド・指名（塾・家庭教師）,2,ADHD トライ
発達特性/ADHD × 解決手段/合理的配慮・学校との連携,3,ADHD 合理的配慮
発達特性/ADHD × 解決手段/相談・カウンセリング,1,ADHD 相談
発達特性/ASD × 解決手段/家庭教師,4,自閉症 家庭教師
発達特性/ASD × 解決手段/オンライン家庭教師・オンライン塾,1,自閉症 オンライン家庭教師
発達特性/ASD × 解決手段/療育・福祉サービス,1,自閉症 放課後等デイサービス
発達特性/ASD × 解決手段/フリースクール・居場所,2,自閉症 フリースクール
発達特性/ASD × 解決手段/教材・通信教育・アプリ,0,自閉症 通信教育
発達特性/ASD × 解決手段/ブランド・指名（塾・家庭教師）,0,自閉症 トライ
発達特性/ASD × 解決手段/知能検査・検査結果,0,自閉症 WISC
発達特性/ASD × 解決手段/習い事・トレーニング,3,自閉症 習い事
発達特性/ASD × 解決手段/合理的配慮・学校との連携,1,自閉症 合理的配慮
発達特性/ASD × 解決手段/相談・カウンセリング,0,自閉症 相談
発達特性/LD・学習障害 × 解決手段/オンライン家庭教師・オンライン塾,2,学習障害 オンライン家庭教師
発達特性/LD・学習障害 × 解決手段/療育・福祉サービス,4,学習障害 放課後等デイサービス
発達特性/LD・学習障害 × 解決手段/フリースクール・居場所,1,学習障害 フリースクール
発達特性/LD・学習障害 × 解決手段/ブランド・指名（塾・家庭教師）,0,学習障害 トライ
発達特性/LD・学習障害 × 解決手段/知能検査・検査結果,1,学習障害 WISC
発達特性/LD・学習障害 × 解決手段/習い事・トレーニング,1,学習障害 習い事
発達特性/LD・学習障害 × 解決手段/合理的配慮・学校との連携,4,学習障害 合理的配慮
発達特性/LD・学習障害 × 解決手段/相談・カウンセリング,0,学習障害 相談
発達特性/境界知能・知的 × 解決手段/家庭教師,4,境界知能 家庭教師
発達特性/境界知能・知的 × 解決手段/オンライン家庭教師・オンライン塾,1,境界知能 オンライン家庭教師
発達特性/境界知能・知的 × 解決手段/療育・福祉サービス,1,境界知能 放課後等デイサービス
発達特性/境界知能・知的 × 解決手段/フリースクール・居場所,2,境界知能 フリースクール
発達特性/境界知能・知的 × 解決手段/教材・通信教育・アプリ,1,境界知能 通信教育
発達特性/境界知能・知的 × 解決手段/ブランド・指名（塾・家庭教師）,0,境界知能 トライ
発達特性/境界知能・知的 × 解決手段/習い事・トレーニング,0,境界知能 習い事
発達特性/境界知能・知的 × 解決手段/合理的配慮・学校との連携,0,境界知能 合理的配慮
発達特性/境界知能・知的 × 解決手段/相談・カウンセリング,0,境界知能 相談
発達特性/その他の特性 × 解決手段/家庭教師,1,HSC 家庭教師
発達特性/その他の特性 × 解決手段/オンライン家庭教師・オンライン塾,1,HSC オンライン家庭教師
発達特性/その他の特性 × 解決手段/塾・個別指導,3,HSC 塾
発達特性/その他の特性 × 解決手段/フリースクール・居場所,1,HSC フリースクール
発達特性/その他の特性 × 解決手段/教材・通信教育・アプリ,0,HSC 通信教育
発達特性/その他の特性 × 解決手段/ブランド・指名（塾・家庭教師）,2,HSC トライ
発達特性/その他の特性 × 解決手段/習い事・トレーニング,3,HSC 習い事
発達特性/その他の特性 × 解決手段/合理的配慮・学校との連携,0,HSC 合理的配慮
発達特性/その他の特性 × 解決手段/相談・カウンセリング,1,HSC 相談
発達特性/発達障害 × 学習課題/集中・注意,1,発達障害 集中できない
発達特性/発達障害 × 学習課題/模試・講習,3,発達障害 夏期講習
発達特性/発達障害 × 学習課題/学び直し・遅れを取り戻す,1,発達障害 勉強 遅れ 取り戻す
発達特性/グレーゾーン × 学習課題/勉強できない・しない,2,グレーゾーン 勉強しない
発達特性/グレーゾーン × 学習課題/集中・注意,0,グレーゾーン 集中できない
発達特性/グレーゾーン × 学習課題/宿題・テスト・成績,1,グレーゾーン テスト
発達特性/グレーゾーン × 学習課題/授業・学校についていけない,1,グレーゾーン 授業 ついていけない
発達特性/グレーゾーン × 学習課題/記憶・読み書き計算,0,グレーゾーン 読み書き
発達特性/グレーゾーン × 学習課題/教科,0,グレーゾーン 算数
発達特性/グレーゾーン × 学習課題/模試・講習,0,グレーゾーン 夏期講習
発達特性/グレーゾーン × 学習課題/学び直し・遅れを取り戻す,0,グレーゾーン 勉強 遅れ 取り戻す
発達特性/グレーゾーン × 学習課題/特性と学力・伸びしろ,2,グレーゾーン 勉強 できる
発達特性/ADHD × 学習課題/模試・講習,0,ADHD 夏期講習
発達特性/ADHD × 学習課題/学び直し・遅れを取り戻す,0,ADHD 勉強 遅れ 取り戻す
発達特性/ASD × 学習課題/集中・注意,3,自閉症 集中できない
発達特性/ASD × 学習課題/授業・学校についていけない,1,自閉症 授業 ついていけない
発達特性/ASD × 学習課題/記憶・読み書き計算,3,自閉症 読み書き
発達特性/ASD × 学習課題/模試・講習,0,自閉症 夏期講習
発達特性/ASD × 学習課題/学び直し・遅れを取り戻す,0,自閉症 勉強 遅れ 取り戻す
発達特性/ASD × 学習課題/特性と学力・伸びしろ,4,自閉症 勉強 できる
発達特性/LD・学習障害 × 学習課題/勉強できない・しない,3,学習障害 勉強しない
発達特性/LD・学習障害 × 学習課題/集中・注意,1,学習障害 集中できない
発達特性/LD・学習障害 × 学習課題/授業・学校についていけない,2,学習障害 授業 ついていけない
発達特性/LD・学習障害 × 学習課題/模試・講習,0,学習障害 夏期講習
発達特性/LD・学習障害 × 学習課題/学び直し・遅れを取り戻す,0,学習障害 勉強 遅れ 取り戻す
発達特性/LD・学習障害 × 学習課題/特性と学力・伸びしろ,1,学習障害 勉強 できる
発達特性/境界知能・知的 × 学習課題/勉強できない・しない,3,境界知能 勉強しない
発達特性/境界知能・知的 × 学習課題/集中・注意,0,境界知能 集中できない
発達特性/境界知能・知的 × 学習課題/授業・学校についていけない,2,境界知能 授業 ついていけない
発達特性/境界知能・知的 × 学習課題/記憶・読み書き計算,1,境界知能 読み書き
発達特性/境界知能・知的 × 学習課題/教科,0,境界知能 算数
発達特性/境界知能・知的 × 学習課題/受験・進路,4,境界知能 高校受験
発達特性/境界知能・知的 × 学習課題/模試・講習,0,境界知能 夏期講習
発達特性/境界知能・知的 × 学習課題/学び直し・遅れを取り戻す,0,境界知能 勉強 遅れ 取り戻す
発達特性/その他の特性 × 学習課題/勉強できない・しない,2,HSC 勉強しない
発達特性/その他の特性 × 学習課題/勉強方法,4,HSC 勉強方法
発達特性/その他の特性 × 学習課題/集中・注意,1,HSC 集中できない
発達特性/その他の特性 × 学習課題/宿題・テスト・成績,3,HSC テスト
発達特性/その他の特性 × 学習課題/授業・学校についていけない,0,HSC 授業 ついていけない
発達特性/その他の特性 × 学習課題/記憶・読み書き計算,1,HSC 読み書き
発達特性/その他の特性 × 学習課題/教科,0,HSC 算数
発達特性/その他の特性 × 学習課題/模試・講習,0,HSC 夏期講習
発達特性/その他の特性 × 学習課題/学び直し・遅れを取り戻す,0,HSC 勉強 遅れ 取り戻す
発達特性/その他の特性 × 学習課題/特性と学力・伸びしろ,0,HSC 勉強 できる
発達特性/グレーゾーン × 子どもの属性/不登校,0,グレーゾーン 不登校
発達特性/グレーゾーン × 子どもの属性/性別・本人,4,グレーゾーン 息子
発達特性/グレーゾーン × 子どもの属性/学校種別,2,グレーゾーン 支援学級
発達特性/グレーゾーン × 子どもの属性/大人・大学生（本人）,4,グレーゾーン 大人
発達特性/ADHD × 子どもの属性/不登校,2,ADHD 不登校
発達特性/ASD × 子どもの属性/不登校,0,自閉症 不登校
発達特性/LD・学習障害 × 子どもの属性/不登校,0,学習障害 不登校
発達特性/LD・学習障害 × 子どもの属性/幼児・未就学,4,学習障害 幼児
発達特性/境界知能・知的 × 子どもの属性/高校生,2,境界知能 高校生
発達特性/境界知能・知的 × 子どもの属性/受験生,2,境界知能 受験
発達特性/境界知能・知的 × 子どもの属性/不登校,1,境界知能 不登校
発達特性/境界知能・知的 × 子どもの属性/幼児・未就学,1,境界知能 幼児
発達特性/境界知能・知的 × 子どもの属性/性別・本人,4,境界知能 息子
発達特性/境界知能・知的 × 子どもの属性/大人・大学生（本人）,4,境界知能 大人
発達特性/その他の特性 × 子どもの属性/不登校,1,HSC 不登校
発達特性/その他の特性 × 子どもの属性/幼児・未就学,1,HSC 幼児
発達特性/発達障害 × 検討行動/合わない・乗り換え,4,発達障害 合わない
発達特性/発達障害 × 検討行動/サービス詳細・利用条件,0,発達障害 対象年齢
発達特性/グレーゾーン × 検討行動/比較・おすすめ,0,グレーゾーン おすすめ
発達特性/グレーゾーン × 検討行動/評判・口コミ,1,グレーゾーン 口コミ
発達特性/グレーゾーン × 検討行動/料金・費用,0,グレーゾーン 料金
発達特性/グレーゾーン × 検討行動/体験・申込・相談,1,グレーゾーン 無料体験
発達特性/グレーゾーン × 検討行動/合わない・乗り換え,0,グレーゾーン 合わない
発達特性/グレーゾーン × 検討行動/サービス詳細・利用条件,0,グレーゾーン 対象年齢
発達特性/ADHD × 検討行動/合わない・乗り換え,1,ADHD 合わない
発達特性/ADHD × 検討行動/サービス詳細・利用条件,1,ADHD 対象年齢
発達特性/ASD × 検討行動/比較・おすすめ,0,自閉症 おすすめ
発達特性/ASD × 検討行動/評判・口コミ,4,自閉症 口コミ
発達特性/ASD × 検討行動/料金・費用,3,自閉症 料金
発達特性/ASD × 検討行動/体験・申込・相談,2,自閉症 無料体験
発達特性/ASD × 検討行動/合わない・乗り換え,0,自閉症 合わない
発達特性/ASD × 検討行動/サービス詳細・利用条件,0,自閉症 対象年齢
発達特性/LD・学習障害 × 検討行動/比較・おすすめ,4,学習障害 おすすめ
発達特性/LD・学習障害 × 検討行動/料金・費用,3,学習障害 料金
発達特性/LD・学習障害 × 検討行動/合わない・乗り換え,0,学習障害 合わない
発達特性/LD・学習障害 × 検討行動/サービス詳細・利用条件,0,学習障害 対象年齢
発達特性/境界知能・知的 × 検討行動/比較・おすすめ,0,境界知能 おすすめ
発達特性/境界知能・知的 × 検討行動/評判・口コミ,4,境界知能 口コミ
発達特性/境界知能・知的 × 検討行動/料金・費用,0,境界知能 料金
発達特性/境界知能・知的 × 検討行動/体験・申込・相談,0,境界知能 無料体験
発達特性/境界知能・知的 × 検討行動/合わない・乗り換え,0,境界知能 合わない
発達特性/境界知能・知的 × 検討行動/サービス詳細・利用条件,0,境界知能 対象年齢
発達特性/その他の特性 × 検討行動/比較・おすすめ,0,HSC おすすめ
発達特性/その他の特性 × 検討行動/評判・口コミ,1,HSC 口コミ
発達特性/その他の特性 × 検討行動/料金・費用,2,HSC 料金
発達特性/その他の特性 × 検討行動/体験・申込・相談,3,HSC 無料体験
発達特性/その他の特性 × 検討行動/合わない・乗り換え,0,HSC 合わない
発達特性/その他の特性 × 検討行動/サービス詳細・利用条件,0,HSC 対象年齢
発達特性/発達障害 × 保護者の悩み/親が教えられない,2,発達障害 親 教えられない
発達特性/発達障害 × 保護者の悩み/家で勉強しない,3,発達障害 家で勉強しない
発達特性/発達障害 × 保護者の悩み/塾が合わない・集団が苦手,1,発達障害 集団塾 合わない
発達特性/発達障害 × 保護者の悩み/専門の先生を探す,1,発達障害 理解のある先生
発達特性/発達障害 × 保護者の悩み/ゲーム・スマホ・生活・反抗,0,発達障害 ゲーム
発達特性/発達障害 × 保護者の悩み/親自身・子育ての辛さ,4,発達障害 子育て 辛い
発達特性/グレーゾーン × 保護者の悩み/親が教えられない,0,グレーゾーン 親 教えられない
発達特性/グレーゾーン × 保護者の悩み/家で勉強しない,0,グレーゾーン 家で勉強しない
発達特性/グレーゾーン × 保護者の悩み/塾が合わない・集団が苦手,0,グレーゾーン 集団塾 合わない
発達特性/グレーゾーン × 保護者の悩み/専門の先生を探す,0,グレーゾーン 理解のある先生
発達特性/グレーゾーン × 保護者の悩み/将来・進路不安,3,グレーゾーン 将来 不安
発達特性/グレーゾーン × 保護者の悩み/ゲーム・スマホ・生活・反抗,0,グレーゾーン ゲーム
発達特性/グレーゾーン × 保護者の悩み/親自身・子育ての辛さ,3,グレーゾーン 子育て 辛い
発達特性/グレーゾーン × 保護者の悩み/行動・情緒・対人の困りごと,0,グレーゾーン 癇癪
発達特性/ADHD × 保護者の悩み/家で勉強しない,3,ADHD 家で勉強しない
発達特性/ADHD × 保護者の悩み/塾が合わない・集団が苦手,0,ADHD 集団塾 合わない
発達特性/ADHD × 保護者の悩み/専門の先生を探す,0,ADHD 理解のある先生
発達特性/ASD × 保護者の悩み/親が教えられない,2,自閉症 親 教えられない
発達特性/ASD × 保護者の悩み/家で勉強しない,0,自閉症 家で勉強しない
発達特性/ASD × 保護者の悩み/塾が合わない・集団が苦手,0,自閉症 集団塾 合わない
発達特性/ASD × 保護者の悩み/専門の先生を探す,0,自閉症 理解のある先生
発達特性/ASD × 保護者の悩み/ゲーム・スマホ・生活・反抗,0,自閉症 ゲーム
発達特性/LD・学習障害 × 保護者の悩み/親が教えられない,0,学習障害 親 教えられない
発達特性/LD・学習障害 × 保護者の悩み/家で勉強しない,2,学習障害 家で勉強しない
発達特性/LD・学習障害 × 保護者の悩み/塾が合わない・集団が苦手,0,学習障害 集団塾 合わない
発達特性/LD・学習障害 × 保護者の悩み/専門の先生を探す,0,学習障害 理解のある先生
発達特性/LD・学習障害 × 保護者の悩み/ゲーム・スマホ・生活・反抗,2,学習障害 ゲーム
発達特性/LD・学習障害 × 保護者の悩み/親自身・子育ての辛さ,3,学習障害 子育て 辛い
発達特性/LD・学習障害 × 保護者の悩み/行動・情緒・対人の困りごと,1,学習障害 癇癪
発達特性/境界知能・知的 × 保護者の悩み/親が教えられない,0,境界知能 親 教えられない
発達特性/境界知能・知的 × 保護者の悩み/家で勉強しない,2,境界知能 家で勉強しない
発達特性/境界知能・知的 × 保護者の悩み/塾が合わない・集団が苦手,0,境界知能 集団塾 合わない
発達特性/境界知能・知的 × 保護者の悩み/専門の先生を探す,0,境界知能 理解のある先生
発達特性/境界知能・知的 × 保護者の悩み/将来・進路不安,3,境界知能 将来 不安
発達特性/境界知能・知的 × 保護者の悩み/ゲーム・スマホ・生活・反抗,0,境界知能 ゲーム
発達特性/境界知能・知的 × 保護者の悩み/親自身・子育ての辛さ,0,境界知能 子育て 辛い
発達特性/境界知能・知的 × 保護者の悩み/行動・情緒・対人の困りごと,1,境界知能 癇癪
発達特性/その他の特性 × 保護者の悩み/親が教えられない,0,HSC 親 教えられない
発達特性/その他の特性 × 保護者の悩み/家で勉強しない,0,HSC 家で勉強しない
発達特性/その他の特性 × 保護者の悩み/塾が合わない・集団が苦手,0,HSC 集団塾 合わない
発達特性/その他の特性 × 保護者の悩み/専門の先生を探す,0,HSC 理解のある先生
発達特性/その他の特性 × 保護者の悩み/将来・進路不安,3,HSC 将来 不安
発達特性/その他の特性 × 保護者の悩み/ゲーム・スマホ・生活・反抗,0,HSC ゲーム
発達特性/その他の特性 × 保護者の悩み/親自身・子育ての辛さ,1,HSC 子育て 辛い
発達特性/その他の特性 × 保護者の悩み/行動・情緒・対人の困りごと,3,HSC 癇癪
発達特性/発達障害 × シチュエーション・出来事/診断・気づき,3,発達障害 診断された
発達特性/発達障害 × シチュエーション・出来事/断られた・合わなかった,2,発達障害 断られた
発達特性/発達障害 × シチュエーション・出来事/学級・学校の移行・転籍,2,発達障害 支援級から通常級
発達特性/グレーゾーン × シチュエーション・出来事/診断・気づき,0,グレーゾーン 診断された
発達特性/グレーゾーン × シチュエーション・出来事/断られた・合わなかった,0,グレーゾーン 断られた
発達特性/グレーゾーン × シチュエーション・出来事/時期・節目,0,グレーゾーン 入学前
発達特性/グレーゾーン × シチュエーション・出来事/学級・学校の移行・転籍,0,グレーゾーン 支援級から通常級
発達特性/グレーゾーン × シチュエーション・出来事/就学準備・就学先,0,グレーゾーン 就学準備
発達特性/ADHD × シチュエーション・出来事/診断・気づき,0,ADHD 診断された
発達特性/ADHD × シチュエーション・出来事/断られた・合わなかった,0,ADHD 断られた
発達特性/ADHD × シチュエーション・出来事/時期・節目,1,ADHD 入学前
発達特性/ADHD × シチュエーション・出来事/学級・学校の移行・転籍,2,ADHD 支援級から通常級
発達特性/ADHD × シチュエーション・出来事/就学準備・就学先,1,ADHD 就学準備
発達特性/ASD × シチュエーション・出来事/診断・気づき,1,自閉症 診断された
発達特性/ASD × シチュエーション・出来事/断られた・合わなかった,0,自閉症 断られた
発達特性/ASD × シチュエーション・出来事/時期・節目,0,自閉症 入学前
発達特性/ASD × シチュエーション・出来事/学級・学校の移行・転籍,0,自閉症 支援級から通常級
発達特性/ASD × シチュエーション・出来事/就学準備・就学先,0,自閉症 就学準備
発達特性/LD・学習障害 × シチュエーション・出来事/診断・気づき,1,学習障害 診断された
発達特性/LD・学習障害 × シチュエーション・出来事/断られた・合わなかった,0,学習障害 断られた
発達特性/LD・学習障害 × シチュエーション・出来事/時期・節目,0,学習障害 入学前
発達特性/LD・学習障害 × シチュエーション・出来事/学級・学校の移行・転籍,0,学習障害 支援級から通常級
発達特性/LD・学習障害 × シチュエーション・出来事/就学準備・就学先,0,学習障害 就学準備
発達特性/境界知能・知的 × シチュエーション・出来事/診断・気づき,0,境界知能 診断された
発達特性/境界知能・知的 × シチュエーション・出来事/断られた・合わなかった,0,境界知能 断られた
発達特性/境界知能・知的 × シチュエーション・出来事/時期・節目,0,境界知能 入学前
発達特性/境界知能・知的 × シチュエーション・出来事/学級・学校の移行・転籍,0,境界知能 支援級から通常級
発達特性/境界知能・知的 × シチュエーション・出来事/就学準備・就学先,0,境界知能 就学準備
発達特性/その他の特性 × シチュエーション・出来事/診断・気づき,0,HSC 診断された
発達特性/その他の特性 × シチュエーション・出来事/断られた・合わなかった,0,HSC 断られた
発達特性/その他の特性 × シチュエーション・出来事/時期・節目,0,HSC 入学前
発達特性/その他の特性 × シチュエーション・出来事/学級・学校の移行・転籍,0,HSC 支援級から通常級
発達特性/その他の特性 × シチュエーション・出来事/就学準備・就学先,0,HSC 就学準備
子どもの属性/小学生 × 解決手段/フリースクール・居場所,3,小学生 フリースクール
子どもの属性/小学生 × 解決手段/合理的配慮・学校との連携,1,小学生 合理的配慮
子どもの属性/小学生 × 解決手段/相談・カウンセリング,2,小学生 相談
子どもの属性/中学生 × 解決手段/知能検査・検査結果,2,中学生 WISC
子どもの属性/中学生 × 解決手段/合理的配慮・学校との連携,3,中学生 合理的配慮
子どもの属性/中学生 × 解決手段/相談・カウンセリング,4,中学生 相談
子どもの属性/高校生 × 解決手段/フリースクール・居場所,4,高校生 フリースクール
子どもの属性/高校生 × 解決手段/知能検査・検査結果,0,高校生 WISC
子どもの属性/高校生 × 解決手段/合理的配慮・学校との連携,3,高校生 合理的配慮
子どもの属性/受験生 × 解決手段/療育・福祉サービス,0,受験 放課後等デイサービス
子どもの属性/受験生 × 解決手段/フリースクール・居場所,0,受験 フリースクール
子どもの属性/受験生 × 解決手段/医療・診断,4,受験 病院
子どもの属性/受験生 × 解決手段/知能検査・検査結果,2,受験 WISC
子どもの属性/受験生 × 解決手段/合理的配慮・学校との連携,4,受験 合理的配慮
子どもの属性/受験生 × 解決手段/相談・カウンセリング,0,受験 相談
子どもの属性/不登校 × 解決手段/療育・福祉サービス,0,不登校 放課後等デイサービス
子どもの属性/不登校 × 解決手段/医療・診断,0,不登校 病院
子どもの属性/不登校 × 解決手段/知能検査・検査結果,0,不登校 WISC
子どもの属性/不登校 × 解決手段/習い事・トレーニング,2,不登校 習い事
子どもの属性/不登校 × 解決手段/合理的配慮・学校との連携,0,不登校 合理的配慮
子どもの属性/不登校 × 解決手段/相談・カウンセリング,0,不登校 相談
子どもの属性/幼児・未就学 × 解決手段/家庭教師,0,幼児 家庭教師
子どもの属性/幼児・未就学 × 解決手段/オンライン家庭教師・オンライン塾,0,幼児 オンライン家庭教師
子どもの属性/幼児・未就学 × 解決手段/塾・個別指導,2,幼児 塾
子どもの属性/幼児・未就学 × 解決手段/発達障害専門・支援,4,幼児 学習支援
子どもの属性/幼児・未就学 × 解決手段/フリースクール・居場所,1,幼児 フリースクール
子どもの属性/幼児・未就学 × 解決手段/教材・通信教育・アプリ,0,幼児 通信教育
子どもの属性/幼児・未就学 × 解決手段/医療・診断,3,幼児 病院
子どもの属性/幼児・未就学 × 解決手段/ブランド・指名（塾・家庭教師）,0,幼児 トライ
子どもの属性/幼児・未就学 × 解決手段/知能検査・検査結果,3,幼児 WISC
子どもの属性/幼児・未就学 × 解決手段/習い事・トレーニング,0,幼児 習い事
子どもの属性/幼児・未就学 × 解決手段/合理的配慮・学校との連携,0,幼児 合理的配慮
子どもの属性/幼児・未就学 × 解決手段/相談・カウンセリング,0,幼児 相談
子どもの属性/性別・本人 × 解決手段/オンライン家庭教師・オンライン塾,2,息子 オンライン家庭教師
子どもの属性/性別・本人 × 解決手段/塾・個別指導,4,息子 塾
子どもの属性/性別・本人 × 解決手段/発達障害専門・支援,3,息子 学習支援
子どもの属性/性別・本人 × 解決手段/療育・福祉サービス,1,息子 放課後等デイサービス
子どもの属性/性別・本人 × 解決手段/フリースクール・居場所,0,息子 フリースクール
子どもの属性/性別・本人 × 解決手段/教材・通信教育・アプリ,0,息子 通信教育
子どもの属性/性別・本人 × 解決手段/習い事・トレーニング,1,息子 習い事
子どもの属性/性別・本人 × 解決手段/合理的配慮・学校との連携,0,息子 合理的配慮
子どもの属性/性別・本人 × 解決手段/相談・カウンセリング,0,息子 相談
子どもの属性/学校種別 × 解決手段/療育・福祉サービス,1,支援学級 放課後等デイサービス
子どもの属性/学校種別 × 解決手段/教材・通信教育・アプリ,1,支援学級 通信教育
子どもの属性/学校種別 × 解決手段/医療・診断,1,支援学級 病院
子どもの属性/学校種別 × 解決手段/知能検査・検査結果,0,支援学級 WISC
子どもの属性/学校種別 × 解決手段/習い事・トレーニング,4,支援学級 習い事
子どもの属性/学校種別 × 解決手段/合理的配慮・学校との連携,0,支援学級 合理的配慮
子どもの属性/学校種別 × 解決手段/相談・カウンセリング,0,支援学級 相談
子どもの属性/大人・大学生（本人） × 解決手段/療育・福祉サービス,1,大人 放課後等デイサービス
子どもの属性/大人・大学生（本人） × 解決手段/フリースクール・居場所,0,大人 フリースクール
子どもの属性/大人・大学生（本人） × 解決手段/教材・通信教育・アプリ,0,大人 通信教育
子どもの属性/大人・大学生（本人） × 解決手段/習い事・トレーニング,1,大人 習い事
子どもの属性/大人・大学生（本人） × 解決手段/合理的配慮・学校との連携,0,大人 合理的配慮
子どもの属性/大人・大学生（本人） × 解決手段/相談・カウンセリング,0,大人 相談
子どもの属性/小学生 × 学習課題/集中・注意,4,小学生 集中できない
子どもの属性/小学生 × 学習課題/学び直し・遅れを取り戻す,4,小学生 勉強 遅れ 取り戻す
子どもの属性/小学生 × 学習課題/特性と学力・伸びしろ,4,小学生 勉強 できる
子どもの属性/高校生 × 学習課題/集中・注意,2,高校生 集中できない
子どもの属性/高校生 × 学習課題/学び直し・遅れを取り戻す,4,高校生 勉強 遅れ 取り戻す
子どもの属性/高校生 × 学習課題/特性と学力・伸びしろ,2,高校生 勉強 できる
子どもの属性/受験生 × 学習課題/集中・注意,3,受験 集中できない
子どもの属性/受験生 × 学習課題/学び直し・遅れを取り戻す,1,受験 勉強 遅れ 取り戻す
子どもの属性/受験生 × 学習課題/特性と学力・伸びしろ,0,受験 勉強 できる
子どもの属性/不登校 × 学習課題/集中・注意,0,不登校 集中できない
子どもの属性/不登校 × 学習課題/記憶・読み書き計算,0,不登校 読み書き
子どもの属性/不登校 × 学習課題/教科,2,不登校 算数
子どもの属性/不登校 × 学習課題/模試・講習,0,不登校 夏期講習
子どもの属性/不登校 × 学習課題/特性と学力・伸びしろ,1,不登校 勉強 できる
子どもの属性/幼児・未就学 × 学習課題/勉強できない・しない,4,幼児 勉強しない
子どもの属性/幼児・未就学 × 学習課題/勉強方法,1,幼児 勉強方法
子どもの属性/幼児・未就学 × 学習課題/集中・注意,0,幼児 集中できない
子どもの属性/幼児・未就学 × 学習課題/宿題・テスト・成績,1,幼児 テスト
子どもの属性/幼児・未就学 × 学習課題/記憶・読み書き計算,0,幼児 読み書き
子どもの属性/幼児・未就学 × 学習課題/教科,0,幼児 算数
子どもの属性/幼児・未就学 × 学習課題/受験・進路,0,幼児 高校受験
子どもの属性/幼児・未就学 × 学習課題/模試・講習,0,幼児 夏期講習
子どもの属性/幼児・未就学 × 学習課題/学び直し・遅れを取り戻す,0,幼児 勉強 遅れ 取り戻す
子どもの属性/幼児・未就学 × 学習課題/特性と学力・伸びしろ,0,幼児 勉強 できる
子どもの属性/性別・本人 × 学習課題/集中・注意,3,息子 集中できない
子どもの属性/性別・本人 × 学習課題/授業・学校についていけない,0,息子 授業 ついていけない
子どもの属性/性別・本人 × 学習課題/模試・講習,0,息子 夏期講習
子どもの属性/性別・本人 × 学習課題/学び直し・遅れを取り戻す,0,息子 勉強 遅れ 取り戻す
子どもの属性/性別・本人 × 学習課題/特性と学力・伸びしろ,2,息子 勉強 できる
子どもの属性/学校種別 × 学習課題/集中・注意,0,支援学級 集中できない
子どもの属性/学校種別 × 学習課題/記憶・読み書き計算,0,支援学級 読み書き
子どもの属性/学校種別 × 学習課題/模試・講習,1,支援学級 夏期講習
子どもの属性/学校種別 × 学習課題/学び直し・遅れを取り戻す,4,支援学級 勉強 遅れ 取り戻す
子どもの属性/学校種別 × 学習課題/特性と学力・伸びしろ,1,支援学級 勉強 できる
子どもの属性/大人・大学生（本人） × 学習課題/勉強できない・しない,4,大人 勉強しない
子どもの属性/大人・大学生（本人） × 学習課題/集中・注意,4,大人 集中できない
子どもの属性/大人・大学生（本人） × 学習課題/授業・学校についていけない,0,大人 授業 ついていけない
子どもの属性/大人・大学生（本人） × 学習課題/模試・講習,0,大人 夏期講習
子どもの属性/大人・大学生（本人） × 学習課題/学び直し・遅れを取り戻す,1,大人 勉強 遅れ 取り戻す
子どもの属性/大人・大学生（本人） × 学習課題/特性と学力・伸びしろ,2,大人 勉強 できる
解決手段/家庭教師 × 検討行動/サービス詳細・利用条件,3,家庭教師 対象年齢
解決手段/オンライン家庭教師・オンライン塾 × 検討行動/合わない・乗り換え,0,オンライン家庭教師 合わない
解決手段/オンライン家庭教師・オンライン塾 × 検討行動/サービス詳細・利用条件,2,オンライン家庭教師 対象年齢
解決手段/発達障害専門・支援 × 検討行動/比較・おすすめ,2,学習支援 おすすめ
解決手段/発達障害専門・支援 × 検討行動/評判・口コミ,2,学習支援 口コミ
解決手段/発達障害専門・支援 × 検討行動/料金・費用,3,学習支援 料金
解決手段/発達障害専門・支援 × 検討行動/体験・申込・相談,0,学習支援 無料体験
解決手段/発達障害専門・支援 × 検討行動/合わない・乗り換え,0,学習支援 合わない
解決手段/発達障害専門・支援 × 検討行動/サービス詳細・利用条件,0,学習支援 対象年齢
解決手段/療育・福祉サービス × 検討行動/合わない・乗り換え,0,放課後等デイサービス 合わない
解決手段/フリースクール・居場所 × 検討行動/比較・おすすめ,1,フリースクール おすすめ
解決手段/フリースクール・居場所 × 検討行動/評判・口コミ,1,フリースクール 口コミ
解決手段/フリースクール・居場所 × 検討行動/体験・申込・相談,0,フリースクール 無料体験
解決手段/フリースクール・居場所 × 検討行動/合わない・乗り換え,0,フリースクール 合わない
解決手段/フリースクール・居場所 × 検討行動/サービス詳細・利用条件,0,フリースクール 対象年齢
解決手段/教材・通信教育・アプリ × 検討行動/評判・口コミ,4,通信教育 口コミ
解決手段/教材・通信教育・アプリ × 検討行動/合わない・乗り換え,0,通信教育 合わない
解決手段/教材・通信教育・アプリ × 検討行動/サービス詳細・利用条件,0,通信教育 対象年齢
解決手段/医療・診断 × 検討行動/比較・おすすめ,1,病院 おすすめ
解決手段/医療・診断 × 検討行動/評判・口コミ,2,病院 口コミ
解決手段/医療・診断 × 検討行動/体験・申込・相談,3,病院 無料体験
解決手段/医療・診断 × 検討行動/合わない・乗り換え,0,病院 合わない
解決手段/医療・診断 × 検討行動/サービス詳細・利用条件,1,病院 対象年齢
解決手段/ブランド・指名（塾・家庭教師） × 検討行動/比較・おすすめ,4,トライ おすすめ
解決手段/知能検査・検査結果 × 検討行動/比較・おすすめ,1,WISC おすすめ
解決手段/知能検査・検査結果 × 検討行動/評判・口コミ,2,WISC 口コミ
解決手段/知能検査・検査結果 × 検討行動/体験・申込・相談,0,WISC 無料体験
解決手段/知能検査・検査結果 × 検討行動/合わない・乗り換え,0,WISC 合わない
解決手段/知能検査・検査結果 × 検討行動/サービス詳細・利用条件,1,WISC 対象年齢
解決手段/習い事・トレーニング × 検討行動/合わない・乗り換え,0,習い事 合わない
解決手段/習い事・トレーニング × 検討行動/サービス詳細・利用条件,1,習い事 対象年齢
解決手段/合理的配慮・学校との連携 × 検討行動/比較・おすすめ,0,合理的配慮 おすすめ
解決手段/合理的配慮・学校との連携 × 検討行動/評判・口コミ,0,合理的配慮 口コミ
解決手段/合理的配慮・学校との連携 × 検討行動/料金・費用,0,合理的配慮 料金
解決手段/合理的配慮・学校との連携 × 検討行動/体験・申込・相談,0,合理的配慮 無料体験
解決手段/合理的配慮・学校との連携 × 検討行動/合わない・乗り換え,0,合理的配慮 合わない
解決手段/合理的配慮・学校との連携 × 検討行動/サービス詳細・利用条件,0,合理的配慮 対象年齢
解決手段/相談・カウンセリング × 検討行動/比較・おすすめ,0,相談 おすすめ
解決手段/相談・カウンセリング × 検討行動/評判・口コミ,0,相談 口コミ
解決手段/相談・カウンセリング × 検討行動/料金・費用,0,相談 料金
解決手段/相談・カウンセリング × 検討行動/体験・申込・相談,1,相談 無料体験
解決手段/相談・カウンセリング × 検討行動/合わない・乗り換え,0,相談 合わない
解決手段/相談・カウンセリング × 検討行動/サービス詳細・利用条件,0,相談 対象年齢
発達特性/発達障害 × 子どもの属性/小学生 × 解決手段/家庭教師,1,発達障害 小学生 家庭教師
発達特性/発達障害 × 子どもの属性/小学生 × 解決手段/オンライン家庭教師・オンライン塾,0,発達障害 小学生 オンライン家庭教師
発達特性/発達障害 × 子どもの属性/小学生 × 解決手段/塾・個別指導,3,発達障害 小学生 塾
発達特性/発達障害 × 子どもの属性/中学生 × 解決手段/家庭教師,2,発達障害 中学生 家庭教師
発達特性/発達障害 × 子どもの属性/中学生 × 解決手段/オンライン家庭教師・オンライン塾,0,発達障害 中学生 オンライン家庭教師
発達特性/発達障害 × 子どもの属性/高校生 × 解決手段/家庭教師,1,発達障害 高校生 家庭教師
発達特性/発達障害 × 子どもの属性/高校生 × 解決手段/オンライン家庭教師・オンライン塾,1,発達障害 高校生 オンライン家庭教師
発達特性/発達障害 × 子どもの属性/高校生 × 解決手段/塾・個別指導,4,発達障害 高校生 塾
発達特性/発達障害 × 子どもの属性/受験生 × 解決手段/家庭教師,1,発達障害 受験 家庭教師
発達特性/発達障害 × 子どもの属性/受験生 × 解決手段/オンライン家庭教師・オンライン塾,0,発達障害 受験 オンライン家庭教師
発達特性/発達障害 × 子どもの属性/不登校 × 解決手段/家庭教師,1,発達障害 不登校 家庭教師
発達特性/発達障害 × 子どもの属性/不登校 × 解決手段/オンライン家庭教師・オンライン塾,0,発達障害 不登校 オンライン家庭教師
発達特性/発達障害 × 子どもの属性/不登校 × 解決手段/塾・個別指導,0,発達障害 不登校 塾
発達特性/グレーゾーン × 子どもの属性/小学生 × 解決手段/家庭教師,0,グレーゾーン 小学生 家庭教師
発達特性/グレーゾーン × 子どもの属性/小学生 × 解決手段/オンライン家庭教師・オンライン塾,0,グレーゾーン 小学生 オンライン家庭教師
発達特性/グレーゾーン × 子どもの属性/小学生 × 解決手段/塾・個別指導,2,グレーゾーン 小学生 塾
発達特性/グレーゾーン × 子どもの属性/中学生 × 解決手段/家庭教師,1,グレーゾーン 中学生 家庭教師
発達特性/グレーゾーン × 子どもの属性/中学生 × 解決手段/オンライン家庭教師・オンライン塾,0,グレーゾーン 中学生 オンライン家庭教師
発達特性/グレーゾーン × 子どもの属性/中学生 × 解決手段/塾・個別指導,3,グレーゾーン 中学生 塾
発達特性/グレーゾーン × 子どもの属性/高校生 × 解決手段/家庭教師,0,グレーゾーン 高校生 家庭教師
発達特性/グレーゾーン × 子どもの属性/高校生 × 解決手段/オンライン家庭教師・オンライン塾,0,グレーゾーン 高校生 オンライン家庭教師
発達特性/グレーゾーン × 子どもの属性/高校生 × 解決手段/塾・個別指導,0,グレーゾーン 高校生 塾
発達特性/グレーゾーン × 子どもの属性/受験生 × 解決手段/家庭教師,0,グレーゾーン 受験 家庭教師
発達特性/グレーゾーン × 子どもの属性/受験生 × 解決手段/オンライン家庭教師・オンライン塾,0,グレーゾーン 受験 オンライン家庭教師
発達特性/グレーゾーン × 子どもの属性/受験生 × 解決手段/塾・個別指導,1,グレーゾーン 受験 塾
発達特性/グレーゾーン × 子どもの属性/不登校 × 解決手段/家庭教師,0,グレーゾーン 不登校 家庭教師
発達特性/グレーゾーン × 子どもの属性/不登校 × 解決手段/オンライン家庭教師・オンライン塾,0,グレーゾーン 不登校 オンライン家庭教師
発達特性/グレーゾーン × 子どもの属性/不登校 × 解決手段/塾・個別指導,0,グレーゾーン 不登校 塾
発達特性/ADHD × 子どもの属性/小学生 × 解決手段/家庭教師,0,ADHD 小学生 家庭教師
発達特性/ADHD × 子どもの属性/小学生 × 解決手段/オンライン家庭教師・オンライン塾,0,ADHD 小学生 オンライン家庭教師
発達特性/ADHD × 子どもの属性/小学生 × 解決手段/塾・個別指導,0,ADHD 小学生 塾
発達特性/ADHD × 子どもの属性/中学生 × 解決手段/家庭教師,1,ADHD 中学生 家庭教師
発達特性/ADHD × 子どもの属性/中学生 × 解決手段/オンライン家庭教師・オンライン塾,0,ADHD 中学生 オンライン家庭教師
発達特性/ADHD × 子どもの属性/中学生 × 解決手段/塾・個別指導,3,ADHD 中学生 塾
発達特性/ADHD × 子どもの属性/高校生 × 解決手段/家庭教師,0,ADHD 高校生 家庭教師
発達特性/ADHD × 子どもの属性/高校生 × 解決手段/オンライン家庭教師・オンライン塾,0,ADHD 高校生 オンライン家庭教師
発達特性/ADHD × 子どもの属性/高校生 × 解決手段/塾・個別指導,0,ADHD 高校生 塾
発達特性/ADHD × 子どもの属性/受験生 × 解決手段/家庭教師,1,ADHD 受験 家庭教師
発達特性/ADHD × 子どもの属性/受験生 × 解決手段/オンライン家庭教師・オンライン塾,0,ADHD 受験 オンライン家庭教師
発達特性/ADHD × 子どもの属性/受験生 × 解決手段/塾・個別指導,3,ADHD 受験 塾
発達特性/ADHD × 子どもの属性/不登校 × 解決手段/家庭教師,0,ADHD 不登校 家庭教師
発達特性/ADHD × 子どもの属性/不登校 × 解決手段/オンライン家庭教師・オンライン塾,0,ADHD 不登校 オンライン家庭教師
発達特性/ADHD × 子どもの属性/不登校 × 解決手段/塾・個別指導,0,ADHD 不登校 塾
発達特性/ASD × 子どもの属性/小学生 × 解決手段/家庭教師,0,自閉症 小学生 家庭教師
発達特性/ASD × 子どもの属性/小学生 × 解決手段/オンライン家庭教師・オンライン塾,0,自閉症 小学生 オンライン家庭教師
発達特性/ASD × 子どもの属性/小学生 × 解決手段/塾・個別指導,0,自閉症 小学生 塾
発達特性/ASD × 子どもの属性/中学生 × 解決手段/家庭教師,0,自閉症 中学生 家庭教師
発達特性/ASD × 子どもの属性/中学生 × 解決手段/オンライン家庭教師・オンライン塾,0,自閉症 中学生 オンライン家庭教師
発達特性/ASD × 子どもの属性/中学生 × 解決手段/塾・個別指導,1,自閉症 中学生 塾
発達特性/ASD × 子どもの属性/高校生 × 解決手段/家庭教師,0,自閉症 高校生 家庭教師
発達特性/ASD × 子どもの属性/高校生 × 解決手段/オンライン家庭教師・オンライン塾,0,自閉症 高校生 オンライン家庭教師
発達特性/ASD × 子どもの属性/高校生 × 解決手段/塾・個別指導,0,自閉症 高校生 塾
発達特性/ASD × 子どもの属性/受験生 × 解決手段/家庭教師,0,自閉症 受験 家庭教師
発達特性/ASD × 子どもの属性/受験生 × 解決手段/オンライン家庭教師・オンライン塾,0,自閉症 受験 オンライン家庭教師
発達特性/ASD × 子どもの属性/受験生 × 解決手段/塾・個別指導,0,自閉症 受験 塾
発達特性/ASD × 子どもの属性/不登校 × 解決手段/家庭教師,0,自閉症 不登校 家庭教師
発達特性/ASD × 子どもの属性/不登校 × 解決手段/オンライン家庭教師・オンライン塾,0,自閉症 不登校 オンライン家庭教師
発達特性/ASD × 子どもの属性/不登校 × 解決手段/塾・個別指導,0,自閉症 不登校 塾
発達特性/LD・学習障害 × 子どもの属性/小学生 × 解決手段/家庭教師,0,学習障害 小学生 家庭教師
発達特性/LD・学習障害 × 子どもの属性/小学生 × 解決手段/オンライン家庭教師・オンライン塾,0,学習障害 小学生 オンライン家庭教師
発達特性/LD・学習障害 × 子どもの属性/小学生 × 解決手段/塾・個別指導,3,学習障害 小学生 塾
発達特性/LD・学習障害 × 子どもの属性/中学生 × 解決手段/家庭教師,0,学習障害 中学生 家庭教師
発達特性/LD・学習障害 × 子どもの属性/中学生 × 解決手段/オンライン家庭教師・オンライン塾,0,学習障害 中学生 オンライン家庭教師
発達特性/LD・学習障害 × 子どもの属性/中学生 × 解決手段/塾・個別指導,2,学習障害 中学生 塾
発達特性/LD・学習障害 × 子どもの属性/高校生 × 解決手段/家庭教師,0,学習障害 高校生 家庭教師
発達特性/LD・学習障害 × 子どもの属性/高校生 × 解決手段/オンライン家庭教師・オンライン塾,0,学習障害 高校生 オンライン家庭教師
発達特性/LD・学習障害 × 子どもの属性/高校生 × 解決手段/塾・個別指導,0,学習障害 高校生 塾
発達特性/LD・学習障害 × 子どもの属性/受験生 × 解決手段/家庭教師,0,学習障害 受験 家庭教師
発達特性/LD・学習障害 × 子どもの属性/受験生 × 解決手段/オンライン家庭教師・オンライン塾,0,学習障害 受験 オンライン家庭教師
発達特性/LD・学習障害 × 子どもの属性/受験生 × 解決手段/塾・個別指導,0,学習障害 受験 塾
発達特性/LD・学習障害 × 子どもの属性/不登校 × 解決手段/家庭教師,0,学習障害 不登校 家庭教師
発達特性/LD・学習障害 × 子どもの属性/不登校 × 解決手段/オンライン家庭教師・オンライン塾,0,学習障害 不登校 オンライン家庭教師
発達特性/LD・学習障害 × 子どもの属性/不登校 × 解決手段/塾・個別指導,0,学習障害 不登校 塾
発達特性/境界知能・知的 × 子どもの属性/小学生 × 解決手段/家庭教師,0,境界知能 小学生 家庭教師
発達特性/境界知能・知的 × 子どもの属性/小学生 × 解決手段/オンライン家庭教師・オンライン塾,0,境界知能 小学生 オンライン家庭教師
発達特性/境界知能・知的 × 子どもの属性/小学生 × 解決手段/塾・個別指導,0,境界知能 小学生 塾
発達特性/境界知能・知的 × 子どもの属性/中学生 × 解決手段/家庭教師,0,境界知能 中学生 家庭教師
発達特性/境界知能・知的 × 子どもの属性/中学生 × 解決手段/オンライン家庭教師・オンライン塾,0,境界知能 中学生 オンライン家庭教師
発達特性/境界知能・知的 × 子どもの属性/中学生 × 解決手段/塾・個別指導,1,境界知能 中学生 塾
発達特性/境界知能・知的 × 子どもの属性/高校生 × 解決手段/家庭教師,0,境界知能 高校生 家庭教師
発達特性/境界知能・知的 × 子どもの属性/高校生 × 解決手段/オンライン家庭教師・オンライン塾,0,境界知能 高校生 オンライン家庭教師
発達特性/境界知能・知的 × 子どもの属性/高校生 × 解決手段/塾・個別指導,0,境界知能 高校生 塾
発達特性/境界知能・知的 × 子どもの属性/受験生 × 解決手段/家庭教師,0,境界知能 受験 家庭教師
発達特性/境界知能・知的 × 子どもの属性/受験生 × 解決手段/オンライン家庭教師・オンライン塾,0,境界知能 受験 オンライン家庭教師
発達特性/境界知能・知的 × 子どもの属性/受験生 × 解決手段/塾・個別指導,0,境界知能 受験 塾
発達特性/境界知能・知的 × 子どもの属性/不登校 × 解決手段/家庭教師,0,境界知能 不登校 家庭教師
発達特性/境界知能・知的 × 子どもの属性/不登校 × 解決手段/オンライン家庭教師・オンライン塾,0,境界知能 不登校 オンライン家庭教師
発達特性/境界知能・知的 × 子どもの属性/不登校 × 解決手段/塾・個別指導,0,境界知能 不登校 塾
発達特性/その他の特性 × 子どもの属性/小学生 × 解決手段/家庭教師,0,HSC 小学生 家庭教師
発達特性/その他の特性 × 子どもの属性/小学生 × 解決手段/オンライン家庭教師・オンライン塾,0,HSC 小学生 オンライン家庭教師
発達特性/その他の特性 × 子どもの属性/小学生 × 解決手段/塾・個別指導,0,HSC 小学生 塾
発達特性/その他の特性 × 子どもの属性/中学生 × 解決手段/家庭教師,0,HSC 中学生 家庭教師
発達特性/その他の特性 × 子どもの属性/中学生 × 解決手段/オンライン家庭教師・オンライン塾,0,HSC 中学生 オンライン家庭教師
発達特性/その他の特性 × 子どもの属性/中学生 × 解決手段/塾・個別指導,1,HSC 中学生 塾
発達特性/その他の特性 × 子どもの属性/高校生 × 解決手段/家庭教師,0,HSC 高校生 家庭教師
発達特性/その他の特性 × 子どもの属性/高校生 × 解決手段/オンライン家庭教師・オンライン塾,0,HSC 高校生 オンライン家庭教師
発達特性/その他の特性 × 子どもの属性/高校生 × 解決手段/塾・個別指導,0,HSC 高校生 塾
発達特性/その他の特性 × 子どもの属性/受験生 × 解決手段/家庭教師,0,HSC 受験 家庭教師
発達特性/その他の特性 × 子どもの属性/受験生 × 解決手段/オンライン家庭教師・オンライン塾,0,HSC 受験 オンライン家庭教師
発達特性/その他の特性 × 子どもの属性/受験生 × 解決手段/塾・個別指導,1,HSC 受験 塾
発達特性/その他の特性 × 子どもの属性/不登校 × 解決手段/家庭教師,0,HSC 不登校 家庭教師
発達特性/その他の特性 × 子どもの属性/不登校 × 解決手段/オンライン家庭教師・オンライン塾,0,HSC 不登校 オンライン家庭教師
発達特性/その他の特性 × 子どもの属性/不登校 × 解決手段/塾・個別指導,0,HSC 不登校 塾
