portfolio,priority,keyword,match_type,initial_max_cpc_yen,kwp_monthly_searches,kwp_low_bid,kwp_high_bid,reason,status
発達特性×家庭教師,S,発達障害 家庭教師,フレーズ一致,80,,,,サービス意図が最も直結,TEST
発達特性×家庭教師,S,発達障害 オンライン家庭教師,フレーズ一致,80,,,,オンライン案件と直結,TEST
発達特性×家庭教師,S,発達障害 家庭教師 専門,フレーズ一致,90,,,,専門性ニーズが強い,TEST
発達特性×家庭教師,S,家庭教師 発達障害 対応,フレーズ一致,90,,,,対応可否の比較検討層,TEST
発達特性×家庭教師,S,ADHD 家庭教師,フレーズ一致,70,,,,特性×サービス直結,TEST
発達特性×家庭教師,S,ADHD オンライン家庭教師,フレーズ一致,70,,,,特性×オンライン直結,TEST
発達特性×家庭教師,S,ASD 家庭教師,フレーズ一致,70,,,,特性×サービス直結,TEST
発達特性×家庭教師,S,自閉症 家庭教師,フレーズ一致,70,,,,特性×サービス直結,TEST
発達特性×家庭教師,S,学習障害 家庭教師,フレーズ一致,80,,,,LD系で最も直接的,TEST
発達特性×家庭教師,S,LD 家庭教師,フレーズ一致,60,,,,略称利用者の顕在層,TEST
発達特性×家庭教師,S,グレーゾーン 家庭教師,フレーズ一致,70,,,,診断未確定層まで拾える,TEST
発達特性×家庭教師,A,境界知能 家庭教師,フレーズ一致,60,,,,学習困難×個別支援意図,TEST
不登校×家庭教師,S,不登校 家庭教師,フレーズ一致,80,,,,サービス意図が強い,TEST
不登校×家庭教師,S,不登校 オンライン家庭教師,フレーズ一致,80,,,,オンライン適性が高い,TEST
不登校×家庭教師,A,不登校 学習支援,フレーズ一致,60,,,,家庭教師以外の解決策探索層,TEST
不登校×家庭教師,A,発達障害 不登校 家庭教師,フレーズ一致,80,,,,案件適合性が極めて高い,TEST
発達特性×塾,A,発達障害 塾,フレーズ一致,60,,,,家庭教師への代替提案が可能,TEST
発達特性×塾,A,発達障害 個別指導,フレーズ一致,70,,,,マンツーマン志向と相性良好,TEST
発達特性×塾,A,発達障害 専門 塾,フレーズ一致,70,,,,専門支援を探す層,TEST
発達特性×塾,A,発達障害 オンライン塾,フレーズ一致,70,,,,オンライン解決策探索層,TEST
発達特性×塾,A,グレーゾーン 塾,フレーズ一致,50,,,,準顕在だが案件親和性あり,TEST
発達特性×塾,A,グレーゾーン 個別指導,フレーズ一致,60,,,,個別支援志向,TEST
発達特性×塾,A,ADHD 塾,フレーズ一致,50,,,,代替サービス検討層,TEST
発達特性×塾,A,ADHD 個別指導,フレーズ一致,60,,,,個別指導ニーズ,TEST
比較・申込,S,発達障害 家庭教師 おすすめ,フレーズ一致,90,,,,比較検討の終盤,TEST
比較・申込,S,発達障害 家庭教師 比較,フレーズ一致,90,,,,比較検討の終盤,TEST
比較・申込,S,発達障害 家庭教師 料金,フレーズ一致,90,,,,料金確認の顕在層,TEST
比較・申込,S,発達障害 家庭教師 口コミ,フレーズ一致,80,,,,第三者評価確認層,TEST
比較・申込,S,発達障害 家庭教師 評判,フレーズ一致,80,,,,第三者評価確認層,TEST
比較・申込,S,発達障害 家庭教師 無料体験,フレーズ一致,100,,,,成果地点に最も近い,TEST
悩み→サービス,B,発達障害 塾 合わない,フレーズ一致,40,,,,乗り換え需要,TEST
悩み→サービス,B,発達障害 集団塾 合わない,フレーズ一致,40,,,,個別支援への転換が自然,TEST
悩み→サービス,B,発達障害 理解のある先生,フレーズ一致,40,,,,LP訴求と強く一致,TEST
悩み→サービス,B,発達障害 勉強 ついていけない,フレーズ一致,35,,,,課題顕在だが情報意図混在,TEST
悩み→サービス,B,発達障害 家で勉強しない,フレーズ一致,35,,,,保護者悩みから接続可能,TEST
競合比較,S,キズキ共育塾 口コミ,フレーズ一致,45,140,53,170,不登校系で案件親和性が高くKWP実測あり,TEST
競合比較,S,キズキ共育塾 評判,フレーズ一致,45,20,66,150,不登校系で案件親和性が高い,TEST
競合比較,S,キズキ共育塾 費用,フレーズ一致,45,30,60,187,料金比較意図,TEST
競合比較,S,キズキ共育塾 料金,フレーズ一致,55,50,91,276,料金比較意図,TEST
競合比較,S,リタリコジュニア 辞めたい,フレーズ一致,40,260,59,246,乗り換え意図が強く発達支援文脈,TEST
競合比較,S,リタリコジュニア 評判,フレーズ一致,60,70,118,516,発達支援の比較検討層,TEST
競合比較,A,リタリコジュニア 料金,フレーズ一致,60,260,137,345,料金比較層,TEST
競合比較,A,ノーバス 評判,フレーズ一致,50,20,81,414,家庭教師比較層,TEST
競合比較,A,ノーバス 口コミ,フレーズ一致,50,40,89,381,家庭教師比較層,TEST
競合比較,A,オンライン家庭教師 GIPS 口コミ,フレーズ一致,50,10,82,358,オンライン家庭教師比較層,TEST
競合比較,A,家庭教師の銀河 料金,フレーズ一致,60,20,134,482,家庭教師料金比較層,TEST
競合指名,B,まなぶてらす,完全一致,25,1600,25,331,ブランド単体だがオンライン家庭教師として意味が明確,TEST
競合指名,B,メガスタ,完全一致,60,5400,121,375,オンライン家庭教師の大手競合,TEST
競合指名,B,マナリンク,完全一致,60,3600,152,693,オンライン家庭教師の競合,TEST
