クラスターID,クラスター名,PF,ターゲット適合,ターゲット適合の内訳,LP設計コアKW数,LP設計コア検索Vol,低CPC探索KW数,低CPC探索検索Vol,REVIEW数,EXCLUDE数,代表コアKW,主要KW（全区分・参考）,最初に知りたいこと,ソウガクとの距離,既存王道LP適合,新LP要否,新LPを作る根拠,送客LP（コア）
N01,発達特性×家庭教師・塾（ジャンル名そのもの）,①ジャンル王道,T1 コア,T1 コア:29,29,7710,0,0,0,0,"発達 障害 家庭 教師（3,520） / 発達 障害 の 塾（1,640） / 発達 障害 個別 指導 塾（780） / 発達障害塾どうしてる（520） / 発達 障害 学習 支援（420）","発達 障害 家庭 教師（3,520） / 発達 障害 の 塾（1,640） / 発達 障害 個別 指導 塾（780）",発達特性のある子に合う家庭教師・塾はどこか,近い（ジャンルそのもの）,◎ FVと比較表がそのまま答え,不要,,LP01
N02,発達特性×家庭教師・塾×比較・おすすめ・口コミ,①ジャンル王道,T1 コア,T1 コア:13 / T2 探索:1,13,1220,1,0,0,0,発達 障害 家庭 教師 おすすめ（430） / 発達 障害 塾 おすすめ（420） / 発達 障害 家庭 教師 口コミ（220） / 学習 障害 家庭 教師 おすすめ（120） / 発達 障害 家庭 教師 評判（10）,発達 障害 家庭 教師 おすすめ（430） / 発達 障害 塾 おすすめ（420） / 発達 障害 家庭 教師 口コミ（220）,どこがおすすめか・評判はどうか,近い,◎ 比較表・ランキング,不要,,LP01
N03,特性の種類（ADHD・ASD・LD・グレーゾーン等）×家庭教師・塾,②その他ジャンル,T1 コア,T1 コア:37 / T2 探索:18,37,5820,18,740,0,0,"学習 障害 塾（3,720） / 学習 障害 家庭 教師（370） / ld 学習 支援（310） / adhd 家庭 教師（270） / adhd 塾（220）","学習 障害 塾（3,720） / 学習 障害 家庭 教師（370） / ld 学習 支援（310）",うちの子の特性（ADHD・LD等）に対応してくれる家庭教師・塾はあるか,近い,○ FV「発達障害・グレーゾーン」「診断なしOK」と比較表で答えられる,不要,,LP01
N04,発達特性×オンライン家庭教師・オンライン学習,②その他ジャンル,T1 コア,T1 コア:7 / T2 探索:3,7,190,3,0,0,0,オンライン 家庭 教師 発達 障害（170） / adhd オンライン 家庭 教師（20） / 発達障害グレーゾーン 塾 オンライン（0） / 発達障害 塾 オンライン（0） / 学習 障害 オンライン 家庭 教師（0）,オンライン 家庭 教師 発達 障害（170） / adhd オンライン 家庭 教師（20） / 発達障害グレーゾーン 塾 オンライン（0）,特性のある子にオンライン授業は合うか・どこがあるか,近い（ソウガクの形式そのもの）,○ 本文「オンラインで大丈夫？」で回答,不要,,LP01
N05,発達特性・不登校×家庭教師・塾×料金・費用,②その他ジャンル,T1 コア,T1 コア:7,7,100,0,0,0,0,発達 障害 家庭 教師 料金（100） / 発達障害の塾の値段は？（0） / 発達障害 塾 料金（0） / 発達 障害 家庭 教師 費用（0） / 発達 障害 家庭 教師 無料 体験（0）,発達 障害 家庭 教師 料金（100） / 発達障害の塾の値段は？（0） / 発達障害 塾 料金（0）,特性のある子の家庭教師はいくらかかるか,近い,○ 料金セクション（学年別・入会金・0円項目）で回答,不要,コア8語・小規模。料金FV版は配信データ次第,LP01
N06,発達特性×家庭教師・塾×学年（小学生・中学生・高校生・受験）,②その他ジャンル,T1 コア,T1 コア:70 / T2 探索:27,70,1620,27,50,0,0,発達 障害 塾 中学生（680） / 学習 障害 塾 中学生（280） / 学習 障害 塾 小学生（230） / 発達 障害 中学 受験 塾（100） / 発達 障害 大学 受験 塾（40）,発達 障害 塾 中学生（680） / 学習 障害 塾 中学生（280） / 学習 障害 塾 小学生（230）,うちの子の学年で受けられるか,近い,○ 小中高の料金表で回答,不要,,LP01
N07,発達特性×家庭教師・塾×地域・近く,②その他ジャンル,T1 コア,T1 コア:28 / T2 探索:5,28,420,5,20,0,0,発達障害 塾 近く（110） / 家庭教師 仙台 学習障害（70） / 学習 障害 塾 東京（70） / 発達障害グレーゾーン 塾 埼玉（30） / 発達障害 家庭教師 東京（30）,発達障害 塾 近く（110） / 家庭教師 仙台 学習障害（70） / 学習 障害 塾 東京（70）,近くの発達特性向けの塾・家庭教師はあるか,近い（オンラインへの切替が必要）,△ 地域の答えはないが、オンラインなら近くになくても受けられると示せる,不要（王道LPで受ける）,コアが小規模で、FVを地域に変えるほどの根拠がない,LP01
N09,不登校×家庭教師・塾・オンライン学習・学習支援,②その他ジャンル,T2 探索,T2 探索:64,0,0,64,11430,0,0,,"不 登校 塾（3,190） / 不 登校 家庭 教師（2,880） / 不 登校 塾 中学生（780）",不登校の子が家で学べる方法・サービスはどれか（学習の遅れ・出席扱い）,遠い〜中（対象者を検索語から確定できない）,（コアKWなし）探索は王道LPで受ける,不要（LP根拠にしない）,探索KWのみ。Volは新LP根拠に使わない,—
N10,一般の家庭教師・塾×比較・おすすめ（特性の言及なし）,②その他ジャンル（隣接）,T2 探索,T2 探索:280,0,0,280,60360,0,0,,"塾 おすすめ（8,870） / 予備校 塾 違い（5,800） / 高校 塾 おすすめ（5,060）",どの家庭教師・塾がおすすめか（一般）,遠い〜中（対象者を検索語から確定できない）,（コアKWなし）探索は王道LPで受ける,不要（LP根拠にしない）,探索KWのみ。Volは新LP根拠に使わない,—
N11,一般の家庭教師・塾×料金・費用,②その他ジャンル（隣接）,T2 探索,T2 探索:459,0,0,459,61850,0,0,,"塾 中学生 費用（5,200） / 高校 塾 費用（3,360） / 家庭 教師 料金（3,320）",家庭教師・塾の料金相場はいくらか,遠い〜中（対象者を検索語から確定できない）,（コアKWなし）探索は王道LPで受ける,不要（LP根拠にしない）,探索KWのみ。Volは新LP根拠に使わない,—
N12,一般の家庭教師・塾を探す（素・学年・科目・地域）,②その他ジャンル（隣接）,T2 探索,T2 探索:2467,0,0,2467,1444200,0,0,,"塾（246,000） / 学習 塾（121,000） / 個別 指導 塾（81,080）",家庭教師・塾を探したい（どこがあるか）,遠い〜中（対象者を検索語から確定できない）,（コアKWなし）探索は王道LPで受ける,不要（LP根拠にしない）,探索KWのみ。Volは新LP根拠に使わない,—
N13,オンライン家庭教師・オンライン塾（一般）,②その他ジャンル（隣接）,T2 探索,T2 探索:128,0,0,128,39780,0,0,,"オンライン 家庭 教師（8,870） / 中学 オンライン 塾（5,710） / オンライン 塾（4,720）",オンライン家庭教師はどこがいいか（一般）,遠い〜中（対象者を検索語から確定できない）,（コアKWなし）探索は王道LPで受ける,不要（LP根拠にしない）,探索KWのみ。Volは新LP根拠に使わない,—
N14,直接競合（発達・不登校向け個別指導）×評判・料金・比較・体験,③競合,T2 探索,T2 探索:457,0,0,457,7420,0,0,,"家庭 教師 あすなろ 口コミ（4,050） / あすなろ 家庭 教師 料金（890） / あすなろ 家庭 教師 評判（480）",そのサービスの評判・料金は？他と比べてどうか,遠い〜中（対象者を検索語から確定できない）,（コアKWなし）探索は王道LPで受ける,不要（LP根拠にしない）,探索KWのみ。Volは新LP根拠に使わない,—
N15,直接競合の指名・その他（ブランド名のみ等）,③競合,T2 探索,T2 探索:234,0,0,234,23880,0,0,,"家庭 教師 あすなろ（7,200） / キズキ 共 育 塾（3,800） / キズキ（2,900）",そのサービスの公式サイトに行きたい,遠い〜中（対象者を検索語から確定できない）,（コアKWなし）探索は王道LPで受ける,不要（LP根拠にしない）,探索KWのみ。Volは新LP根拠に使わない,—
N16,カテゴリ競合（一般の塾・家庭教師・通信教材）×評判・口コミ・比較,③競合,T2 探索,T2 探索:1257,0,0,1257,75740,0,0,,"森 塾 口コミ（7,210） / 明光 義塾 口コミ（5,210） / 家庭 教師 トライ 口コミ（3,600）",その塾・教材の評判は？うちの子に合うか,遠い〜中（対象者を検索語から確定できない）,（コアKWなし）探索は王道LPで受ける,不要（LP根拠にしない）,探索KWのみ。Volは新LP根拠に使わない,—
N17,カテゴリ競合×料金・費用,③競合,T2 探索,T2 探索:978,0,0,978,227330,0,0,,"武田 塾 料金（32,280） / スクール ie 料金（18,380） / 家庭 教師 トライ 料金（18,210）",その塾・教材の料金はいくらか,遠い〜中（対象者を検索語から確定できない）,（コアKWなし）探索は王道LPで受ける,不要（LP根拠にしない）,探索KWのみ。Volは新LP根拠に使わない,—
N18,カテゴリ競合の指名・校舎・その他,③競合,T2 探索,T2 探索:5258 / T3 対象外/遠い:1,0,0,5258,1561390,0,1,,"武田 塾（181,230） / スクール ie（148,500） / 明光 義塾（148,440）",その塾・教材の公式サイト／校舎に行きたい,遠い〜中（対象者を検索語から確定できない）,（コアKWなし）探索は王道LPで受ける,不要（LP根拠にしない）,探索KWのみ。Volは新LP根拠に使わない,—
N19,競合×不満・やばい・退会・合わない,③競合,T2 探索,T2 探索:718,0,0,718,32110,0,0,,"武田 塾 やめ とけ（7,200） / 個別 教室 の トライ やばい（4,800） / スクールie やばい（1,900）",そのサービスをやめたい／やめて大丈夫か／次はどこにするか,遠い〜中（対象者を検索語から確定できない）,（コアKWなし）探索は王道LPで受ける,不要（LP根拠にしない）,探索KWのみ。Volは新LP根拠に使わない,—
N20,競合×発達障害・不登校対応の確認,③競合,T3 対象外/遠い,T3 対象外/遠い:1,0,0,0,0,0,1,,adhd トライアスロン（0）,そのサービスは発達障害・不登校に対応しているか,対象外／遠い,—,不要,REVIEW・EXCLUDEのみ,—
N21,終了サービス（メガスタ）の乗り換え,③競合,T2 探索,T2 探索:164,0,0,164,13550,0,0,,"メガスタ（5,400） / メガスタ破産（3,800） / 一橋 セイシン 会（880）",メガスタが終わった／使えない。代わりのサービスはどこか,遠い〜中（対象者を検索語から確定できない）,（コアKWなし）探索は王道LPで受ける,不要（LP根拠にしない）,探索KWのみ。Volは新LP根拠に使わない,—
N23,勉強しない・宿題が進まない・集中できない（家庭学習の悩み・特性の言及なし）,④テール,T2 探索,T2 探索:532,0,0,532,67260,0,0,,"集中 力 続か ない（6,600） / 集中 できない（5,800） / 中学生 勉強 しない（5,740）",子どもが勉強しない・宿題が進まない・集中しない。どうすればいいか,遠い〜中（対象者を検索語から確定できない）,（コアKWなし）探索は王道LPで受ける,不要（LP根拠にしない）,探索KWのみ。Volは新LP根拠に使わない,—
N24,発達特性×勉強・宿題・集中・読み書き等のつまずき,④テール,T1 コア,T1 コア:439 / T2 探索:58 / T3 対象外/遠い:24,300,19750,171,11560,50,0,"adhd 勉強 法（1,090） / adhd 勉強（960） / adhd 勉強 できない（940） / 算数 学習 障害（730） / 漢字 学習 障害（730）","発達 障害 英語（4,030） / adhd 勉強 できる（1,500） / 境界 知能 勉強 は できる（1,240）",特性のある子の勉強のつまずき（集中・読み書き・計算・宿題）にどう対応するか,近い（ソウガクが解決する困りごとそのもの）,× 王道LPは家庭教師の比較が中心で、対応方法に答えていない,要（LP02）,FV・比較表を見せると「知りたいことと違う」と感じる。対象者確度が高く、王道LPと答えが違う,LP02
N25,発達特性の子の子育て・接し方・家庭の困りごと,④テール,T1 コア,T1 コア:51 / T2 探索:12,0,0,63,4620,0,0,,"adhd 癇癪（1,440） / 学習障害 親が できること（480） / adhd 親（480）",特性のある子への接し方・家庭での困りごとの対処,遠い〜中（対象者を検索語から確定できない）,（コアKWなし）探索はLP02で受ける,不要（LP根拠にしない）,探索KWのみ。Volは新LP根拠に使わない,—
N26,発達特性の理解・診断・検査（子どもの文脈あり）,④テール,T1 コア,T1 コア:444 / T2 探索:41,0,0,485,121040,0,0,,"学習 障害（50,310） / 学習 障害 と は（16,640） / adhd 子ども（9,680）",うちの子は発達障害か／特徴・診断・検査はどうするか,遠い〜中（対象者を検索語から確定できない）,（コアKWなし）探索はLP02で受ける,不要（LP根拠にしない）,探索KWのみ。Volは新LP根拠に使わない,—
N28,不登校×勉強の遅れ・学習・進路,④テール,T2 探索,T2 探索:131,0,0,131,18270,0,0,,"不 登校 高校生（4,680） / 不 登校 高校 受験（3,200） / 不 登校 勉強（1,450）",不登校で勉強が遅れている。どう取り戻すか／進路はどうなるか,遠い〜中（対象者を検索語から確定できない）,（コアKWなし）探索は王道LPで受ける,不要（LP根拠にしない）,探索KWのみ。Volは新LP根拠に使わない,—
N29,不登校の悩み・居場所・フリースクール・学校生活,④テール,T2 探索,T2 探索:496,0,0,496,158770,0,0,,"不 登校（74,000） / フリー スクール（27,120） / フリー スクール と は（6,990）",不登校の子にどう接するか／居場所・フリースクールはどこか,遠い〜中（対象者を検索語から確定できない）,（コアKWなし）探索は王道LPで受ける,不要（LP根拠にしない）,探索KWのみ。Volは新LP根拠に使わない,—
N30,療育・放課後等デイサービス・福祉,④テール,T3 対象外/遠い,T3 対象外/遠い:828,0,0,0,0,828,0,,"放課後 等 デイ サービス（90,690） / 放課後 デイ サービス（36,200） / 療育 と は（22,680）",療育・放デイとは何か／どこにあるか／どう使うか,対象外／遠い,—,不要,REVIEW・EXCLUDEのみ,—
N31,一般の勉強法・教科のつまずき（特性・不登校の言及なし）,④テール,T3 対象外/遠い,T3 対象外/遠い:793,0,0,0,0,793,0,,"勉強 法（13,710） / 効率 いい 勉強 法（8,700） / 国語 勉強 法（7,760）",教科の勉強法・苦手の克服法を知りたい,対象外／遠い,—,不要,REVIEW・EXCLUDEのみ,—
N32,家庭学習の教材・アプリ・通信教育,④テール,T3 対象外/遠い,T3 対象外/遠い:297,0,0,0,0,297,0,,"英語 アプリ（36,200） / 勉強 アプリ 中学生（21,600） / ドリル 漢字（14,800）",家で使える教材・アプリ・通信教育はどれがいいか,対象外／遠い,—,不要,REVIEW・EXCLUDEのみ,—
N33,一般の受験・進路情報（特性・不登校の言及なし）,④テール,T3 対象外/遠い,T3 対象外/遠い:1550,0,0,0,0,0,1550,,"中学 受験（270,010） / 公立 高校 入試（148,500） / 受験生 中学生（135,260）",受験の情報（日程・学校・費用・勉強法）を知りたい,対象外／遠い,—,不要,REVIEW・EXCLUDEのみ,—
N34,習い事・教室,④テール,T3 対象外/遠い,T3 対象外/遠い:220,0,0,0,0,0,220,,"小学生 プログラミング（8,960） / 教室 英語（8,800） / 英語 習い事（7,200）",子どもの習い事・教室を探したい,対象外／遠い,—,不要,REVIEW・EXCLUDEのみ,—
N35,隣接ブランド（通信教材・受験塾・療育事業者・情報サイト）×評判・料金・比較・不満,④テール,T2 探索,T1 コア:340 / T2 探索:2186,0,0,2526,191360,0,0,,"公文 月謝（17,770） / くもん 月謝（17,770） / スマイルゼミ 料金（8,650）",その教材・塾・サービスの評判・料金はどうか／やめたい,遠い〜中（対象者を検索語から確定できない）,（コアKWなし）探索は王道LPで受ける,不要（LP根拠にしない）,探索KWのみ。Volは新LP根拠に使わない,—
N36,隣接ブランドの指名・その他,④テール,T3 対象外/遠い,T3 対象外/遠い:2040,0,0,0,0,0,2040,,"スタディサプリ（165,000） / 公文（135,000） / 進研ゼミ中学講座（81,000）",そのサービスの公式サイト・ログイン・教材に行きたい,対象外／遠い,—,不要,REVIEW・EXCLUDEのみ,—
R01,発達特性の一般情報（子どもの文脈なし・大人の可能性）,④テール,T3 対象外/遠い,T3 対象外/遠い:2085,0,0,0,0,2085,0,,"adhd（602,720） / adhd 診断（507,100） / adhd とは（492,000）",発達障害（ADHD等）とは何か・特徴（本人・大人の可能性）,対象外／遠い,—,不要,REVIEW・EXCLUDEのみ,—
R02,一般の学校・学習情報（悩みの文脈なし）,④テール,T3 対象外/遠い,T3 対象外/遠い:5287,0,0,0,0,5287,0,,"英 語（553,600） / 検定 漢字（74,000） / 月 英語（74,000）",教科・学校・行事などの一般情報,対象外／遠い,—,不要,REVIEW・EXCLUDEのみ,—
R03,10/05の機械仕分けでREVIEWになったKW,（KWによる）,T3 対象外/遠い,T3 対象外/遠い:516,0,0,0,0,516,0,,"try works（18,100） / ビバンセ（9,900） / 大学 選び方（3,600）",（KWによる）,対象外／遠い,—,不要,REVIEW・EXCLUDEのみ,—
R05,大人・仕事の文脈（集中できない等）,④テール,T3 対象外/遠い,T3 対象外/遠い:29,0,0,0,0,0,29,,"仕事 集中 できない（3,290） / 工夫 英語（2,400） / 障害 仕事（340）",大人の集中・仕事の悩み,対象外／遠い,—,不要,REVIEW・EXCLUDEのみ,—
R04,競合名×受験生本人のコンテンツ（参考書ルート・動画等）,③競合,T3 対象外/遠い,T3 対象外/遠い:7,0,0,0,0,7,0,,"武田塾 参考書ルート（9,900） / 明光 義塾 振り返り ノート（9,900） / わかっ て tv 武田 塾（1,470）",その塾の動画・参考書ルートを見たい（受験生本人）,対象外／遠い,—,不要,REVIEW・EXCLUDEのみ,—
N05b,不登校×家庭教師・塾×料金（特性の言及なし）,②その他ジャンル,T2 探索,T2 探索:1,0,0,1,30,0,0,,不 登校 家庭 教師 料金（30）,特性のある子の家庭教師・塾はいくらかかるか（相場・内訳・追加費用）,遠い〜中（対象者を検索語から確定できない）,（コアKWなし）探索は王道LPで受ける,不要（LP根拠にしない）,探索KWのみ。Volは新LP根拠に使わない,—
N08a,発達特性×塾・家庭教師が合わない・意味がない,②その他ジャンル,T1 コア,T1 コア:6 / T2 探索:1,6,480,1,0,0,0,発達障害 塾 意味ない（480） / 発達障害 塾 断 られる（0） / 発達 障害 家庭 教師 合わ ない（0） / 学習 障害 集団 塾 合わ ない（0） / グレー ゾーン 集団 塾 合わ ない（0）,発達障害 塾 意味ない（480） / 発達障害 塾 断 られる（0） / 発達 障害 家庭 教師 合わ ない（0）,特性のある子に塾・家庭教師は意味がないのか／合わない時どう選ぶか,近い,○ 「1対1だけで選んでいませんか」と選び方3ポイントが答えになる,不要,,LP01
N08b,塾・家庭教師が合わない・続かない（特性の言及なし）,②その他ジャンル,T2 探索,T2 探索:55,0,0,55,1530,0,0,,塾 辞める（170） / 平岡 塾 ついていけ ない（110） / 塾 合わ ない（110）,今の塾・家庭教師が合わない／続かないときにどうすればいいか,遠い〜中（対象者を検索語から確定できない）,（コアKWなし）探索は王道LPで受ける,不要（LP根拠にしない）,探索KWのみ。Volは新LP根拠に使わない,—
N20a,競合×発達障害・グレーゾーン対応の確認,③競合,T1 コア,T1 コア:818 / T2 探索:173,818,1300,173,0,0,0,家庭 教師 の トライ 発達 障害（280） / スクール ie 発達 障害（270） / 学研 家庭 教師 発達 障害（100） / あすなろ 家庭 教師 発達 障害（90） / 個別 教室 の トライ 発達 障害（80）,家庭 教師 の トライ 発達 障害（280） / スクール ie 発達 障害（270） / 学研 家庭 教師 発達 障害（100）,その競合は発達障害・グレーゾーンに対応しているか,近い,◎ 比較表1行目「発達特性への位置づけ」,不要,,LP01
N20b,競合×不登校対応の確認（特性の言及なし）,③競合,T2 探索,T2 探索:200,0,0,200,1660,0,0,,トライ 不 登校（420） / 家庭 教師 トライ 不 登校（280） / キズキ 不 登校（120）,そのサービスは発達障害・不登校に対応しているか,遠い〜中（対象者を検索語から確定できない）,（コアKWなし）探索は王道LPで受ける,不要（LP根拠にしない）,探索KWのみ。Volは新LP根拠に使わない,—
N22a,発達特性の子への勉強の教え方・親が教えるとぶつかる,④テール,T1 コア,T1 コア:15 / T2 探索:3,15,290,3,40,0,0,発達 障害 勉強 教え 方（110） / 学習 障害 算数 教え 方（30） / 学習 障害 教え 方（30） / ディスレクシア 教え 方（20） / ld 勉強 教え 方（20）,発達 障害 勉強 教え 方（110） / 知 的 障害 勉強 教え 方（40） / 学習 障害 算数 教え 方（30）,特性のある子にどう勉強を教えればいいか,近い（親が先生役を続けない、が王道LPの芯）,△ 気持ちには寄り添えるが「教え方」に答えていない,要（LP02に統合）,「どう対応すればいいか」が最初の答えで、N24と同じ,LP02
N22b,親が勉強を教える・教え方（特性の言及なし）,④テール,T2 探索,T2 探索:9,0,0,9,210,0,0,,中学生 親 勉強 教える（70） / 英語 が 苦手 な 中学生 教え 方（60） / 親子 勉強（30）,親が勉強を教えるとぶつかる。どう教えればいいか／どうすればいいか,遠い〜中（対象者を検索語から確定できない）,（コアKWなし）探索は王道LPで受ける,不要（LP根拠にしない）,探索KWのみ。Volは新LP根拠に使わない,—
N27a,発達特性×受験・進学（高校受験・中学受験・進路）,④テール,T1 コア,T1 コア:120 / T2 探索:7,0,0,127,9740,0,0,,"発達 障害 中学 受験（1,790） / adhd 中学 受験（960） / 発達 障害 高校 受験（520）",特性のある子の受験・進学・進路をどうするか,中（対象者だが、知りたいのは受験・進路）,△ 受験・進路への答えはない,保留（独立LPは作らない。探索後に再判断）,"T1だが最初の答えが「受験・進路」でLP02と異なるため、LP設計コアから外した（127語・月9,740件は根拠に使わない）",—
N27b,発達特性×支援級・通級・学校での対応,④テール,T1 コア,T1 コア:91 / T2 探索:9,0,0,100,3900,0,0,,特別 支援 学級 知 的 障害（340） / 自 閉 情緒 学級（260） / 特別 支援 学級 発達 障害（220）,特性のある子の学校選び・支援級/通級・進路・受験をどうするか,遠い〜中（対象者を検索語から確定できない）,（コアKWなし）探索はLP02で受ける,不要（LP根拠にしない）,探索KWのみ。Volは新LP根拠に使わない,—
N27c,支援級・通級・特別支援（特性語なし）,④テール,T2 探索,T2 探索:379,0,0,379,86380,0,0,,"特別 支援 学級（12,130） / 通 級 と は（10,070） / 支援 学級（4,800）",特性のある子の学校選び・支援級/通級・進路・受験をどうするか,遠い〜中（対象者を検索語から確定できない）,（コアKWなし）探索は王道LPで受ける,不要（LP根拠にしない）,探索KWのみ。Volは新LP根拠に使わない,—
N37,発達特性×不登校（学習・家庭教師・遅れ）,④テール（サービス語ありは②）,T1 コア,T1 コア:23 / T2 探索:3,22,290,4,0,0,0,adhd 不 登校 中学生（90） / adhd 不 登校 小学生（80） / 発達 障害 不 登校 中学生（70） / adhd 不 登校 高校（40） / 発達 障害 不 登校 高校生（10）,adhd 不 登校 中学生（90） / adhd 不 登校 小学生（80） / 発達 障害 不 登校 中学生（70）,特性があって学校に行けない子の学習をどう続けるか,中〜近い,△ 王道LPは不登校に触れていない（体験談に週2登校の例のみ）,LP02のセクションで受ける（単独LPにしない）,対象者確度は高いが、コアの量が小さい。学習の遅れ・家での学び方はLP02の答えと重なる,LP02
