クラスターID,クラスター名,PF,代表KW,KW数,合計検索Vol,主要KW（Vol上位5）,検索者が最初に知りたいこと,ソウガクへの橋,既存LP適合,新LP要否,優先度,理由,送客LP,採否,元KW数（重複統合前）,Intent Lane,Investment Role
N01,発達特性×家庭教師・塾（ジャンル名そのもの）,①ジャンル王道,発達 障害 家庭 教師,31,7710,"発達 障害 家庭 教師（3,520） / 発達 障害 の 塾（1,640） / 発達 障害 個別 指導 塾（780） / 発達障害塾どうしてる（520） / 発達 障害 学習 支援（420）",発達特性のある子に合う家庭教師・塾はどこか（候補と違い）,比較表→選び方→ランキングで「特性を前提にした仕組み」を基準化し、1位ソウガクの無料体験へ,◎ FVと比較表がそのまま答え,不要,S,North①の中心需要。王道LPの母艦そのもの,LP01,採用,47,超顕在,Exploration
N02,発達特性×家庭教師・塾×比較・おすすめ・口コミ,①ジャンル王道,発達 障害 家庭 教師 おすすめ,14,1220,発達 障害 家庭 教師 おすすめ（430） / 発達 障害 塾 おすすめ（420） / 発達 障害 家庭 教師 口コミ（220） / 学習 障害 家庭 教師 おすすめ（120） / 発達 障害 家庭 教師 評判（10）,どこがおすすめか／評判はどうか（ランキング・比較）,比較表とランキングがそのまま答え。独自評価の基準を示してソウガクへ,◎ 比較表・ランキングが前半にある,不要,S,比較・選択ニーズ。王道LPと完全一致,LP01,採用,24,超顕在,Exploration
N03,特性の種類（ADHD・ASD・LD・グレーゾーン等）×家庭教師・塾,②その他ジャンル,学習 障害 塾,59,6560,"学習 障害 塾（3,720） / 学習 障害 家庭 教師（370） / ld 学習 支援（310） / 境界 知能 塾（300） / adhd 家庭 教師（270）",うちの子の特性（ADHD等）に対応してくれる家庭教師・塾はあるか,ソウガクは発達障害・グレーゾーン専門で、診断がなくても受講可。比較表で対応範囲を確認→無料体験,○ FVで「発達障害・グレーゾーン」「診断なしOK」を回答。特性別の記述はない,不要（Search Termsで特性別の差が出たらFV差し替え）,A,欲しい答えは①とほぼ同じ（対応してくれるか）。王道LPのFV・比較表で答えられる,LP01,採用,104,顕在条件,Exploration
N04,発達特性×オンライン家庭教師・オンライン学習,②その他ジャンル,オンライン 家庭 教師 発達 障害,12,190,オンライン 家庭 教師 発達 障害（170） / adhd オンライン 家庭 教師（20） / 発達障害グレーゾーン 塾 オンライン（0） / 発達障害 塾 オンライン（0） / 学習 障害 オンライン 家庭 教師（0）,特性のある子にオンライン授業は合うのか／どこがあるか,王道LPの「オンラインで大丈夫？」と無料体験2回（1回目は保護者面談可）で不安を解消,○ 本文の「オンライン不安」セクションで回答,不要,A,ソウガク自体がオンライン家庭教師。王道LPの本文に専用の回答がある,LP01,採用,20,顕在条件,Exploration
N05,発達特性・不登校×家庭教師・塾×料金・費用,②その他ジャンル,発達 障害 家庭 教師 料金,8,130,発達 障害 家庭 教師 料金（100） / 不 登校 家庭 教師 料金（30） / 発達障害の塾の値段は？（0） / 発達障害 塾 料金（0） / 発達 障害 家庭 教師 費用（0）,特性のある子の家庭教師・塾はいくらかかるか（相場・内訳・追加費用）,料金表（学年別）＋入会金・0円項目・返金保証で「総額が読める」ことを示し、比較表へ,○ 料金セクション（本文後半）で回答。FVでは答えていない,当面不要（王道LP本文で回答。料金FV版は配信データで判断）,B,最初の答えは「いくら」だが、代表8語・月130件と小さい。王道LPの料金セクションで回答（○）。量が出たらFVを料金に差し替えた版を作る,LP01,採用,10,顕在条件,Exploration
N06,発達特性×家庭教師・塾×学年（小学生・中学生・高校生・受験）,②その他ジャンル,発達 障害 塾 中学生,97,1670,発達 障害 塾 中学生（680） / 学習 障害 塾 中学生（280） / 学習 障害 塾 小学生（230） / 発達 障害 中学 受験 塾（100） / 知的障害 塾 中学生（40）,うちの子の学年でも受けられるか／学年に合った指導があるか,ソウガクは小中高対応・学年別料金あり。王道LPの料金表と比較表で回答,○ 学年別料金表で対応学年は分かる。学年別の悩み（受験等）は薄い,不要（受験を含むKWが伸びたら学年別FVを検討）,B,学年で欲しい情報の差は小さい（対応しているか・いくらか）。受験語を含むものだけ差が出る可能性,LP01,採用,134,顕在条件,Exploration
N07,発達特性×家庭教師・塾×地域・近く,②その他ジャンル,発達障害 塾 近く,33,440,発達障害 塾 近く（110） / 家庭教師 仙台 学習障害（70） / 学習 障害 塾 東京（70） / 発達障害グレーゾーン 塾 埼玉（30） / 発達障害 家庭教師 東京（30）,近くで通える発達特性向けの塾・家庭教師はあるか,近くに専門塾がなくても、オンラインなら全国どこでも専門の先生に習える、という橋,△ 地域の答え（近くの教室）はない。オンラインの利点は本文にある,保留（王道LPで少額検証→反応があれば「近くにない」訴求のFV）,C,欲しい答えは近くの教室。オンラインへの切り替え理由をFVで示せるかが未知数,LP01,採用,36,顕在条件,Exploration
N08,塾・家庭教師が合わない・続かない・意味がない（競合名なし）,②その他ジャンル,発達障害 塾 意味ない,62,2010,発達障害 塾 意味ない（480） / 塾 辞める（170） / 平岡 塾 ついていけ ない（110） / 塾 合わ ない（110） / 塾 先生 合わ ない（110）,今の塾・家庭教師が合わない／続かないときにどうすればいいか,合わない理由（ペース・特性理解・先生の支え）を言語化→特性を前提にした仕組みのソウガクへ,△ 王道LPのFV「教えているのに進まない」は近いが、「合わない時の対処」には答えていない,要（②型LP04「合わない・乗り換え」：合わない理由と次の選び方を冒頭で答え、比較表へ）,A,失敗回避・乗り換えニーズで、王道LPのFVでは不自然。競合の不満・退会（③）と同じ回答を使える,LP04,採用,70,顕在条件,Exploration
N09,不登校×家庭教師・塾・オンライン学習・学習支援,②その他ジャンル,不 登校 塾,64,11430,"不 登校 塾（3,190） / 不 登校 家庭 教師（2,880） / 不 登校 塾 中学生（780） / 不 登校 学習 支援（540） / 不 登校 オンライン 家庭 教師（450）",不登校の子が家で学べる方法・サービスはどれか（学習の遅れ・出席扱い）,家から受けられる1対1のオンライン授業。特性の有無を問わず学習の遅れを取り戻す選択肢としてソウガクを提示,× 王道LPは発達特性が前提で、不登校への回答がない,要（②型：不登校の学び方→比較表→ランキング）,A,FVを不登校に合わせると王道KWでは不自然。逆も同じ。※ソウガク公式の不登校対応の事実確認が前提,LP03,採用,114,顕在条件,Exploration
N10,一般の家庭教師・塾×比較・おすすめ（特性の言及なし）,②その他ジャンル（隣接）,塾 おすすめ,280,60360,"塾 おすすめ（8,870） / 予備校 塾 違い（5,800） / 高校 塾 おすすめ（5,060） / 個別 指導 塾 おすすめ（4,900） / 大学 受験 塾 おすすめ（4,800）",どの家庭教師・塾がおすすめか（一般）,「普通の塾が合わない子もいる」という切り口で特性のある子の家庭へ絞る。大半の検索者には該当しない,△ 王道LPは発達特性前提。一般の比較には答えていない,保留（王道LPで少額探索。CVが出たら②合わない系LP04も検証）,C,特性のない子の家庭が大半で、ソウガクの対象と重なる割合が未知,LP01,採用,412,準顕在,Exploration
N11,一般の家庭教師・塾×料金・費用,②その他ジャンル（隣接）,塾 中学生 費用,459,61850,"塾 中学生 費用（5,200） / 高校 塾 費用（3,360） / 家庭 教師 料金（3,320） / 小学生 塾 費用（2,860） / 安い 塾（2,600）",家庭教師・塾の料金相場はいくらか,料金比較から「特性に合わない塾に払い続けるより」という橋は作れるが遠い,△ 料金は後半のみ。一般の相場には答えていない,保留（N05の料金版FVができたら同居させて検証）,C,一般の相場ニーズ。特性のある家庭の割合が未知,LP01,採用,650,準顕在,Exploration
N12,一般の家庭教師・塾を探す（素・学年・科目・地域）,②その他ジャンル（隣接）,塾,2467,1444200,"塾（246,000） / 学習 塾（121,000） / 個別 指導 塾（81,080） / 塾 近く（44,400） / 家庭 教師（33,780）",家庭教師・塾を探したい（どこがあるか）,「集団塾が合わない子」「近くにない」からオンライン個別へ。特性の家庭はごく一部,△ 一般の塾探しには答えていない,保留（王道LPで少額探索。Search Termsで特性・不登校の語が混ざるか見る）,D,最も広い需要。橋が最も長く、特性の家庭に絞れない,LP01,採用,3258,準顕在,Exploration
N13,オンライン家庭教師・オンライン塾（一般）,②その他ジャンル（隣接）,オンライン 家庭 教師,128,39780,"オンライン 家庭 教師（8,870） / 中学 オンライン 塾（5,710） / オンライン 塾（4,720） / 高校 オンライン 塾（4,160） / オンライン 塾 中学生（4,010）",オンライン家庭教師はどこがいいか（一般）,ソウガクもオンライン家庭教師。特性のある子には専門型という選択肢がある、と示す,△ 王道LPは特性前提だが、オンライン家庭教師の比較としては読める,保留（王道LPで少額探索）,C,形式はソウガクと同じ。特性の家庭の割合が未知,LP01,採用,219,準顕在,Exploration
N14,直接競合（発達・不登校向け個別指導）×評判・料金・比較・体験,③競合,家庭 教師 あすなろ 口コミ,457,7420,"家庭 教師 あすなろ 口コミ（4,050） / あすなろ 家庭 教師 料金（890） / あすなろ 家庭 教師 評判（480） / キズキ 共 育 塾 口コミ（280） / キズキ 教育 塾 料金（140）",そのサービスの評判・料金は？他と比べてどうか,王道LPの比較表（ランナー・トライ・サクシード等）と選び方で、特性を前提にした仕組みの違いを示す,○ 比較表に主要な直接競合が載っている。載っていない競合は選び方の基準で比較,不要（競合専用LPは作らない方針）,A,比較検討の最終段階。王道LPの比較表がそのまま答えになる,LP01,採用,596,超顕在,Exploration
N15,直接競合の指名・その他（ブランド名のみ等）,③競合,家庭 教師 あすなろ,234,23880,"家庭 教師 あすなろ（7,200） / キズキ 共 育 塾（3,800） / キズキ（2,900） / キズキ 教育 塾（1,600） / あすなろ 塾（1,030）",そのサービスの公式サイトに行きたい,指名検索の大半は公式へ行く。比較の視点を差し込める一部だけが対象,△ 指名の目的（公式サイト）には答えない,不要（競合専用LPは作らない方針）,C,ナビゲーション目的が多い。王道LPで少額探索し、Search Termsで比較語が付くものだけ残す,LP01,採用,279,超顕在,Exploration
N16,カテゴリ競合（一般の塾・家庭教師・通信教材）×評判・口コミ・比較,③競合,森 塾 口コミ,1257,75740,"森 塾 口コミ（7,210） / 明光 義塾 口コミ（5,210） / 家庭 教師 トライ 口コミ（3,600） / スクール ie 口コミ（3,530） / 武田 塾 評判（3,000）",その塾・教材の評判は？うちの子に合うか,特性のある子には一般の塾が合わない場合がある→特性前提の比較へ,△ 比較表はカテゴリ競合を載せていない。選び方の基準で比較はできる,不要（競合専用LPは作らない方針）,B,一般の塾の利用者・検討者が大半。特性の家庭の割合が未知,LP01,採用,1735,顕在条件,Exploration
N17,カテゴリ競合×料金・費用,③競合,武田 塾 料金,978,227330,"武田 塾 料金（32,280） / スクール ie 料金（18,380） / 家庭 教師 トライ 料金（18,210） / 明光 義塾 料金（17,200） / トライ 個別 教室 料金（13,440）",その塾・教材の料金はいくらか,ソウガクの料金表（追加費用なし・返金保証）との比較で切り替え候補を示す,△ その競合の料金には答えない,不要（競合専用LPは作らない方針）,C,欲しい答えは競合の料金表。王道LPでは答えられない,LP01,採用,1582,顕在条件,Exploration
N18,カテゴリ競合の指名・校舎・その他,③競合,武田 塾,5259,1561400,"武田 塾（181,230） / スクール ie（148,500） / 明光 義塾（148,440） / 家庭 教師 トライ（108,790） / ナビ 個別 指導 学院（81,300）",その塾・教材の公式サイト／校舎に行きたい,大半は公式・校舎へ行く。Search Termsで比較・不満の語が付くものだけ残す,△ 指名の目的には答えない,不要（競合専用LPは作らない方針）,D,ナビゲーション目的が最も強い。探索するなら最低入札で,LP01,採用,5955,準顕在,Exploration
N19,競合×不満・やばい・退会・合わない,③競合,武田 塾 やめ とけ,718,32110,"武田 塾 やめ とけ（7,200） / 個別 教室 の トライ やばい（4,800） / スクールie やばい（1,900） / 武田 塾 やばい（1,440） / 家庭 教師 の トライ やばい（1,440）",そのサービスをやめたい／やめて大丈夫か／次はどこにするか,合わなかった理由→特性を前提にした仕組みで選び直す→ソウガクの無料体験,△ 王道LPは乗り換えの答えを冒頭に持たない,不要（原則どおり王道LPへ。LP04完成後にLP01とLP04の比較検証を提案）,A,欲しい答えは「やめた後どうするか」でN08と同じ。ただし③の送客先は原則王道LP（決定事項）。LP04は競合名をFVに出さない汎用LPなので、検証で移すかはユーザー判断,LP01,採用,851,顕在条件,Exploration
N20,競合×発達障害・不登校対応の確認,③競合,トライ 不 登校,1192,2960,トライ 不 登校（420） / 家庭 教師 トライ 不 登校（280） / 家庭 教師 の トライ 発達 障害（280） / スクール ie 発達 障害（270） / キズキ 不 登校（120）,そのサービスは発達障害・不登校に対応しているか,王道LPの比較表「発達特性への位置づけ」でそのまま答え、専門型のソウガクへ,◎ 比較表の1行目がこの答え,不要,S,特性への対応を比べたい検索者。王道LPの比較表と完全一致,LP01,採用,1541,超顕在,Exploration
N21,終了サービス（メガスタ）の乗り換え,③競合,メガスタ,164,13550,"メガスタ（5,400） / メガスタ破産（3,800） / 一橋 セイシン 会（880） / メガスタ やばい（480） / メガスタ 山内（320）",メガスタが終わった／使えない。代わりのサービスはどこか,代わりのオンライン家庭教師を比較→特性のある子なら専門型のソウガク,○ 比較表とランキングが「代わり探し」に答える,不要,B,乗り換え先探し。王道LPの比較表で答えられる,LP01,採用,190,顕在条件,Exploration
N22,親が教えると喧嘩になる・教え方が分からない,④テール,発達 障害 勉強 教え 方,27,540,発達 障害 勉強 教え 方（110） / 中学生 親 勉強 教える（70） / 英語 が 苦手 な 中学生 教え 方（60） / 知 的 障害 勉強 教え 方（40） / 親子 勉強（30）,親が勉強を教えるとぶつかる。どう教えればいいか／どうすればいいか,王道LPの中心訴求「親が先生役を続けなくていい」。教え方のコツの後に第三者（ソウガク）へ,○ FVと感情ブリッジがこの悩みそのもの。ただし教え方のコツには答えていない,条件付き（④共通テールLP05の主セクション。LP05ができるまでは王道LP（FVが同じ悩み）で検証）,A,王道LPの訴求の芯と同じ悩み。テールの中で最も橋が短い,LP05,採用,33,潜在,Exploration
N23,勉強しない・宿題が進まない・集中できない（家庭学習の悩み・特性の言及なし）,④テール,集中 力 続か ない,532,67260,"集中 力 続か ない（6,600） / 集中 できない（5,800） / 中学生 勉強 しない（5,740） / 勉強 しない 子ども（5,660） / 中学 勉強 しない（3,810）",子どもが勉強しない・宿題が進まない・集中しない。どうすればいいか,「やる気だけではなく学び方が合っていない」こともある→つまずき方に合わせる学び方→ソウガク,△ FVの言葉は合うが、対処法には答えていない,条件付き（④共通テールLP05。できるまでは王道LPのFV「宿題が進まない」で検証）,B,親の悩み。対処法を先に答えないと離脱する。特性の家庭の割合は未知,LP05,採用,787,潜在,Exploration
N24,発達特性×勉強・宿題・集中・読み書き等のつまずき,④テール,発達 障害 英語,523,39380,"発達 障害 英語（4,030） / adhd 勉強 できる（1,500） / 境界 知能 勉強 は できる（1,240） / adhd 勉強 法（1,090） / adhd 勉強（960）",特性のある子の勉強の困りごと（集中・読み書き・計算等）にどう対応するか,特性によるつまずき方の説明→家庭での工夫→つまずき方に合わせて学ぶソウガク,△ 王道LPは比較が中心で、つまずきへの対処には答えていない,要（④型LP02「特性×学習のつまずき」）,S,特性の確度が高く、ソウガクへの橋が最も短いテール。王道LPのFVでは対処法に答えられない,LP02,採用,750,潜在,Exploration
N25,発達特性の子の子育て・接し方・家庭の困りごと,④テール,adhd 癇癪,63,4620,"adhd 癇癪（1,440） / 学習障害 親が できること（480） / adhd 親（480） / asd 癇癪（320） / adhd 原因 母親（320）",特性のある子への接し方・家庭での困りごとの対処,家庭で抱え込まない→学習の部分は専門の先生と分担できる→ソウガク,△ 学習以外の悩みには答えない,条件付き（④共通テールLP05で少額検証→反応が出たらLP02へ統合を検討）,C,特性の家庭である確度は高いが、悩みが学習以外に広い,LP05,採用,77,潜在,Exploration
N26,発達特性の理解・診断・検査（子どもの文脈あり）,④テール,学習 障害,501,121330,"学習 障害（50,310） / 学習 障害 と は（16,640） / adhd 子ども（9,680） / adhd 診断 中学生（3,900） / adhd 中学校（2,140）",うちの子は発達障害か／特徴・診断・検査はどうするか,診断がなくても・グレーゾーンでも相談できる学習支援がある、という橋,× 医療・診断の答えはLPでは出せない,保留（王道LPのFV「診断がなくても相談できます」で少額検証→LP05）,C,診断の答えを求める段階。ソウガクは医療ではないため橋は「診断なしで相談可」に限る,LP05,採用,723,潜在,Exploration
N27,発達特性×学校・支援級・通級・進路・受験,④テール,特別 支援 学級,606,100020,"特別 支援 学級（12,130） / 通 級 と は（10,070） / 支援 学級（4,800） / 通 級 指導 教室 と は（4,450） / 通 級（3,600）",特性のある子の学校選び・支援級/通級・進路・受験をどうするか,学校の選択とは別に、家庭で学習の遅れや受験に備える手段としてソウガク,△ 学校・進路の答えはない,LP02のセクションとして同居（量と反応が出たら分離を検討）,B,特性の家庭である確度は高い。欲しい答えは学校・進路で、学習支援はその次,LP02,採用,839,準顕在,Exploration
N28,不登校×勉強の遅れ・学習・進路,④テール,不 登校 高校生,131,18270,"不 登校 高校生（4,680） / 不 登校 高校 受験（3,200） / 不 登校 勉強（1,450） / 高校 ひきこもり（960） / 不 登校 中学 受験（780）",不登校で勉強が遅れている。どう取り戻すか／進路はどうなるか,家から受けられる1対1の授業で遅れを取り戻す→ソウガク,× 王道LPに不登校の回答はない,要（②型LP03の冒頭で同時に答える）,A,不登校×サービス（N09）と答えがほぼ同じ。LP03に同居,LP03,採用,191,準顕在,Exploration
N29,不登校の悩み・居場所・フリースクール・学校生活,④テール,不 登校,496,158770,"不 登校（74,000） / フリー スクール（27,120） / フリー スクール と は（6,990） / オルタナティブ スクール（5,400） / 小学生 フリー スクール（2,960）",不登校の子にどう接するか／居場所・フリースクールはどこか,居場所・学校とは別に、学習を家で続ける手段としてソウガク,× 王道LPに回答なし,保留（LP03で少額検証。反応が出たら④型の不登校LPへ分離）,C,欲しい答えは居場所・接し方で、学習支援は二次,LP03,採用,625,潜在,Exploration
N30,療育・放課後等デイサービス・福祉,④テール,放課後 等 デイ サービス,828,314220,"放課後 等 デイ サービス（90,690） / 放課後 デイ サービス（36,200） / 療育 と は（22,680） / 療育（22,230） / 放課後 デイ サービス と は（18,360）",療育・放デイとは何か／どこにあるか／どう使うか,療育と並行して学習面を専門の先生に任せる選択肢、という橋,× 王道LPに回答なし,保留（LP02で少額検証。施設名の指名は除外候補）,D,欲しい答えは福祉サービスの情報・施設。ソウガクは療育ではない,LP02,採用,970,準顕在,Exploration
N31,一般の勉強法・教科のつまずき（特性・不登校の言及なし）,④テール,勉強 法,793,217720,"勉強 法（13,710） / 効率 いい 勉強 法（8,700） / 国語 勉強 法（7,760） / 苦手 英語（7,480） / 社会 勉強 法（6,540）",教科の勉強法・苦手の克服法を知りたい,1人で克服できない場合に1対1で教わる選択肢、という橋。本人検索が多い,× 王道LPに回答なし,保留（LP05で少額検証。本人検索が多ければ除外へ）,D,検索者が子ども本人の可能性が高く、申込者（保護者）とずれる,LP05,採用,1134,潜在,Exploration
N32,家庭学習の教材・アプリ・通信教育,④テール,英語 アプリ,297,200010,"英語 アプリ（36,200） / 勉強 アプリ 中学生（21,600） / ドリル 漢字（14,800） / アプリ 勉強（12,110） / プリント 算数（12,100）",家で使える教材・アプリ・通信教育はどれがいいか,教材だけでは続かない子には人が見る学び方、という橋,△ 教材比較には答えない,保留（LP05で少額検証）,C,家庭学習の手段を探す保護者。教材と家庭教師は代替関係になりうる,LP05,採用,423,準顕在,Exploration
N33,一般の受験・進路情報（特性・不登校の言及なし）,④テール,中学 受験,1550,1604420,"中学 受験（270,010） / 公立 高校 入試（148,500） / 受験生 中学生（135,260） / 受験 中学生（135,260） / 高校 受験（99,960）",受験の情報（日程・学校・費用・勉強法）を知りたい,受験対策の手段として1対1、という橋は作れるが遠い,× 回答なし,保留（少額探索のみ。反応がなければDORMANT）,D,一般の受験情報。特性の家庭に絞れない,LP05,採用,1842,準顕在,Exploration
N34,習い事・教室,④テール,小学生 プログラミング,220,73610,"小学生 プログラミング（8,960） / 教室 英語（8,800） / 英語 習い事（7,200） / スクール アイ（5,400） / 子ども 習い事（3,800）",子どもの習い事・教室を探したい,学習系の習い事の比較から1対1の学習へ、という橋。遠い,× 回答なし,保留（少額探索のみ）,D,学習支援とは目的が異なる場合が多い,LP05,採用,288,準顕在,Exploration
N35,隣接ブランド（通信教材・受験塾・療育事業者・情報サイト）×評判・料金・比較・不満,④テール,公文 月謝,2526,191360,"公文 月謝（17,770） / くもん 月謝（17,770） / スマイルゼミ 料金（8,650） / スマイルゼミ 口コミ（7,200） / スマイルゼミ 解約（6,600）",その教材・塾・サービスの評判・料金はどうか／やめたい,教材や集団指導が合わない子には1対1で特性を前提にした学び方、という橋,△ 王道LPの比較表には載らない。選び方の基準では比較できる,保留（王道LPで少額探索。決定事項により③ではなく④で管理）,C,決定事項（③再定義）で受験塾・教材・療育・情報サイトは③から④へ。保護者の家庭学習手段の検討を含む,LP01,採用,3000,準顕在,Exploration
N36,隣接ブランドの指名・その他,④テール,スタディサプリ,2040,1556100,"スタディサプリ（165,000） / 公文（135,000） / 進研ゼミ中学講座（81,000） / スマイルゼミ（74,000） / 進研ゼミ（60,500）",そのサービスの公式サイト・ログイン・教材に行きたい,大半は公式サイトへ行く。橋はほぼない,× 指名の目的には答えない,保留（少額探索のみ。Search Termsで比較語が付くものだけ残す）,D,指名・ナビゲーション目的。決定事項により④で管理,LP01,採用,2217,準顕在,Exploration
R01,発達特性の一般情報（子どもの文脈なし・大人の可能性）,④テール,adhd,2085,3149060,"adhd（602,720） / adhd 診断（507,100） / adhd とは（492,000） / asd（336,270） / 発達 障害（214,200）",発達障害（ADHD等）とは何か・特徴（本人・大人の可能性）,子どもの保護者に限れれば「診断なしで相談可」が橋。大人の当事者だと対象外,× 回答なし,—,—,検索者が大人の当事者か保護者か判断できない（成人は対象外）,—,REVIEW,2444,—,—
R02,一般の学校・学習情報（悩みの文脈なし）,④テール,英 語,5287,4567050,"英 語（553,600） / 検定 漢字（74,000） / 月 英語（74,000） / 英語 中学生（64,100） / 小学校 英語（59,400）",教科・学校・行事などの一般情報,成約ストーリーをほぼ作れない（例：英語、高校 大阪）,× 回答なし,—,—,ソウガクへの橋が成立するか判断できない。人が見て採否を決める,—,REVIEW,6861,—,—
R03,10/05の機械仕分けでREVIEWになったKW,（KWによる）,try works,516,83760,"try works（18,100） / ビバンセ（9,900） / 大学 選び方（3,600） / 試験 資格（2,900） / 勉強 資格（2,900）",（KWによる）,（KWによる）,—,—,—,固有名詞×料金/口コミ、トライ＋地名、講師/先生語のみ等。10/05の判定を維持,—,REVIEW,557,—,—
R05,大人・仕事の文脈（集中できない等）,④テール,仕事 集中 できない,29,7020,"仕事 集中 できない（3,290） / 工夫 英語（2,400） / 障害 仕事（340） / 仕事 集中 力 が 続か ない（210） / パニック 仕事（180）",大人の集中・仕事の悩み,対象外（ソウガクは小中高生）,×,—,—,検索者が大人の可能性が高い,—,REVIEW,38,—,—
R04,競合名×受験生本人のコンテンツ（参考書ルート・動画等）,③競合,武田塾 参考書ルート,7,22290,"武田塾 参考書ルート（9,900） / 明光 義塾 振り返り ノート（9,900） / わかっ て tv 武田 塾（1,470） / 武田塾 ふーみん（1,000） / 武田 塾 ルート 評判（10）",その塾の動画・参考書ルートを見たい（受験生本人）,保護者の比較検討ではない可能性が高い,×,—,—,検索者が受験生本人。保護者の申込とずれる,—,REVIEW,8,—,—
