代表KW,元KW数,検索Vol,PF,ターゲット適合,運用区分,クラスターID,クラスター名,対象者と判断した根拠
ワーキング メモリ 低い 勉強 法,1,140,④テール,T2 探索,低CPC探索,N24,発達特性×勉強・宿題・集中・読み書き等のつまずき,HSC・ギフテッド等：公式の対象表記（発達障害・グレーゾーン）に含まれるか未確認
hsc 勉強 しない,2,20,④テール,T2 探索,低CPC探索,N24,発達特性×勉強・宿題・集中・読み書き等のつまずき,HSC・ギフテッド等：公式の対象表記（発達障害・グレーゾーン）に含まれるか未確認
hsc 勉強 法,2,20,④テール,T2 探索,低CPC探索,N24,発達特性×勉強・宿題・集中・読み書き等のつまずき,HSC・ギフテッド等：公式の対象表記（発達障害・グレーゾーン）に含まれるか未確認
hsc 宿題 癇癪,1,20,④テール,T2 探索,低CPC探索,N24,発達特性×勉強・宿題・集中・読み書き等のつまずき,HSC・ギフテッド等：公式の対象表記（発達障害・グレーゾーン）に含まれるか未確認
ギフテッド 勉強,1,20,④テール,T2 探索,低CPC探索,N24,発達特性×勉強・宿題・集中・読み書き等のつまずき,HSC・ギフテッド等：公式の対象表記（発達障害・グレーゾーン）に含まれるか未確認
hsc 勉強,1,10,④テール,T2 探索,低CPC探索,N24,発達特性×勉強・宿題・集中・読み書き等のつまずき,HSC・ギフテッド等：公式の対象表記（発達障害・グレーゾーン）に含まれるか未確認
hsc 勉強 嫌い,1,10,④テール,T2 探索,低CPC探索,N24,発達特性×勉強・宿題・集中・読み書き等のつまずき,HSC・ギフテッド等：公式の対象表記（発達障害・グレーゾーン）に含まれるか未確認
hsc 勉強 苦手,1,10,④テール,T2 探索,低CPC探索,N24,発達特性×勉強・宿題・集中・読み書き等のつまずき,HSC・ギフテッド等：公式の対象表記（発達障害・グレーゾーン）に含まれるか未確認
hsc 宿題,1,10,④テール,T2 探索,低CPC探索,N24,発達特性×勉強・宿題・集中・読み書き等のつまずき,HSC・ギフテッド等：公式の対象表記（発達障害・グレーゾーン）に含まれるか未確認
ギフテッド 宿題,1,10,④テール,T2 探索,低CPC探索,N24,発達特性×勉強・宿題・集中・読み書き等のつまずき,HSC・ギフテッド等：公式の対象表記（発達障害・グレーゾーン）に含まれるか未確認
ギフテッド 宿題 しない,1,10,④テール,T2 探索,低CPC探索,N24,発達特性×勉強・宿題・集中・読み書き等のつまずき,HSC・ギフテッド等：公式の対象表記（発達障害・グレーゾーン）に含まれるか未確認
ワーキング メモリ 低い 勉強,1,10,④テール,T2 探索,低CPC探索,N24,発達特性×勉強・宿題・集中・読み書き等のつまずき,HSC・ギフテッド等：公式の対象表記（発達障害・グレーゾーン）に含まれるか未確認
ワーキング メモリー が 低い 人 の 勉強 法,1,10,④テール,T2 探索,低CPC探索,N24,発達特性×勉強・宿題・集中・読み書き等のつまずき,HSC・ギフテッド等：公式の対象表記（発達障害・グレーゾーン）に含まれるか未確認
hsc 勉強 できる,1,0,④テール,T2 探索,低CPC探索,N24,発達特性×勉強・宿題・集中・読み書き等のつまずき,HSC・ギフテッド等：公式の対象表記（発達障害・グレーゾーン）に含まれるか未確認
hsc 勉強 遅れ 取り戻す,1,0,④テール,T2 探索,低CPC探索,N24,発達特性×勉強・宿題・集中・読み書き等のつまずき,HSC・ギフテッド等：公式の対象表記（発達障害・グレーゾーン）に含まれるか未確認
hsc 家 で 勉強 しない,1,0,④テール,T2 探索,低CPC探索,N24,発達特性×勉強・宿題・集中・読み書き等のつまずき,HSC・ギフテッド等：公式の対象表記（発達障害・グレーゾーン）に含まれるか未確認
hsc 授業 ついていけ ない,1,0,④テール,T2 探索,低CPC探索,N24,発達特性×勉強・宿題・集中・読み書き等のつまずき,HSC・ギフテッド等：公式の対象表記（発達障害・グレーゾーン）に含まれるか未確認
hsc 算数,1,0,④テール,T2 探索,低CPC探索,N24,発達特性×勉強・宿題・集中・読み書き等のつまずき,HSC・ギフテッド等：公式の対象表記（発達障害・グレーゾーン）に含まれるか未確認
hsc 読み書き,1,0,④テール,T2 探索,低CPC探索,N24,発達特性×勉強・宿題・集中・読み書き等のつまずき,HSC・ギフテッド等：公式の対象表記（発達障害・グレーゾーン）に含まれるか未確認
hsc 集中 できない,2,0,④テール,T2 探索,低CPC探索,N24,発達特性×勉強・宿題・集中・読み書き等のつまずき,HSC・ギフテッド等：公式の対象表記（発達障害・グレーゾーン）に含まれるか未確認
場面 緘黙 学習,1,0,④テール,T2 探索,低CPC探索,N24,発達特性×勉強・宿題・集中・読み書き等のつまずき,HSC・ギフテッド等：公式の対象表記（発達障害・グレーゾーン）に含まれるか未確認
感覚 過敏 勉強,1,0,④テール,T2 探索,低CPC探索,N24,発達特性×勉強・宿題・集中・読み書き等のつまずき,HSC・ギフテッド等：公式の対象表記（発達障害・グレーゾーン）に含まれるか未確認
adhd 癇癪,2,1440,④テール,T1 コア,低CPC探索,N25,発達特性の子の子育て・接し方・家庭の困りごと,対象者（特性のある子の保護者）だが、知りたいのは子育て・接し方で学習支援から遠い
adhd 親,1,480,④テール,T1 コア,低CPC探索,N25,発達特性の子の子育て・接し方・家庭の困りごと,対象者（特性のある子の保護者）だが、知りたいのは子育て・接し方で学習支援から遠い
学習障害 親が できること,1,480,④テール,T1 コア,低CPC探索,N25,発達特性の子の子育て・接し方・家庭の困りごと,対象者（特性のある子の保護者）だが、知りたいのは子育て・接し方で学習支援から遠い
adhd 原因 母親,1,320,④テール,T1 コア,低CPC探索,N25,発達特性の子の子育て・接し方・家庭の困りごと,対象者（特性のある子の保護者）だが、知りたいのは子育て・接し方で学習支援から遠い
asd 癇癪,1,320,④テール,T1 コア,低CPC探索,N25,発達特性の子の子育て・接し方・家庭の困りごと,対象者（特性のある子の保護者）だが、知りたいのは子育て・接し方で学習支援から遠い
asd 親,2,160,④テール,T1 コア,低CPC探索,N25,発達特性の子の子育て・接し方・家庭の困りごと,対象者（特性のある子の保護者）だが、知りたいのは子育て・接し方で学習支援から遠い
adhd 学校 対応,2,140,④テール,T1 コア,低CPC探索,N25,発達特性の子の子育て・接し方・家庭の困りごと,対象者（特性のある子の保護者）だが、知りたいのは子育て・接し方で学習支援から遠い
adhd 小学生 対応,3,90,④テール,T1 コア,低CPC探索,N25,発達特性の子の子育て・接し方・家庭の困りごと,対象者（特性のある子の保護者）だが、知りたいのは子育て・接し方で学習支援から遠い
adhd 親 ストレス,1,90,④テール,T1 コア,低CPC探索,N25,発達特性の子の子育て・接し方・家庭の困りごと,対象者（特性のある子の保護者）だが、知りたいのは子育て・接し方で学習支援から遠い
学習 障害 の 対応,3,90,④テール,T1 コア,低CPC探索,N25,発達特性の子の子育て・接し方・家庭の困りごと,対象者（特性のある子の保護者）だが、知りたいのは子育て・接し方で学習支援から遠い
父親 発達 障害 特徴,1,90,④テール,T1 コア,低CPC探索,N25,発達特性の子の子育て・接し方・家庭の困りごと,対象者（特性のある子の保護者）だが、知りたいのは子育て・接し方で学習支援から遠い
adhd 原因 親,1,70,④テール,T1 コア,低CPC探索,N25,発達特性の子の子育て・接し方・家庭の困りごと,対象者（特性のある子の保護者）だが、知りたいのは子育て・接し方で学習支援から遠い
adhd 癇癪 対応,1,70,④テール,T1 コア,低CPC探索,N25,発達特性の子の子育て・接し方・家庭の困りごと,対象者（特性のある子の保護者）だが、知りたいのは子育て・接し方で学習支援から遠い
hsc 不登校 家での過ごし方,1,70,④テール,T2 探索,低CPC探索,N25,発達特性の子の子育て・接し方・家庭の困りごと,特性の状態語のみ（HSC・ギフテッド等は公式の対象表記に含まれるか未確認）
ギフテッド 小学校 対応,1,70,④テール,T2 探索,低CPC探索,N25,発達特性の子の子育て・接し方・家庭の困りごと,特性の状態語のみ（HSC・ギフテッド等は公式の対象表記に含まれるか未確認）
adhd 親子,2,60,④テール,T1 コア,低CPC探索,N25,発達特性の子の子育て・接し方・家庭の困りごと,対象者（特性のある子の保護者）だが、知りたいのは子育て・接し方で学習支援から遠い
hsc 癇癪,2,50,④テール,T2 探索,低CPC探索,N25,発達特性の子の子育て・接し方・家庭の困りごと,特性の状態語のみ（HSC・ギフテッド等は公式の対象表記に含まれるか未確認）
adhd ママ,1,40,④テール,T1 コア,低CPC探索,N25,発達特性の子の子育て・接し方・家庭の困りごと,対象者（特性のある子の保護者）だが、知りたいのは子育て・接し方で学習支援から遠い
境界 知能 癇癪,2,40,④テール,T1 コア,低CPC探索,N25,発達特性の子の子育て・接し方・家庭の困りごと,対象者（特性のある子の保護者）だが、知りたいのは子育て・接し方で学習支援から遠い
adhd 中学生 対応,2,30,④テール,T1 コア,低CPC探索,N25,発達特性の子の子育て・接し方・家庭の困りごと,対象者（特性のある子の保護者）だが、知りたいのは子育て・接し方で学習支援から遠い
ld 対応 学校,3,30,④テール,T1 コア,低CPC探索,N25,発達特性の子の子育て・接し方・家庭の困りごと,対象者（特性のある子の保護者）だが、知りたいのは子育て・接し方で学習支援から遠い
発達 障害 小学校 対応,1,30,④テール,T1 コア,低CPC探索,N25,発達特性の子の子育て・接し方・家庭の困りごと,対象者（特性のある子の保護者）だが、知りたいのは子育て・接し方で学習支援から遠い
adhd 理解 されない 親,1,20,④テール,T1 コア,低CPC探索,N25,発達特性の子の子育て・接し方・家庭の困りごと,対象者（特性のある子の保護者）だが、知りたいのは子育て・接し方で学習支援から遠い
adhd 癇癪 小学生,1,20,④テール,T1 コア,低CPC探索,N25,発達特性の子の子育て・接し方・家庭の困りごと,対象者（特性のある子の保護者）だが、知りたいのは子育て・接し方で学習支援から遠い
adhd 親 の 会 東京,1,20,④テール,T1 コア,低CPC探索,N25,発達特性の子の子育て・接し方・家庭の困りごと,対象者（特性のある子の保護者）だが、知りたいのは子育て・接し方で学習支援から遠い
adhd 親 特徴,1,20,④テール,T1 コア,低CPC探索,N25,発達特性の子の子育て・接し方・家庭の困りごと,対象者（特性のある子の保護者）だが、知りたいのは子育て・接し方で学習支援から遠い
adhd 高校生 対応,1,20,④テール,T1 コア,低CPC探索,N25,発達特性の子の子育て・接し方・家庭の困りごと,対象者（特性のある子の保護者）だが、知りたいのは子育て・接し方で学習支援から遠い
asd かんしゃく,1,20,④テール,T1 コア,低CPC探索,N25,発達特性の子の子育て・接し方・家庭の困りごと,対象者（特性のある子の保護者）だが、知りたいのは子育て・接し方で学習支援から遠い
asd 親子,1,20,④テール,T1 コア,低CPC探索,N25,発達特性の子の子育て・接し方・家庭の困りごと,対象者（特性のある子の保護者）だが、知りたいのは子育て・接し方で学習支援から遠い
hsc 癇癪 対応,1,20,④テール,T2 探索,低CPC探索,N25,発達特性の子の子育て・接し方・家庭の困りごと,特性の状態語のみ（HSC・ギフテッド等は公式の対象表記に含まれるか未確認）
hsc 癇癪 小学生,1,20,④テール,T2 探索,低CPC探索,N25,発達特性の子の子育て・接し方・家庭の困りごと,特性の状態語のみ（HSC・ギフテッド等は公式の対象表記に含まれるか未確認）
ディスレクシア 学校 対応,1,20,④テール,T1 コア,低CPC探索,N25,発達特性の子の子育て・接し方・家庭の困りごと,対象者（特性のある子の保護者）だが、知りたいのは子育て・接し方で学習支援から遠い
学習 障害 対応 の 仕方,1,20,④テール,T1 コア,低CPC探索,N25,発達特性の子の子育て・接し方・家庭の困りごと,対象者（特性のある子の保護者）だが、知りたいのは子育て・接し方で学習支援から遠い
発達 障害 中学生 対応,1,20,④テール,T1 コア,低CPC探索,N25,発達特性の子の子育て・接し方・家庭の困りごと,対象者（特性のある子の保護者）だが、知りたいのは子育て・接し方で学習支援から遠い
ADHDの母親の特徴は？,1,10,④テール,T1 コア,低CPC探索,N25,発達特性の子の子育て・接し方・家庭の困りごと,対象者（特性のある子の保護者）だが、知りたいのは子育て・接し方で学習支援から遠い
adhd 子ども 対応,1,10,④テール,T1 コア,低CPC探索,N25,発達特性の子の子育て・接し方・家庭の困りごと,対象者（特性のある子の保護者）だが、知りたいのは子育て・接し方で学習支援から遠い
adhd 生徒 対応,1,10,④テール,T1 コア,低CPC探索,N25,発達特性の子の子育て・接し方・家庭の困りごと,対象者（特性のある子の保護者）だが、知りたいのは子育て・接し方で学習支援から遠い
adhd 親 相談,1,10,④テール,T1 コア,低CPC探索,N25,発達特性の子の子育て・接し方・家庭の困りごと,対象者（特性のある子の保護者）だが、知りたいのは子育て・接し方で学習支援から遠い
adhd 診断 親,1,10,④テール,T1 コア,低CPC探索,N25,発達特性の子の子育て・接し方・家庭の困りごと,対象者（特性のある子の保護者）だが、知りたいのは子育て・接し方で学習支援から遠い
アスペルガー 癇癪 小学生,1,10,④テール,T1 コア,低CPC探索,N25,発達特性の子の子育て・接し方・家庭の困りごと,対象者（特性のある子の保護者）だが、知りたいのは子育て・接し方で学習支援から遠い
ギフテッド 学校 対応,1,10,④テール,T2 探索,低CPC探索,N25,発達特性の子の子育て・接し方・家庭の困りごと,特性の状態語のみ（HSC・ギフテッド等は公式の対象表記に含まれるか未確認）
場面 緘黙 症 小学生 対応,1,10,④テール,T2 探索,低CPC探索,N25,発達特性の子の子育て・接し方・家庭の困りごと,特性の状態語のみ（HSC・ギフテッド等は公式の対象表記に含まれるか未確認）
多動症 親,1,10,④テール,T1 コア,低CPC探索,N25,発達特性の子の子育て・接し方・家庭の困りごと,対象者（特性のある子の保護者）だが、知りたいのは子育て・接し方で学習支援から遠い
学習 障害 子育て,1,10,④テール,T1 コア,低CPC探索,N25,発達特性の子の子育て・接し方・家庭の困りごと,対象者（特性のある子の保護者）だが、知りたいのは子育て・接し方で学習支援から遠い
学習 障害 小学生 対応,1,10,④テール,T1 コア,低CPC探索,N25,発達特性の子の子育て・接し方・家庭の困りごと,対象者（特性のある子の保護者）だが、知りたいのは子育て・接し方で学習支援から遠い
学習 障害 育て 方,1,10,④テール,T1 コア,低CPC探索,N25,発達特性の子の子育て・接し方・家庭の困りごと,対象者（特性のある子の保護者）だが、知りたいのは子育て・接し方で学習支援から遠い
hsc 癇癪 中学生,1,0,④テール,T2 探索,低CPC探索,N25,発達特性の子の子育て・接し方・家庭の困りごと,特性の状態語のみ（HSC・ギフテッド等は公式の対象表記に含まれるか未確認）
hsc 親 教え られ ない,1,0,④テール,T2 探索,低CPC探索,N25,発達特性の子の子育て・接し方・家庭の困りごと,特性の状態語のみ（HSC・ギフテッド等は公式の対象表記に含まれるか未確認）
グレー ゾーン 親 教え られ ない,1,0,④テール,T1 コア,低CPC探索,N25,発達特性の子の子育て・接し方・家庭の困りごと,対象者（特性のある子の保護者）だが、知りたいのは子育て・接し方で学習支援から遠い
グレーゾーン 癇癪,2,0,④テール,T1 コア,低CPC探索,N25,発達特性の子の子育て・接し方・家庭の困りごと,対象者（特性のある子の保護者）だが、知りたいのは子育て・接し方で学習支援から遠い
グレーゾーン 癇癪 対応,1,0,④テール,T1 コア,低CPC探索,N25,発達特性の子の子育て・接し方・家庭の困りごと,対象者（特性のある子の保護者）だが、知りたいのは子育て・接し方で学習支援から遠い
境界 知能 親 教え られ ない,1,0,④テール,T1 コア,低CPC探索,N25,発達特性の子の子育て・接し方・家庭の困りごと,対象者（特性のある子の保護者）だが、知りたいのは子育て・接し方で学習支援から遠い
子供 完璧主義 癇癪 hsc,1,0,④テール,T2 探索,低CPC探索,N25,発達特性の子の子育て・接し方・家庭の困りごと,特性の状態語のみ（HSC・ギフテッド等は公式の対象表記に含まれるか未確認）
学習 障害 子育て 辛い,1,0,④テール,T1 コア,低CPC探索,N25,発達特性の子の子育て・接し方・家庭の困りごと,対象者（特性のある子の保護者）だが、知りたいのは子育て・接し方で学習支援から遠い
学習 障害 親 教え られ ない,1,0,④テール,T1 コア,低CPC探索,N25,発達特性の子の子育て・接し方・家庭の困りごと,対象者（特性のある子の保護者）だが、知りたいのは子育て・接し方で学習支援から遠い
学習障害 癇癪,1,0,④テール,T1 コア,低CPC探索,N25,発達特性の子の子育て・接し方・家庭の困りごと,対象者（特性のある子の保護者）だが、知りたいのは子育て・接し方で学習支援から遠い
癇癪持ち グレーゾーン,1,0,④テール,T1 コア,低CPC探索,N25,発達特性の子の子育て・接し方・家庭の困りごと,対象者（特性のある子の保護者）だが、知りたいのは子育て・接し方で学習支援から遠い
発達障害 グレーゾーン 癇癪,1,0,④テール,T1 コア,低CPC探索,N25,発達特性の子の子育て・接し方・家庭の困りごと,対象者（特性のある子の保護者）だが、知りたいのは子育て・接し方で学習支援から遠い
発達障害 ゲーム 癇癪,1,0,④テール,T1 コア,低CPC探索,N25,発達特性の子の子育て・接し方・家庭の困りごと,対象者（特性のある子の保護者）だが、知りたいのは子育て・接し方で学習支援から遠い
発達障害の中学生への対応は？,1,0,④テール,T1 コア,低CPC探索,N25,発達特性の子の子育て・接し方・家庭の困りごと,対象者（特性のある子の保護者）だが、知りたいのは子育て・接し方で学習支援から遠い
発達障害の子を持つ親にかける言葉は？,1,0,④テール,T1 コア,低CPC探索,N25,発達特性の子の子育て・接し方・家庭の困りごと,対象者（特性のある子の保護者）だが、知りたいのは子育て・接し方で学習支援から遠い
発達障害の母親の特徴は？,1,0,④テール,T1 コア,低CPC探索,N25,発達特性の子の子育て・接し方・家庭の困りごと,対象者（特性のある子の保護者）だが、知りたいのは子育て・接し方で学習支援から遠い
自閉症 ゲーム 癇癪,1,0,④テール,T1 コア,低CPC探索,N25,発達特性の子の子育て・接し方・家庭の困りごと,対象者（特性のある子の保護者）だが、知りたいのは子育て・接し方で学習支援から遠い
学習 障害,15,50310,④テール,T1 コア,低CPC探索,N26,発達特性の理解・診断・検査（子どもの文脈あり）,対象者（特性のある子の保護者）だが、知りたいのは診断・特徴で学習支援から遠い
学習 障害 と は,7,16640,④テール,T1 コア,低CPC探索,N26,発達特性の理解・診断・検査（子どもの文脈あり）,対象者（特性のある子の保護者）だが、知りたいのは診断・特徴で学習支援から遠い
adhd 子ども,3,9680,④テール,T1 コア,低CPC探索,N26,発達特性の理解・診断・検査（子どもの文脈あり）,対象者（特性のある子の保護者）だが、知りたいのは診断・特徴で学習支援から遠い
adhd 診断 中学生,3,3900,④テール,T1 コア,低CPC探索,N26,発達特性の理解・診断・検査（子どもの文脈あり）,対象者（特性のある子の保護者）だが、知りたいのは診断・特徴で学習支援から遠い
adhd 中学校,3,2140,④テール,T1 コア,低CPC探索,N26,発達特性の理解・診断・検査（子どもの文脈あり）,対象者（特性のある子の保護者）だが、知りたいのは診断・特徴で学習支援から遠い
adhd チェック リスト 子ども,1,1900,④テール,T1 コア,低CPC探索,N26,発達特性の理解・診断・検査（子どもの文脈あり）,対象者（特性のある子の保護者）だが、知りたいのは診断・特徴で学習支援から遠い
発達 障害 高校生,2,1440,④テール,T1 コア,低CPC探索,N26,発達特性の理解・診断・検査（子どもの文脈あり）,対象者（特性のある子の保護者）だが、知りたいのは診断・特徴で学習支援から遠い
adhd 高校生 診断,2,1370,④テール,T1 コア,低CPC探索,N26,発達特性の理解・診断・検査（子どもの文脈あり）,対象者（特性のある子の保護者）だが、知りたいのは診断・特徴で学習支援から遠い
発達 障害 中学生,2,1320,④テール,T1 コア,低CPC探索,N26,発達特性の理解・診断・検査（子どもの文脈あり）,対象者（特性のある子の保護者）だが、知りたいのは診断・特徴で学習支援から遠い
学習 障害 と 発達 障害,6,1300,④テール,T1 コア,低CPC探索,N26,発達特性の理解・診断・検査（子どもの文脈あり）,対象者（特性のある子の保護者）だが、知りたいのは診断・特徴で学習支援から遠い
学習 障害 小学生,8,1250,④テール,T1 コア,低CPC探索,N26,発達特性の理解・診断・検査（子どもの文脈あり）,対象者（特性のある子の保護者）だが、知りたいのは診断・特徴で学習支援から遠い
adhd 小学生,4,1090,④テール,T1 コア,低CPC探索,N26,発達特性の理解・診断・検査（子どもの文脈あり）,対象者（特性のある子の保護者）だが、知りたいのは診断・特徴で学習支援から遠い
adhd 中学,2,1010,④テール,T1 コア,低CPC探索,N26,発達特性の理解・診断・検査（子どもの文脈あり）,対象者（特性のある子の保護者）だが、知りたいのは診断・特徴で学習支援から遠い
学習障害診断テスト 50問,1,1000,④テール,T1 コア,低CPC探索,N26,発達特性の理解・診断・検査（子どもの文脈あり）,対象者（特性のある子の保護者）だが、知りたいのは診断・特徴で学習支援から遠い
adhd 高校生,4,850,④テール,T1 コア,低CPC探索,N26,発達特性の理解・診断・検査（子どもの文脈あり）,対象者（特性のある子の保護者）だが、知りたいのは診断・特徴で学習支援から遠い
限局 性 学習 障害,2,600,④テール,T1 コア,低CPC探索,N26,発達特性の理解・診断・検査（子どもの文脈あり）,対象者（特性のある子の保護者）だが、知りたいのは診断・特徴で学習支援から遠い
発達障害グレーゾーン チェック 小学生,1,590,④テール,T1 コア,低CPC探索,N26,発達特性の理解・診断・検査（子どもの文脈あり）,対象者（特性のある子の保護者）だが、知りたいのは診断・特徴で学習支援から遠い
学習 障害 中学生,8,570,④テール,T1 コア,低CPC探索,N26,発達特性の理解・診断・検査（子どもの文脈あり）,対象者（特性のある子の保護者）だが、知りたいのは診断・特徴で学習支援から遠い
ディスレクシア 学習 障害,5,560,④テール,T1 コア,低CPC探索,N26,発達特性の理解・診断・検査（子どもの文脈あり）,対象者（特性のある子の保護者）だが、知りたいのは診断・特徴で学習支援から遠い
トム クルーズ 学習 障害,2,520,④テール,T1 コア,低CPC探索,N26,発達特性の理解・診断・検査（子どもの文脈あり）,対象者（特性のある子の保護者）だが、知りたいのは診断・特徴で学習支援から遠い
学習 障害 支援 方法,6,500,④テール,T1 コア,低CPC探索,N26,発達特性の理解・診断・検査（子どもの文脈あり）,対象者（特性のある子の保護者）だが、知りたいのは診断・特徴で学習支援から遠い
adhd 中学生 特徴,3,490,④テール,T1 コア,低CPC探索,N26,発達特性の理解・診断・検査（子どもの文脈あり）,対象者（特性のある子の保護者）だが、知りたいのは診断・特徴で学習支援から遠い
学習 障害 診断 テスト 中学生,3,440,④テール,T1 コア,低CPC探索,N26,発達特性の理解・診断・検査（子どもの文脈あり）,対象者（特性のある子の保護者）だが、知りたいのは診断・特徴で学習支援から遠い
asd 中学生,2,430,④テール,T1 コア,低CPC探索,N26,発達特性の理解・診断・検査（子どもの文脈あり）,対象者（特性のある子の保護者）だが、知りたいのは診断・特徴で学習支援から遠い
asd 小学生,3,430,④テール,T1 コア,低CPC探索,N26,発達特性の理解・診断・検査（子どもの文脈あり）,対象者（特性のある子の保護者）だが、知りたいのは診断・特徴で学習支援から遠い
adhd 小児,2,420,④テール,T1 コア,低CPC探索,N26,発達特性の理解・診断・検査（子どもの文脈あり）,対象者（特性のある子の保護者）だが、知りたいのは診断・特徴で学習支援から遠い
学習 障害 中学,2,420,④テール,T1 コア,低CPC探索,N26,発達特性の理解・診断・検査（子どもの文脈あり）,対象者（特性のある子の保護者）だが、知りたいのは診断・特徴で学習支援から遠い
小児科 adhd,2,420,④テール,T1 コア,低CPC探索,N26,発達特性の理解・診断・検査（子どもの文脈あり）,対象者（特性のある子の保護者）だが、知りたいのは診断・特徴で学習支援から遠い
adhd 特徴 小学生,3,390,④テール,T1 コア,低CPC探索,N26,発達特性の理解・診断・検査（子どもの文脈あり）,対象者（特性のある子の保護者）だが、知りたいのは診断・特徴で学習支援から遠い
学習障害 有名人,1,390,④テール,T1 コア,低CPC探索,N26,発達特性の理解・診断・検査（子どもの文脈あり）,対象者（特性のある子の保護者）だが、知りたいのは診断・特徴で学習支援から遠い
学習 障害 中学生 特徴,3,350,④テール,T1 コア,低CPC探索,N26,発達特性の理解・診断・検査（子どもの文脈あり）,対象者（特性のある子の保護者）だが、知りたいのは診断・特徴で学習支援から遠い
発達 障害 グレー ゾーン 中学生 女子,2,340,④テール,T1 コア,低CPC探索,N26,発達特性の理解・診断・検査（子どもの文脈あり）,対象者（特性のある子の保護者）だが、知りたいのは診断・特徴で学習支援から遠い
発達 障害 中学生 幼い,2,340,④テール,T1 コア,低CPC探索,N26,発達特性の理解・診断・検査（子どもの文脈あり）,対象者（特性のある子の保護者）だが、知りたいのは診断・特徴で学習支援から遠い
学習 障害 本,4,330,④テール,T1 コア,低CPC探索,N26,発達特性の理解・診断・検査（子どもの文脈あり）,対象者（特性のある子の保護者）だが、知りたいのは診断・特徴で学習支援から遠い
adhd 中学生 女子 特徴,1,320,④テール,T1 コア,低CPC探索,N26,発達特性の理解・診断・検査（子どもの文脈あり）,対象者（特性のある子の保護者）だが、知りたいのは診断・特徴で学習支援から遠い
asd 子ども,2,310,④テール,T1 コア,低CPC探索,N26,発達特性の理解・診断・検査（子どもの文脈あり）,対象者（特性のある子の保護者）だが、知りたいのは診断・特徴で学習支援から遠い
asd 高校生,3,290,④テール,T1 コア,低CPC探索,N26,発達特性の理解・診断・検査（子どもの文脈あり）,対象者（特性のある子の保護者）だが、知りたいのは診断・特徴で学習支援から遠い
adhd 中学生 チェック リスト,1,260,④テール,T1 コア,低CPC探索,N26,発達特性の理解・診断・検査（子どもの文脈あり）,対象者（特性のある子の保護者）だが、知りたいのは診断・特徴で学習支援から遠い
ギフテッド 学校,1,260,④テール,T2 探索,低CPC探索,N26,発達特性の理解・診断・検査（子どもの文脈あり）,特性の状態語のみ（HSC・ギフテッド等は公式の対象表記に含まれるか未確認）
ディス グラフィ ア 診断 小学生,1,260,④テール,T1 コア,低CPC探索,N26,発達特性の理解・診断・検査（子どもの文脈あり）,対象者（特性のある子の保護者）だが、知りたいのは診断・特徴で学習支援から遠い
学習 障害 字,3,260,④テール,T1 コア,低CPC探索,N26,発達特性の理解・診断・検査（子どもの文脈あり）,対象者（特性のある子の保護者）だが、知りたいのは診断・特徴で学習支援から遠い
小学 1 年生 学習 障害 特徴,1,260,④テール,T1 コア,低CPC探索,N26,発達特性の理解・診断・検査（子どもの文脈あり）,対象者（特性のある子の保護者）だが、知りたいのは診断・特徴で学習支援から遠い
高校生 学習 障害,4,260,④テール,T1 コア,低CPC探索,N26,発達特性の理解・診断・検査（子どもの文脈あり）,対象者（特性のある子の保護者）だが、知りたいのは診断・特徴で学習支援から遠い
adhd 学校,2,220,④テール,T1 コア,低CPC探索,N26,発達特性の理解・診断・検査（子どもの文脈あり）,対象者（特性のある子の保護者）だが、知りたいのは診断・特徴で学習支援から遠い
学習 障害 支援 方法 小学生,2,220,④テール,T1 コア,低CPC探索,N26,発達特性の理解・診断・検査（子どもの文脈あり）,対象者（特性のある子の保護者）だが、知りたいのは診断・特徴で学習支援から遠い
adhd 中学生 男子 特徴,1,210,④テール,T1 コア,低CPC探索,N26,発達特性の理解・診断・検査（子どもの文脈あり）,対象者（特性のある子の保護者）だが、知りたいのは診断・特徴で学習支援から遠い
adhd 小学校 普通 学級,1,210,④テール,T1 コア,低CPC探索,N26,発達特性の理解・診断・検査（子どもの文脈あり）,対象者（特性のある子の保護者）だが、知りたいのは診断・特徴で学習支援から遠い
asd 診断 中学生,1,210,④テール,T1 コア,低CPC探索,N26,発達特性の理解・診断・検査（子どもの文脈あり）,対象者（特性のある子の保護者）だが、知りたいのは診断・特徴で学習支援から遠い
学習 障害 書 字 障害,4,210,④テール,T1 コア,低CPC探索,N26,発達特性の理解・診断・検査（子どもの文脈あり）,対象者（特性のある子の保護者）だが、知りたいのは診断・特徴で学習支援から遠い
私立高校 発達障害受け入れ,1,210,④テール,T1 コア,低CPC探索,N26,発達特性の理解・診断・検査（子どもの文脈あり）,対象者（特性のある子の保護者）だが、知りたいのは診断・特徴で学習支援から遠い
学習 障害 チェック,3,200,④テール,T1 コア,低CPC探索,N26,発達特性の理解・診断・検査（子どもの文脈あり）,対象者（特性のある子の保護者）だが、知りたいのは診断・特徴で学習支援から遠い
学習 障害 文字,2,200,④テール,T1 コア,低CPC探索,N26,発達特性の理解・診断・検査（子どもの文脈あり）,対象者（特性のある子の保護者）だが、知りたいのは診断・特徴で学習支援から遠い
小 1 学習 障害,8,200,④テール,T1 コア,低CPC探索,N26,発達特性の理解・診断・検査（子どもの文脈あり）,対象者（特性のある子の保護者）だが、知りたいのは診断・特徴で学習支援から遠い
adhd 女子,2,190,④テール,T1 コア,低CPC探索,N26,発達特性の理解・診断・検査（子どもの文脈あり）,対象者（特性のある子の保護者）だが、知りたいのは診断・特徴で学習支援から遠い
非 言語 性 学習 障害,2,190,④テール,T1 コア,低CPC探索,N26,発達特性の理解・診断・検査（子どもの文脈あり）,対象者（特性のある子の保護者）だが、知りたいのは診断・特徴で学習支援から遠い
asd 診断 高校生,1,170,④テール,T1 コア,低CPC探索,N26,発達特性の理解・診断・検査（子どもの文脈あり）,対象者（特性のある子の保護者）だが、知りたいのは診断・特徴で学習支援から遠い
学習 障害 診断 小学生,1,170,④テール,T1 コア,低CPC探索,N26,発達特性の理解・診断・検査（子どもの文脈あり）,対象者（特性のある子の保護者）だが、知りたいのは診断・特徴で学習支援から遠い
星 槎 中学校 発達 障害,1,170,④テール,T1 コア,低CPC探索,N26,発達特性の理解・診断・検査（子どもの文脈あり）,対象者（特性のある子の保護者）だが、知りたいのは診断・特徴で学習支援から遠い
発達障害グレーゾーン 中学生 診断,1,170,④テール,T1 コア,低CPC探索,N26,発達特性の理解・診断・検査（子どもの文脈あり）,対象者（特性のある子の保護者）だが、知りたいのは診断・特徴で学習支援から遠い
アスペルガー 高校,3,150,④テール,T1 コア,低CPC探索,N26,発達特性の理解・診断・検査（子どもの文脈あり）,対象者（特性のある子の保護者）だが、知りたいのは診断・特徴で学習支援から遠い
グレー ゾーン 中学生,2,140,④テール,T1 コア,低CPC探索,N26,発達特性の理解・診断・検査（子どもの文脈あり）,対象者（特性のある子の保護者）だが、知りたいのは診断・特徴で学習支援から遠い
ディスレクシア 診断 小学生,1,140,④テール,T1 コア,低CPC探索,N26,発達特性の理解・診断・検査（子どもの文脈あり）,対象者（特性のある子の保護者）だが、知りたいのは診断・特徴で学習支援から遠い
境界 知能 小学生,1,140,④テール,T1 コア,低CPC探索,N26,発達特性の理解・診断・検査（子どもの文脈あり）,対象者（特性のある子の保護者）だが、知りたいのは診断・特徴で学習支援から遠い
学習 障害 文部 科学 省,2,140,④テール,T1 コア,低CPC探索,N26,発達特性の理解・診断・検査（子どもの文脈あり）,対象者（特性のある子の保護者）だが、知りたいのは診断・特徴で学習支援から遠い
小 2 学習 障害,6,140,④テール,T1 コア,低CPC探索,N26,発達特性の理解・診断・検査（子どもの文脈あり）,対象者（特性のある子の保護者）だが、知りたいのは診断・特徴で学習支援から遠い
発達障害 でも 行ける 高校 東京,1,140,④テール,T1 コア,低CPC探索,N26,発達特性の理解・診断・検査（子どもの文脈あり）,対象者（特性のある子の保護者）だが、知りたいのは診断・特徴で学習支援から遠い
adhd 特徴 高校生,3,130,④テール,T1 コア,低CPC探索,N26,発達特性の理解・診断・検査（子どもの文脈あり）,対象者（特性のある子の保護者）だが、知りたいのは診断・特徴で学習支援から遠い
adhd 中学生 女子,2,120,④テール,T1 コア,低CPC探索,N26,発達特性の理解・診断・検査（子どもの文脈あり）,対象者（特性のある子の保護者）だが、知りたいのは診断・特徴で学習支援から遠い
ギフテッド 小学校,2,120,④テール,T2 探索,低CPC探索,N26,発達特性の理解・診断・検査（子どもの文脈あり）,特性の状態語のみ（HSC・ギフテッド等は公式の対象表記に含まれるか未確認）
学習 障害 書く,2,120,④テール,T1 コア,低CPC探索,N26,発達特性の理解・診断・検査（子どもの文脈あり）,対象者（特性のある子の保護者）だが、知りたいのは診断・特徴で学習支援から遠い
小学生 アスペルガー,2,120,④テール,T1 コア,低CPC探索,N26,発達特性の理解・診断・検査（子どもの文脈あり）,対象者（特性のある子の保護者）だが、知りたいのは診断・特徴で学習支援から遠い
adhd 高校生 女子,1,110,④テール,T1 コア,低CPC探索,N26,発達特性の理解・診断・検査（子どもの文脈あり）,対象者（特性のある子の保護者）だが、知りたいのは診断・特徴で学習支援から遠い
フリー スクール 小学校 発達 障害,3,110,④テール,T1 コア,低CPC探索,N26,発達特性の理解・診断・検査（子どもの文脈あり）,対象者（特性のある子の保護者）だが、知りたいのは診断・特徴で学習支援から遠い
境界 知能 中学生,1,110,④テール,T1 コア,低CPC探索,N26,発達特性の理解・診断・検査（子どもの文脈あり）,対象者（特性のある子の保護者）だが、知りたいのは診断・特徴で学習支援から遠い
学習 障害 の 症状,1,110,④テール,T1 コア,低CPC探索,N26,発達特性の理解・診断・検査（子どもの文脈あり）,対象者（特性のある子の保護者）だが、知りたいのは診断・特徴で学習支援から遠い
学習 障害 一年生 症状,1,110,④テール,T1 コア,低CPC探索,N26,発達特性の理解・診断・検査（子どもの文脈あり）,対象者（特性のある子の保護者）だが、知りたいのは診断・特徴で学習支援から遠い
学習障害 中学生 女子 特徴,1,110,④テール,T1 コア,低CPC探索,N26,発達特性の理解・診断・検査（子どもの文脈あり）,対象者（特性のある子の保護者）だが、知りたいのは診断・特徴で学習支援から遠い
学習障害 仕事 おすすめ,1,110,④テール,T1 コア,低CPC探索,N26,発達特性の理解・診断・検査（子どもの文脈あり）,対象者（特性のある子の保護者）だが、知りたいのは診断・特徴で学習支援から遠い
発達 障害 児 支援,1,110,④テール,T1 コア,低CPC探索,N26,発達特性の理解・診断・検査（子どもの文脈あり）,対象者（特性のある子の保護者）だが、知りたいのは診断・特徴で学習支援から遠い
発達 障害 高校生 女子,1,110,④テール,T1 コア,低CPC探索,N26,発達特性の理解・診断・検査（子どもの文脈あり）,対象者（特性のある子の保護者）だが、知りたいのは診断・特徴で学習支援から遠い
自 閉 症 学習 障害,1,110,④テール,T1 コア,低CPC探索,N26,発達特性の理解・診断・検査（子どもの文脈あり）,対象者（特性のある子の保護者）だが、知りたいのは診断・特徴で学習支援から遠い
adhd 息子,2,100,④テール,T1 コア,低CPC探索,N26,発達特性の理解・診断・検査（子どもの文脈あり）,対象者（特性のある子の保護者）だが、知りたいのは診断・特徴で学習支援から遠い
ld 児,3,100,④テール,T1 コア,低CPC探索,N26,発達特性の理解・診断・検査（子どもの文脈あり）,対象者（特性のある子の保護者）だが、知りたいのは診断・特徴で学習支援から遠い
アスペルガー 中学生,2,100,④テール,T1 コア,低CPC探索,N26,発達特性の理解・診断・検査（子どもの文脈あり）,対象者（特性のある子の保護者）だが、知りたいのは診断・特徴で学習支援から遠い
アスペルガー 女子,2,100,④テール,T1 コア,低CPC探索,N26,発達特性の理解・診断・検査（子どもの文脈あり）,対象者（特性のある子の保護者）だが、知りたいのは診断・特徴で学習支援から遠い
ディスレクシア 小学生,2,100,④テール,T1 コア,低CPC探索,N26,発達特性の理解・診断・検査（子どもの文脈あり）,対象者（特性のある子の保護者）だが、知りたいのは診断・特徴で学習支援から遠い
学習 障害 支援 方法 中学生,2,100,④テール,T1 コア,低CPC探索,N26,発達特性の理解・診断・検査（子どもの文脈あり）,対象者（特性のある子の保護者）だが、知りたいのは診断・特徴で学習支援から遠い
adhd 遺伝子,1,90,④テール,T1 コア,低CPC探索,N26,発達特性の理解・診断・検査（子どもの文脈あり）,対象者（特性のある子の保護者）だが、知りたいのは診断・特徴で学習支援から遠い
asd 中学生 女子,1,90,④テール,T1 コア,低CPC探索,N26,発達特性の理解・診断・検査（子どもの文脈あり）,対象者（特性のある子の保護者）だが、知りたいのは診断・特徴で学習支援から遠い
asd 学校,1,90,④テール,T1 コア,低CPC探索,N26,発達特性の理解・診断・検査（子どもの文脈あり）,対象者（特性のある子の保護者）だが、知りたいのは診断・特徴で学習支援から遠い
hsc 不 登校 中学生,3,90,④テール,T2 探索,低CPC探索,N26,発達特性の理解・診断・検査（子どもの文脈あり）,特性の状態語のみ（HSC・ギフテッド等は公式の対象表記に含まれるか未確認）
hsc 診断 テスト 中学生,1,90,④テール,T2 探索,低CPC探索,N26,発達特性の理解・診断・検査（子どもの文脈あり）,特性の状態語のみ（HSC・ギフテッド等は公式の対象表記に含まれるか未確認）
sld 学習 障害,2,90,④テール,T1 コア,低CPC探索,N26,発達特性の理解・診断・検査（子どもの文脈あり）,対象者（特性のある子の保護者）だが、知りたいのは診断・特徴で学習支援から遠い
ギフテッド 中学生,2,90,④テール,T2 探索,低CPC探索,N26,発達特性の理解・診断・検査（子どもの文脈あり）,特性の状態語のみ（HSC・ギフテッド等は公式の対象表記に含まれるか未確認）
境界知能 中学生 特徴,1,90,④テール,T1 コア,低CPC探索,N26,発達特性の理解・診断・検査（子どもの文脈あり）,対象者（特性のある子の保護者）だが、知りたいのは診断・特徴で学習支援から遠い
学習 障害 ひらがな,2,90,④テール,T1 コア,低CPC探索,N26,発達特性の理解・診断・検査（子どもの文脈あり）,対象者（特性のある子の保護者）だが、知りたいのは診断・特徴で学習支援から遠い
学習 障害 字 が 汚い,2,90,④テール,T1 コア,低CPC探索,N26,発達特性の理解・診断・検査（子どもの文脈あり）,対象者（特性のある子の保護者）だが、知りたいのは診断・特徴で学習支援から遠い
学習 障害 見え 方,1,90,④テール,T1 コア,低CPC探索,N26,発達特性の理解・診断・検査（子どもの文脈あり）,対象者（特性のある子の保護者）だが、知りたいのは診断・特徴で学習支援から遠い
発達 障害 中学生 支援,3,90,④テール,T1 コア,低CPC探索,N26,発達特性の理解・診断・検査（子どもの文脈あり）,対象者（特性のある子の保護者）だが、知りたいのは診断・特徴で学習支援から遠い
知 的 障害 学級,1,90,④テール,T1 コア,低CPC探索,N26,発達特性の理解・診断・検査（子どもの文脈あり）,対象者（特性のある子の保護者）だが、知りたいのは診断・特徴で学習支援から遠い
adhd 娘,2,80,④テール,T1 コア,低CPC探索,N26,発達特性の理解・診断・検査（子どもの文脈あり）,対象者（特性のある子の保護者）だが、知りたいのは診断・特徴で学習支援から遠い
ギフテッド 高校,2,80,④テール,T2 探索,低CPC探索,N26,発達特性の理解・診断・検査（子どもの文脈あり）,特性の状態語のみ（HSC・ギフテッド等は公式の対象表記に含まれるか未確認）
境界 知能 高校生,2,80,④テール,T1 コア,低CPC探索,N26,発達特性の理解・診断・検査（子どもの文脈あり）,対象者（特性のある子の保護者）だが、知りたいのは診断・特徴で学習支援から遠い
学習障害 支援ツール,3,80,④テール,T1 コア,低CPC探索,N26,発達特性の理解・診断・検査（子どもの文脈あり）,対象者（特性のある子の保護者）だが、知りたいのは診断・特徴で学習支援から遠い
発達 障害 グレー ゾーン 中学生 男子,2,80,④テール,T1 コア,低CPC探索,N26,発達特性の理解・診断・検査（子どもの文脈あり）,対象者（特性のある子の保護者）だが、知りたいのは診断・特徴で学習支援から遠い
adhd 中学生 女子 診断,1,70,④テール,T1 コア,低CPC探索,N26,発達特性の理解・診断・検査（子どもの文脈あり）,対象者（特性のある子の保護者）だが、知りたいのは診断・特徴で学習支援から遠い
adhd 私立 中学,1,70,④テール,T1 コア,低CPC探索,N26,発達特性の理解・診断・検査（子どもの文脈あり）,対象者（特性のある子の保護者）だが、知りたいのは診断・特徴で学習支援から遠い
adhd 高校生 男子,1,70,④テール,T1 コア,低CPC探索,N26,発達特性の理解・診断・検査（子どもの文脈あり）,対象者（特性のある子の保護者）だが、知りたいのは診断・特徴で学習支援から遠い
ひらがな 学習 障害,1,70,④テール,T1 コア,低CPC探索,N26,発達特性の理解・診断・検査（子どもの文脈あり）,対象者（特性のある子の保護者）だが、知りたいのは診断・特徴で学習支援から遠い
ギフテッド 小学校 東京,1,70,④テール,T2 探索,低CPC探索,N26,発達特性の理解・診断・検査（子どもの文脈あり）,特性の状態語のみ（HSC・ギフテッド等は公式の対象表記に含まれるか未確認）
ディス グラフィ ア 中学生,1,70,④テール,T1 コア,低CPC探索,N26,発達特性の理解・診断・検査（子どもの文脈あり）,対象者（特性のある子の保護者）だが、知りたいのは診断・特徴で学習支援から遠い
境界知能 小学生 ブログ,1,70,④テール,T1 コア,低CPC探索,N26,発達特性の理解・診断・検査（子どもの文脈あり）,対象者（特性のある子の保護者）だが、知りたいのは診断・特徴で学習支援から遠い
多動症 小学生,3,70,④テール,T1 コア,低CPC探索,N26,発達特性の理解・診断・検査（子どもの文脈あり）,対象者（特性のある子の保護者）だが、知りたいのは診断・特徴で学習支援から遠い
学習 障害 相談,3,70,④テール,T1 コア,低CPC探索,N26,発達特性の理解・診断・検査（子どもの文脈あり）,対象者（特性のある子の保護者）だが、知りたいのは診断・特徴で学習支援から遠い
明 蓬 館 高等 学校 発達 障害,1,70,④テール,T1 コア,低CPC探索,N26,発達特性の理解・診断・検査（子どもの文脈あり）,対象者（特性のある子の保護者）だが、知りたいのは診断・特徴で学習支援から遠い
発達 障害 の ある 子ども へ の 支援,1,70,④テール,T1 コア,低CPC探索,N26,発達特性の理解・診断・検査（子どもの文脈あり）,対象者（特性のある子の保護者）だが、知りたいのは診断・特徴で学習支援から遠い
発達 障害 グレー ゾーン 高校生,1,70,④テール,T1 コア,低CPC探索,N26,発達特性の理解・診断・検査（子どもの文脈あり）,対象者（特性のある子の保護者）だが、知りたいのは診断・特徴で学習支援から遠い
発達障害グレーゾーン 高校 東京,1,70,④テール,T1 コア,低CPC探索,N26,発達特性の理解・診断・検査（子どもの文脈あり）,対象者（特性のある子の保護者）だが、知りたいのは診断・特徴で学習支援から遠い
自 閉 症 スペクトラム 軽度 小学校 高学年,1,70,④テール,T1 コア,低CPC探索,N26,発達特性の理解・診断・検査（子どもの文脈あり）,対象者（特性のある子の保護者）だが、知りたいのは診断・特徴で学習支援から遠い
adhd 一年生,2,60,④テール,T1 コア,低CPC探索,N26,発達特性の理解・診断・検査（子どもの文脈あり）,対象者（特性のある子の保護者）だが、知りたいのは診断・特徴で学習支援から遠い
nhk 学習 障害,2,60,④テール,T1 コア,低CPC探索,N26,発達特性の理解・診断・検査（子どもの文脈あり）,対象者（特性のある子の保護者）だが、知りたいのは診断・特徴で学習支援から遠い
ギフテッド 学校 日本,3,60,④テール,T2 探索,低CPC探索,N26,発達特性の理解・診断・検査（子どもの文脈あり）,特性の状態語のみ（HSC・ギフテッド等は公式の対象表記に含まれるか未確認）
学習 障害 中学生 診断,3,60,④テール,T1 コア,低CPC探索,N26,発達特性の理解・診断・検査（子どもの文脈あり）,対象者（特性のある子の保護者）だが、知りたいのは診断・特徴で学習支援から遠い
学習 障害 学校,2,60,④テール,T1 コア,低CPC探索,N26,発達特性の理解・診断・検査（子どもの文脈あり）,対象者（特性のある子の保護者）だが、知りたいのは診断・特徴で学習支援から遠い
学習 障害 者,2,60,④テール,T1 コア,低CPC探索,N26,発達特性の理解・診断・検査（子どもの文脈あり）,対象者（特性のある子の保護者）だが、知りたいのは診断・特徴で学習支援から遠い
学習 障害 鏡 文字,2,60,④テール,T1 コア,低CPC探索,N26,発達特性の理解・診断・検査（子どもの文脈あり）,対象者（特性のある子の保護者）だが、知りたいのは診断・特徴で学習支援から遠い
小学校 発達 障害 支援,2,60,④テール,T1 コア,低CPC探索,N26,発達特性の理解・診断・検査（子どもの文脈あり）,対象者（特性のある子の保護者）だが、知りたいのは診断・特徴で学習支援から遠い
翔 和 学園 ギフテッド,2,60,④テール,T2 探索,低CPC探索,N26,発達特性の理解・診断・検査（子どもの文脈あり）,特性の状態語のみ（HSC・ギフテッド等は公式の対象表記に含まれるか未確認）
adhd 小学生 男子,1,50,④テール,T1 コア,低CPC探索,N26,発達特性の理解・診断・検査（子どもの文脈あり）,対象者（特性のある子の保護者）だが、知りたいのは診断・特徴で学習支援から遠い
adhd 治し 方 中学生,1,50,④テール,T1 コア,低CPC探索,N26,発達特性の理解・診断・検査（子どもの文脈あり）,対象者（特性のある子の保護者）だが、知りたいのは診断・特徴で学習支援から遠い
asd 特徴 中学生,1,50,④テール,T1 コア,低CPC探索,N26,発達特性の理解・診断・検査（子どもの文脈あり）,対象者（特性のある子の保護者）だが、知りたいのは診断・特徴で学習支援から遠い
asd 遺伝子,1,50,④テール,T1 コア,低CPC探索,N26,発達特性の理解・診断・検査（子どもの文脈あり）,対象者（特性のある子の保護者）だが、知りたいのは診断・特徴で学習支援から遠い
hsc 学校 へ の 伝え 方,1,50,④テール,T2 探索,低CPC探索,N26,発達特性の理解・診断・検査（子どもの文脈あり）,特性の状態語のみ（HSC・ギフテッド等は公式の対象表記に含まれるか未確認）
ld 児 と は,2,50,④テール,T1 コア,低CPC探索,N26,発達特性の理解・診断・検査（子どもの文脈あり）,対象者（特性のある子の保護者）だが、知りたいのは診断・特徴で学習支援から遠い
グレー ゾーン 普通 学級,2,50,④テール,T1 コア,低CPC探索,N26,発達特性の理解・診断・検査（子どもの文脈あり）,対象者（特性のある子の保護者）だが、知りたいのは診断・特徴で学習支援から遠い
グレー ゾーン 高校生,2,50,④テール,T1 コア,低CPC探索,N26,発達特性の理解・診断・検査（子どもの文脈あり）,対象者（特性のある子の保護者）だが、知りたいのは診断・特徴で学習支援から遠い
ディスレクシア 支援 小学校,1,50,④テール,T1 コア,低CPC探索,N26,発達特性の理解・診断・検査（子どもの文脈あり）,対象者（特性のある子の保護者）だが、知りたいのは診断・特徴で学習支援から遠い
学習 障害 アプリ 無料,1,50,④テール,T1 コア,低CPC探索,N26,発達特性の理解・診断・検査（子どもの文脈あり）,対象者（特性のある子の保護者）だが、知りたいのは診断・特徴で学習支援から遠い
学習 障害 大学,2,50,④テール,T1 コア,低CPC探索,N26,発達特性の理解・診断・検査（子どもの文脈あり）,対象者（特性のある子の保護者）だが、知りたいのは診断・特徴で学習支援から遠い
学習 障害 対策,2,50,④テール,T1 コア,低CPC探索,N26,発達特性の理解・診断・検査（子どもの文脈あり）,対象者（特性のある子の保護者）だが、知りたいのは診断・特徴で学習支援から遠い
学習 障害 数字,2,50,④テール,T1 コア,低CPC探索,N26,発達特性の理解・診断・検査（子どもの文脈あり）,対象者（特性のある子の保護者）だが、知りたいのは診断・特徴で学習支援から遠い
学習 障害 言語,3,50,④テール,T1 コア,低CPC探索,N26,発達特性の理解・診断・検査（子どもの文脈あり）,対象者（特性のある子の保護者）だが、知りたいのは診断・特徴で学習支援から遠い
発達障害 高校に伝える,1,50,④テール,T1 コア,低CPC探索,N26,発達特性の理解・診断・検査（子どもの文脈あり）,対象者（特性のある子の保護者）だが、知りたいのは診断・特徴で学習支援から遠い
神奈川県 私立高校 発達障害受け入れ,1,50,④テール,T1 コア,低CPC探索,N26,発達特性の理解・診断・検査（子どもの文脈あり）,対象者（特性のある子の保護者）だが、知りたいのは診断・特徴で学習支援から遠い
軽度 知 的 障害 小学校 普通 学級,1,50,④テール,T1 コア,低CPC探索,N26,発達特性の理解・診断・検査（子どもの文脈あり）,対象者（特性のある子の保護者）だが、知りたいのは診断・特徴で学習支援から遠い
ギフテッド 中学,1,40,④テール,T2 探索,低CPC探索,N26,発達特性の理解・診断・検査（子どもの文脈あり）,特性の状態語のみ（HSC・ギフテッド等は公式の対象表記に含まれるか未確認）
ディスレクシア 中学生,2,40,④テール,T1 コア,低CPC探索,N26,発達特性の理解・診断・検査（子どもの文脈あり）,対象者（特性のある子の保護者）だが、知りたいのは診断・特徴で学習支援から遠い
ディスレクシア 学校 配慮,1,40,④テール,T1 コア,低CPC探索,N26,発達特性の理解・診断・検査（子どもの文脈あり）,対象者（特性のある子の保護者）だが、知りたいのは診断・特徴で学習支援から遠い
ディスレクシア 小 1,2,40,④テール,T1 コア,低CPC探索,N26,発達特性の理解・診断・検査（子どもの文脈あり）,対象者（特性のある子の保護者）だが、知りたいのは診断・特徴で学習支援から遠い
境界 知能 学校,1,40,④テール,T1 コア,低CPC探索,N26,発達特性の理解・診断・検査（子どもの文脈あり）,対象者（特性のある子の保護者）だが、知りたいのは診断・特徴で学習支援から遠い
多動症 中学生,1,40,④テール,T1 コア,低CPC探索,N26,発達特性の理解・診断・検査（子どもの文脈あり）,対象者（特性のある子の保護者）だが、知りたいのは診断・特徴で学習支援から遠い
学習 障害 アプリ,2,40,④テール,T1 コア,低CPC探索,N26,発達特性の理解・診断・検査（子どもの文脈あり）,対象者（特性のある子の保護者）だが、知りたいのは診断・特徴で学習支援から遠い
学習 障害 サポート,2,40,④テール,T1 コア,低CPC探索,N26,発達特性の理解・診断・検査（子どもの文脈あり）,対象者（特性のある子の保護者）だが、知りたいのは診断・特徴で学習支援から遠い
学習 障害 将来,2,40,④テール,T1 コア,低CPC探索,N26,発達特性の理解・診断・検査（子どもの文脈あり）,対象者（特性のある子の保護者）だが、知りたいのは診断・特徴で学習支援から遠い
学習 障害 小 3,2,40,④テール,T1 コア,低CPC探索,N26,発達特性の理解・診断・検査（子どもの文脈あり）,対象者（特性のある子の保護者）だが、知りたいのは診断・特徴で学習支援から遠い
学習 障害 指導 方法,2,40,④テール,T1 コア,低CPC探索,N26,発達特性の理解・診断・検査（子どもの文脈あり）,対象者（特性のある子の保護者）だが、知りたいのは診断・特徴で学習支援から遠い
学習 障害 改善,2,40,④テール,T1 コア,低CPC探索,N26,発達特性の理解・診断・検査（子どもの文脈あり）,対象者（特性のある子の保護者）だが、知りたいのは診断・特徴で学習支援から遠い
学習 障害 習い事,2,40,④テール,T1 コア,低CPC探索,N26,発達特性の理解・診断・検査（子どもの文脈あり）,対象者（特性のある子の保護者）だが、知りたいのは診断・特徴で学習支援から遠い
学習 障害 記憶力,2,40,④テール,T1 コア,低CPC探索,N26,発達特性の理解・診断・検査（子どもの文脈あり）,対象者（特性のある子の保護者）だが、知りたいのは診断・特徴で学習支援から遠い
学習障害 仕事 知恵袋,1,40,④テール,T1 コア,低CPC探索,N26,発達特性の理解・診断・検査（子どもの文脈あり）,対象者（特性のある子の保護者）だが、知りたいのは診断・特徴で学習支援から遠い
学習障害 知恵袋,1,40,④テール,T1 コア,低CPC探索,N26,発達特性の理解・診断・検査（子どもの文脈あり）,対象者（特性のある子の保護者）だが、知りたいのは診断・特徴で学習支援から遠い
小学校 発達 障害 クラス,2,40,④テール,T1 コア,低CPC探索,N26,発達特性の理解・診断・検査（子どもの文脈あり）,対象者（特性のある子の保護者）だが、知りたいのは診断・特徴で学習支援から遠い
書 字 障害 中学生,1,40,④テール,T1 コア,低CPC探索,N26,発達特性の理解・診断・検査（子どもの文脈あり）,対象者（特性のある子の保護者）だが、知りたいのは診断・特徴で学習支援から遠い
発達障害 グレーゾーン 中学生 病院,1,40,④テール,T1 コア,低CPC探索,N26,発達特性の理解・診断・検査（子どもの文脈あり）,対象者（特性のある子の保護者）だが、知りたいのは診断・特徴で学習支援から遠い
限局 性 学習 障害 と は,1,40,④テール,T1 コア,低CPC探索,N26,発達特性の理解・診断・検査（子どもの文脈あり）,対象者（特性のある子の保護者）だが、知りたいのは診断・特徴で学習支援から遠い
adhd 女児 特徴,1,30,④テール,T1 コア,低CPC探索,N26,発達特性の理解・診断・検査（子どもの文脈あり）,対象者（特性のある子の保護者）だが、知りたいのは診断・特徴で学習支援から遠い
adhd 小 1 症状,1,30,④テール,T1 コア,低CPC探索,N26,発達特性の理解・診断・検査（子どもの文脈あり）,対象者（特性のある子の保護者）だが、知りたいのは診断・特徴で学習支援から遠い
adhd 症状 中学生,2,30,④テール,T1 コア,低CPC探索,N26,発達特性の理解・診断・検査（子どもの文脈あり）,対象者（特性のある子の保護者）だが、知りたいのは診断・特徴で学習支援から遠い
adhd 高校生 チェック,1,30,④テール,T1 コア,低CPC探索,N26,発達特性の理解・診断・検査（子どもの文脈あり）,対象者（特性のある子の保護者）だが、知りたいのは診断・特徴で学習支援から遠い
asd 息子,1,30,④テール,T1 コア,低CPC探索,N26,発達特性の理解・診断・検査（子どもの文脈あり）,対象者（特性のある子の保護者）だが、知りたいのは診断・特徴で学習支援から遠い
hsc 学校,1,30,④テール,T2 探索,低CPC探索,N26,発達特性の理解・診断・検査（子どもの文脈あり）,特性の状態語のみ（HSC・ギフテッド等は公式の対象表記に含まれるか未確認）
hsc 学校 行き たく ない,2,30,④テール,T2 探索,低CPC探索,N26,発達特性の理解・診断・検査（子どもの文脈あり）,特性の状態語のみ（HSC・ギフテッド等は公式の対象表記に含まれるか未確認）
hsc 診断 テスト 小学生,1,30,④テール,T2 探索,低CPC探索,N26,発達特性の理解・診断・検査（子どもの文脈あり）,特性の状態語のみ（HSC・ギフテッド等は公式の対象表記に含まれるか未確認）
hsc 高校生,2,30,④テール,T2 探索,低CPC探索,N26,発達特性の理解・診断・検査（子どもの文脈あり）,特性の状態語のみ（HSC・ギフテッド等は公式の対象表記に含まれるか未確認）
ディスレクシア 高校,2,30,④テール,T1 コア,低CPC探索,N26,発達特性の理解・診断・検査（子どもの文脈あり）,対象者（特性のある子の保護者）だが、知りたいのは診断・特徴で学習支援から遠い
一年生 学習 障害,1,30,④テール,T1 コア,低CPC探索,N26,発達特性の理解・診断・検査（子どもの文脈あり）,対象者（特性のある子の保護者）だが、知りたいのは診断・特徴で学習支援から遠い
境界 知能 支援 学校,1,30,④テール,T1 コア,低CPC探索,N26,発達特性の理解・診断・検査（子どもの文脈あり）,対象者（特性のある子の保護者）だが、知りたいのは診断・特徴で学習支援から遠い
多動症 高校生,1,30,④テール,T1 コア,低CPC探索,N26,発達特性の理解・診断・検査（子どもの文脈あり）,対象者（特性のある子の保護者）だが、知りたいのは診断・特徴で学習支援から遠い
学習 障害 1 年生,1,30,④テール,T1 コア,低CPC探索,N26,発達特性の理解・診断・検査（子どもの文脈あり）,対象者（特性のある子の保護者）だが、知りたいのは診断・特徴で学習支援から遠い
学習 障害 中学生 支援,1,30,④テール,T1 コア,低CPC探索,N26,発達特性の理解・診断・検査（子どもの文脈あり）,対象者（特性のある子の保護者）だが、知りたいのは診断・特徴で学習支援から遠い
学習 障害 境界 知能,1,30,④テール,T1 コア,低CPC探索,N26,発達特性の理解・診断・検査（子どもの文脈あり）,対象者（特性のある子の保護者）だが、知りたいのは診断・特徴で学習支援から遠い
学習 障害 支援 方法 学校,1,30,④テール,T1 コア,低CPC探索,N26,発達特性の理解・診断・検査（子どもの文脈あり）,対象者（特性のある子の保護者）だが、知りたいのは診断・特徴で学習支援から遠い
学習 障害 見分け 方,3,30,④テール,T1 コア,低CPC探索,N26,発達特性の理解・診断・検査（子どもの文脈あり）,対象者（特性のある子の保護者）だが、知りたいのは診断・特徴で学習支援から遠い
学習 障害 読み,2,30,④テール,T1 コア,低CPC探索,N26,発達特性の理解・診断・検査（子どもの文脈あり）,対象者（特性のある子の保護者）だが、知りたいのは診断・特徴で学習支援から遠い
学習 障害 読め ない,2,30,④テール,T1 コア,低CPC探索,N26,発達特性の理解・診断・検査（子どもの文脈あり）,対象者（特性のある子の保護者）だが、知りたいのは診断・特徴で学習支援から遠い
学習 障害 読字 障害,1,30,④テール,T1 コア,低CPC探索,N26,発達特性の理解・診断・検査（子どもの文脈あり）,対象者（特性のある子の保護者）だが、知りたいのは診断・特徴で学習支援から遠い
学習 障害 識字 障害,2,30,④テール,T1 コア,低CPC探索,N26,発達特性の理解・診断・検査（子どもの文脈あり）,対象者（特性のある子の保護者）だが、知りたいのは診断・特徴で学習支援から遠い
小 1 グレー ゾーン,2,30,④テール,T1 コア,低CPC探索,N26,発達特性の理解・診断・検査（子どもの文脈あり）,対象者（特性のある子の保護者）だが、知りたいのは診断・特徴で学習支援から遠い
支度 が 遅い 発達 障害 中学生,1,30,④テール,T1 コア,低CPC探索,N26,発達特性の理解・診断・検査（子どもの文脈あり）,対象者（特性のある子の保護者）だが、知りたいのは診断・特徴で学習支援から遠い
発達 グレー 中学生,1,30,④テール,T1 コア,低CPC探索,N26,発達特性の理解・診断・検査（子どもの文脈あり）,対象者（特性のある子の保護者）だが、知りたいのは診断・特徴で学習支援から遠い
発達 障害 グレー ゾーン 中学生,1,30,④テール,T1 コア,低CPC探索,N26,発達特性の理解・診断・検査（子どもの文脈あり）,対象者（特性のある子の保護者）だが、知りたいのは診断・特徴で学習支援から遠い
発達 障害 通信 教育 小学生,1,30,④テール,T1 コア,低CPC探索,N26,発達特性の理解・診断・検査（子どもの文脈あり）,対象者（特性のある子の保護者）だが、知りたいのは診断・特徴で学習支援から遠い
第 一 学院 高等 学校 発達 障害,1,30,④テール,T1 コア,低CPC探索,N26,発達特性の理解・診断・検査（子どもの文脈あり）,対象者（特性のある子の保護者）だが、知りたいのは診断・特徴で学習支援から遠い
算数 障害 中学生,1,30,④テール,T1 コア,低CPC探索,N26,発達特性の理解・診断・検査（子どもの文脈あり）,対象者（特性のある子の保護者）だが、知りたいのは診断・特徴で学習支援から遠い
算数障害 診断テスト 中学生,1,30,④テール,T1 コア,低CPC探索,N26,発達特性の理解・診断・検査（子どもの文脈あり）,対象者（特性のある子の保護者）だが、知りたいのは診断・特徴で学習支援から遠い
軽度 知 的 障害 中学生 普通 学級,1,30,④テール,T1 コア,低CPC探索,N26,発達特性の理解・診断・検査（子どもの文脈あり）,対象者（特性のある子の保護者）だが、知りたいのは診断・特徴で学習支援から遠い
通信 高校 発達 障害,2,30,④テール,T1 コア,低CPC探索,N26,発達特性の理解・診断・検査（子どもの文脈あり）,対象者（特性のある子の保護者）だが、知りたいのは診断・特徴で学習支援から遠い
限局 的 学習 障害,1,30,④テール,T1 コア,低CPC探索,N26,発達特性の理解・診断・検査（子どもの文脈あり）,対象者（特性のある子の保護者）だが、知りたいのは診断・特徴で学習支援から遠い
非 言語 性 学習 障害 と は,2,30,④テール,T1 コア,低CPC探索,N26,発達特性の理解・診断・検査（子どもの文脈あり）,対象者（特性のある子の保護者）だが、知りたいのは診断・特徴で学習支援から遠い
高校 発達 障害 支援,1,30,④テール,T1 コア,低CPC探索,N26,発達特性の理解・診断・検査（子どもの文脈あり）,対象者（特性のある子の保護者）だが、知りたいのは診断・特徴で学習支援から遠い
2 年生 学習 障害,2,20,④テール,T1 コア,低CPC探索,N26,発達特性の理解・診断・検査（子どもの文脈あり）,対象者（特性のある子の保護者）だが、知りたいのは診断・特徴で学習支援から遠い
5 歳児 グレー ゾーン,1,20,④テール,T1 コア,低CPC探索,N26,発達特性の理解・診断・検査（子どもの文脈あり）,対象者（特性のある子の保護者）だが、知りたいのは診断・特徴で学習支援から遠い
5 歳児 学習 障害,2,20,④テール,T1 コア,低CPC探索,N26,発達特性の理解・診断・検査（子どもの文脈あり）,対象者（特性のある子の保護者）だが、知りたいのは診断・特徴で学習支援から遠い
6 歳 学習 障害,2,20,④テール,T1 コア,低CPC探索,N26,発達特性の理解・診断・検査（子どもの文脈あり）,対象者（特性のある子の保護者）だが、知りたいのは診断・特徴で学習支援から遠い
7 歳 学習 障害,2,20,④テール,T1 コア,低CPC探索,N26,発達特性の理解・診断・検査（子どもの文脈あり）,対象者（特性のある子の保護者）だが、知りたいのは診断・特徴で学習支援から遠い
adhd グレー ゾーン 中学生,1,20,④テール,T1 コア,低CPC探索,N26,発達特性の理解・診断・検査（子どもの文脈あり）,対象者（特性のある子の保護者）だが、知りたいのは診断・特徴で学習支援から遠い
adhd テスト 中学生,1,20,④テール,T1 コア,低CPC探索,N26,発達特性の理解・診断・検査（子どもの文脈あり）,対象者（特性のある子の保護者）だが、知りたいのは診断・特徴で学習支援から遠い
adhd 二年生,1,20,④テール,T1 コア,低CPC探索,N26,発達特性の理解・診断・検査（子どもの文脈あり）,対象者（特性のある子の保護者）だが、知りたいのは診断・特徴で学習支援から遠い
adhd 学校 支援,1,20,④テール,T1 コア,低CPC探索,N26,発達特性の理解・診断・検査（子どもの文脈あり）,対象者（特性のある子の保護者）だが、知りたいのは診断・特徴で学習支援から遠い
adhd 小学校 支援,2,20,④テール,T1 コア,低CPC探索,N26,発達特性の理解・診断・検査（子どもの文脈あり）,対象者（特性のある子の保護者）だが、知りたいのは診断・特徴で学習支援から遠い
adhd 息子 嫌い,1,20,④テール,T1 コア,低CPC探索,N26,発達特性の理解・診断・検査（子どもの文脈あり）,対象者（特性のある子の保護者）だが、知りたいのは診断・特徴で学習支援から遠い
adhd 息子 将来,1,20,④テール,T1 コア,低CPC探索,N26,発達特性の理解・診断・検査（子どもの文脈あり）,対象者（特性のある子の保護者）だが、知りたいのは診断・特徴で学習支援から遠い
adhd 男子,1,20,④テール,T1 コア,低CPC探索,N26,発達特性の理解・診断・検査（子どもの文脈あり）,対象者（特性のある子の保護者）だが、知りたいのは診断・特徴で学習支援から遠い
adhd 症状 高校生,2,20,④テール,T1 コア,低CPC探索,N26,発達特性の理解・診断・検査（子どもの文脈あり）,対象者（特性のある子の保護者）だが、知りたいのは診断・特徴で学習支援から遠い
アスペルガー 中学生 女子,1,20,④テール,T1 コア,低CPC探索,N26,発達特性の理解・診断・検査（子どもの文脈あり）,対象者（特性のある子の保護者）だが、知りたいのは診断・特徴で学習支援から遠い
アスペルガー 中学生 男子,1,20,④テール,T1 コア,低CPC探索,N26,発達特性の理解・診断・検査（子どもの文脈あり）,対象者（特性のある子の保護者）だが、知りたいのは診断・特徴で学習支援から遠い
アスペルガー 小学生 特徴,1,20,④テール,T1 コア,低CPC探索,N26,発達特性の理解・診断・検査（子どもの文脈あり）,対象者（特性のある子の保護者）だが、知りたいのは診断・特徴で学習支援から遠い
アスペルガー 症候群 と 学習 障害,1,20,④テール,T1 コア,低CPC探索,N26,発達特性の理解・診断・検査（子どもの文脈あり）,対象者（特性のある子の保護者）だが、知りたいのは診断・特徴で学習支援から遠い
ギフテッド 2e 学校,1,20,④テール,T2 探索,低CPC探索,N26,発達特性の理解・診断・検査（子どもの文脈あり）,特性の状態語のみ（HSC・ギフテッド等は公式の対象表記に含まれるか未確認）
ギフテッド 子ども,1,20,④テール,T2 探索,低CPC探索,N26,発達特性の理解・診断・検査（子どもの文脈あり）,特性の状態語のみ（HSC・ギフテッド等は公式の対象表記に含まれるか未確認）
ギフテッド 学校 東京,1,20,④テール,T2 探索,低CPC探索,N26,発達特性の理解・診断・検査（子どもの文脈あり）,特性の状態語のみ（HSC・ギフテッド等は公式の対象表記に含まれるか未確認）
ギフテッド 特徴 小学生,1,20,④テール,T2 探索,低CPC探索,N26,発達特性の理解・診断・検査（子どもの文脈あり）,特性の状態語のみ（HSC・ギフテッド等は公式の対象表記に含まれるか未確認）
ギフテッド 特徴 高校生,1,20,④テール,T2 探索,低CPC探索,N26,発達特性の理解・診断・検査（子どもの文脈あり）,特性の状態語のみ（HSC・ギフテッド等は公式の対象表記に含まれるか未確認）
ディスレクシア 子ども,1,20,④テール,T1 コア,低CPC探索,N26,発達特性の理解・診断・検査（子どもの文脈あり）,対象者（特性のある子の保護者）だが、知りたいのは診断・特徴で学習支援から遠い
ディスレクシア 学校,1,20,④テール,T1 コア,低CPC探索,N26,発達特性の理解・診断・検査（子どもの文脈あり）,対象者（特性のある子の保護者）だが、知りたいのは診断・特徴で学習支援から遠い
フリー スクール 発達 障害 中学,1,20,④テール,T1 コア,低CPC探索,N26,発達特性の理解・診断・検査（子どもの文脈あり）,対象者（特性のある子の保護者）だが、知りたいのは診断・特徴で学習支援から遠い
勇志 国際 高等 学校 発達 障害,1,20,④テール,T1 コア,低CPC探索,N26,発達特性の理解・診断・検査（子どもの文脈あり）,対象者（特性のある子の保護者）だが、知りたいのは診断・特徴で学習支援から遠い
娘 アスペルガー,1,20,④テール,T1 コア,低CPC探索,N26,発達特性の理解・診断・検査（子どもの文脈あり）,対象者（特性のある子の保護者）だが、知りたいのは診断・特徴で学習支援から遠い
学習 障害 と 診断 され たら,2,20,④テール,T1 コア,低CPC探索,N26,発達特性の理解・診断・検査（子どもの文脈あり）,対象者（特性のある子の保護者）だが、知りたいのは診断・特徴で学習支援から遠い
学習 障害 アルファベット,1,20,④テール,T1 コア,低CPC探索,N26,発達特性の理解・診断・検査（子どもの文脈あり）,対象者（特性のある子の保護者）だが、知りたいのは診断・特徴で学習支援から遠い
学習 障害 カタカナ,1,20,④テール,T1 コア,低CPC探索,N26,発達特性の理解・診断・検査（子どもの文脈あり）,対象者（特性のある子の保護者）だが、知りたいのは診断・特徴で学習支援から遠い
学習 障害 ゲーム,2,20,④テール,T1 コア,低CPC探索,N26,発達特性の理解・診断・検査（子どもの文脈あり）,対象者（特性のある子の保護者）だが、知りたいのは診断・特徴で学習支援から遠い
学習 障害 フリー スクール,2,20,④テール,T1 コア,低CPC探索,N26,発達特性の理解・診断・検査（子どもの文脈あり）,対象者（特性のある子の保護者）だが、知りたいのは診断・特徴で学習支援から遠い
学習 障害 例,1,20,④テール,T1 コア,低CPC探索,N26,発達特性の理解・診断・検査（子どもの文脈あり）,対象者（特性のある子の保護者）だが、知りたいのは診断・特徴で学習支援から遠い
学習 障害 具体 例,2,20,④テール,T1 コア,低CPC探索,N26,発達特性の理解・診断・検査（子どもの文脈あり）,対象者（特性のある子の保護者）だが、知りたいのは診断・特徴で学習支援から遠い
学習 障害 字 が 読め ない,1,20,④テール,T1 コア,低CPC探索,N26,発達特性の理解・診断・検査（子どもの文脈あり）,対象者（特性のある子の保護者）だが、知りたいのは診断・特徴で学習支援から遠い
学習 障害 小 4,2,20,④テール,T1 コア,低CPC探索,N26,発達特性の理解・診断・検査（子どもの文脈あり）,対象者（特性のある子の保護者）だが、知りたいのは診断・特徴で学習支援から遠い
学習 障害 小 5,2,20,④テール,T1 コア,低CPC探索,N26,発達特性の理解・診断・検査（子どもの文脈あり）,対象者（特性のある子の保護者）だが、知りたいのは診断・特徴で学習支援から遠い
学習 障害 小学生 支援,1,20,④テール,T1 コア,低CPC探索,N26,発達特性の理解・診断・検査（子どもの文脈あり）,対象者（特性のある子の保護者）だが、知りたいのは診断・特徴で学習支援から遠い
学習 障害 改善 方法,1,20,④テール,T1 コア,低CPC探索,N26,発達特性の理解・診断・検査（子どもの文脈あり）,対象者（特性のある子の保護者）だが、知りたいのは診断・特徴で学習支援から遠い
学習 障害 文科 省,2,20,④テール,T1 コア,低CPC探索,N26,発達特性の理解・診断・検査（子どもの文脈あり）,対象者（特性のある子の保護者）だが、知りたいのは診断・特徴で学習支援から遠い
学習 障害 書け ない,1,20,④テール,T1 コア,低CPC探索,N26,発達特性の理解・診断・検査（子どもの文脈あり）,対象者（特性のある子の保護者）だが、知りたいのは診断・特徴で学習支援から遠い
学習 障害 相談 機関,2,20,④テール,T1 コア,低CPC探索,N26,発達特性の理解・診断・検査（子どもの文脈あり）,対象者（特性のある子の保護者）だが、知りたいのは診断・特徴で学習支援から遠い
学習 障害 英 単語,2,20,④テール,T1 コア,低CPC探索,N26,発達特性の理解・診断・検査（子どもの文脈あり）,対象者（特性のある子の保護者）だが、知りたいのは診断・特徴で学習支援から遠い
学習 障害 記憶 できない,1,20,④テール,T1 コア,低CPC探索,N26,発達特性の理解・診断・検査（子どもの文脈あり）,対象者（特性のある子の保護者）だが、知りたいのは診断・特徴で学習支援から遠い
学習 障害 診断 高校生,2,20,④テール,T1 コア,低CPC探索,N26,発達特性の理解・診断・検査（子どもの文脈あり）,対象者（特性のある子の保護者）だが、知りたいのは診断・特徴で学習支援から遠い
学習 障害 読書,2,20,④テール,T1 コア,低CPC探索,N26,発達特性の理解・診断・検査（子どもの文脈あり）,対象者（特性のある子の保護者）だが、知りたいのは診断・特徴で学習支援から遠い
学習 障害 調べ 方,1,20,④テール,T1 コア,低CPC探索,N26,発達特性の理解・診断・検査（子どもの文脈あり）,対象者（特性のある子の保護者）だが、知りたいのは診断・特徴で学習支援から遠い
学習 障害 通信 教育,1,20,④テール,T1 コア,低CPC探索,N26,発達特性の理解・診断・検査（子どもの文脈あり）,対象者（特性のある子の保護者）だが、知りたいのは診断・特徴で学習支援から遠い
特異 的 学習 障害,1,20,④テール,T1 コア,低CPC探索,N26,発達特性の理解・診断・検査（子どもの文脈あり）,対象者（特性のある子の保護者）だが、知りたいのは診断・特徴で学習支援から遠い
発達 障害 中 2,1,20,④テール,T1 コア,低CPC探索,N26,発達特性の理解・診断・検査（子どもの文脈あり）,対象者（特性のある子の保護者）だが、知りたいのは診断・特徴で学習支援から遠い
発達 障害 中学校 フリー スクール,1,20,④テール,T1 コア,低CPC探索,N26,発達特性の理解・診断・検査（子どもの文脈あり）,対象者（特性のある子の保護者）だが、知りたいのは診断・特徴で学習支援から遠い
発達 障害 児 教育,2,20,④テール,T1 コア,低CPC探索,N26,発達特性の理解・診断・検査（子どもの文脈あり）,対象者（特性のある子の保護者）だが、知りたいのは診断・特徴で学習支援から遠い
発達 障害 児 絵 カード,1,20,④テール,T1 コア,低CPC探索,N26,発達特性の理解・診断・検査（子どもの文脈あり）,対象者（特性のある子の保護者）だが、知りたいのは診断・特徴で学習支援から遠い
発達 障害 全日 制 高校,1,20,④テール,T1 コア,低CPC探索,N26,発達特性の理解・診断・検査（子どもの文脈あり）,対象者（特性のある子の保護者）だが、知りたいのは診断・特徴で学習支援から遠い
発達 障害 学級,1,20,④テール,T1 コア,低CPC探索,N26,発達特性の理解・診断・検査（子どもの文脈あり）,対象者（特性のある子の保護者）だが、知りたいのは診断・特徴で学習支援から遠い
発達障害受け入れ 私立高校 京都,1,20,④テール,T1 コア,低CPC探索,N26,発達特性の理解・診断・検査（子どもの文脈あり）,対象者（特性のある子の保護者）だが、知りたいのは診断・特徴で学習支援から遠い
軽度 の 学習 障害,1,20,④テール,T1 コア,低CPC探索,N26,発達特性の理解・診断・検査（子どもの文脈あり）,対象者（特性のある子の保護者）だが、知りたいのは診断・特徴で学習支援から遠い
非 言語 学習 障害,1,20,④テール,T1 コア,低CPC探索,N26,発達特性の理解・診断・検査（子どもの文脈あり）,対象者（特性のある子の保護者）だが、知りたいのは診断・特徴で学習支援から遠い
add 中学生,1,10,④テール,T1 コア,低CPC探索,N26,発達特性の理解・診断・検査（子どもの文脈あり）,対象者（特性のある子の保護者）だが、知りたいのは診断・特徴で学習支援から遠い
adhd グレー ゾーン 高校生,1,10,④テール,T1 コア,低CPC探索,N26,発達特性の理解・診断・検査（子どもの文脈あり）,対象者（特性のある子の保護者）だが、知りたいのは診断・特徴で学習支援から遠い
adhd テスト 高校生,1,10,④テール,T1 コア,低CPC探索,N26,発達特性の理解・診断・検査（子どもの文脈あり）,対象者（特性のある子の保護者）だが、知りたいのは診断・特徴で学習支援から遠い
adhd 中学生 部活,1,10,④テール,T1 コア,低CPC探索,N26,発達特性の理解・診断・検査（子どもの文脈あり）,対象者（特性のある子の保護者）だが、知りたいのは診断・特徴で学習支援から遠い
adhd 学校 トラブル,1,10,④テール,T1 コア,低CPC探索,N26,発達特性の理解・診断・検査（子どもの文脈あり）,対象者（特性のある子の保護者）だが、知りたいのは診断・特徴で学習支援から遠い
adhd 学校 辛い,1,10,④テール,T1 コア,低CPC探索,N26,発達特性の理解・診断・検査（子どもの文脈あり）,対象者（特性のある子の保護者）だが、知りたいのは診断・特徴で学習支援から遠い
adhd 学校 配慮,1,10,④テール,T1 コア,低CPC探索,N26,発達特性の理解・診断・検査（子どもの文脈あり）,対象者（特性のある子の保護者）だが、知りたいのは診断・特徴で学習支援から遠い
adhd 学級,1,10,④テール,T1 コア,低CPC探索,N26,発達特性の理解・診断・検査（子どもの文脈あり）,対象者（特性のある子の保護者）だが、知りたいのは診断・特徴で学習支援から遠い
adhd 家庭,1,10,④テール,T1 コア,低CPC探索,N26,発達特性の理解・診断・検査（子どもの文脈あり）,対象者（特性のある子の保護者）だが、知りたいのは診断・特徴で学習支援から遠い
adhd 小学校 私立,1,10,④テール,T1 コア,低CPC探索,N26,発達特性の理解・診断・検査（子どもの文脈あり）,対象者（特性のある子の保護者）だが、知りたいのは診断・特徴で学習支援から遠い
adhd 小学生 ブログ,1,10,④テール,T1 コア,低CPC探索,N26,発達特性の理解・診断・検査（子どもの文脈あり）,対象者（特性のある子の保護者）だが、知りたいのは診断・特徴で学習支援から遠い
adhd 小学生 相談,1,10,④テール,T1 コア,低CPC探索,N26,発達特性の理解・診断・検査（子どもの文脈あり）,対象者（特性のある子の保護者）だが、知りたいのは診断・特徴で学習支援から遠い
adhd 小学生 習い事,1,10,④テール,T1 コア,低CPC探索,N26,発達特性の理解・診断・検査（子どもの文脈あり）,対象者（特性のある子の保護者）だが、知りたいのは診断・特徴で学習支援から遠い
adhd 忘れ物 小学生,1,10,④テール,T1 コア,低CPC探索,N26,発達特性の理解・診断・検査（子どもの文脈あり）,対象者（特性のある子の保護者）だが、知りたいのは診断・特徴で学習支援から遠い
adhd 支援 制度 子ども,1,10,④テール,T1 コア,低CPC探索,N26,発達特性の理解・診断・検査（子どもの文脈あり）,対象者（特性のある子の保護者）だが、知りたいのは診断・特徴で学習支援から遠い
adhd 検査 高校生,1,10,④テール,T1 コア,低CPC探索,N26,発達特性の理解・診断・検査（子どもの文脈あり）,対象者（特性のある子の保護者）だが、知りたいのは診断・特徴で学習支援から遠い
adhd 特別 学級,1,10,④テール,T1 コア,低CPC探索,N26,発達特性の理解・診断・検査（子どもの文脈あり）,対象者（特性のある子の保護者）だが、知りたいのは診断・特徴で学習支援から遠い
adhd 特殊 学級,1,10,④テール,T1 コア,低CPC探索,N26,発達特性の理解・診断・検査（子どもの文脈あり）,対象者（特性のある子の保護者）だが、知りたいのは診断・特徴で学習支援から遠い
adhd 生徒,1,10,④テール,T1 コア,低CPC探索,N26,発達特性の理解・診断・検査（子どもの文脈あり）,対象者（特性のある子の保護者）だが、知りたいのは診断・特徴で学習支援から遠い
adhd 男児,1,10,④テール,T1 コア,低CPC探索,N26,発達特性の理解・診断・検査（子どもの文脈あり）,対象者（特性のある子の保護者）だが、知りたいのは診断・特徴で学習支援から遠い
adhd 症状 小学生,1,10,④テール,T1 コア,低CPC探索,N26,発達特性の理解・診断・検査（子どもの文脈あり）,対象者（特性のある子の保護者）だが、知りたいのは診断・特徴で学習支援から遠い
adhd 診断 学校,1,10,④テール,T1 コア,低CPC探索,N26,発達特性の理解・診断・検査（子どもの文脈あり）,対象者（特性のある子の保護者）だが、知りたいのは診断・特徴で学習支援から遠い
adhd 診断 病院 高校生,1,10,④テール,T1 コア,低CPC探索,N26,発達特性の理解・診断・検査（子どもの文脈あり）,対象者（特性のある子の保護者）だが、知りたいのは診断・特徴で学習支援から遠い
adhd 軽度 小学生,1,10,④テール,T1 コア,低CPC探索,N26,発達特性の理解・診断・検査（子どもの文脈あり）,対象者（特性のある子の保護者）だが、知りたいのは診断・特徴で学習支援から遠い
adhd 高校生 相談,1,10,④テール,T1 コア,低CPC探索,N26,発達特性の理解・診断・検査（子どもの文脈あり）,対象者（特性のある子の保護者）だが、知りたいのは診断・特徴で学習支援から遠い
aie 国際 高等 学校 発達 障害,1,10,④テール,T1 コア,低CPC探索,N26,発達特性の理解・診断・検査（子どもの文脈あり）,対象者（特性のある子の保護者）だが、知りたいのは診断・特徴で学習支援から遠い
asd 中学,1,10,④テール,T1 コア,低CPC探索,N26,発達特性の理解・診断・検査（子どもの文脈あり）,対象者（特性のある子の保護者）だが、知りたいのは診断・特徴で学習支援から遠い
asd 学校 支援,1,10,④テール,T1 コア,低CPC探索,N26,発達特性の理解・診断・検査（子どもの文脈あり）,対象者（特性のある子の保護者）だが、知りたいのは診断・特徴で学習支援から遠い
e テレ 学習 障害,1,10,④テール,T1 コア,低CPC探索,N26,発達特性の理解・診断・検査（子どもの文脈あり）,対象者（特性のある子の保護者）だが、知りたいのは診断・特徴で学習支援から遠い
hsc 不 登校 高校生,1,10,④テール,T2 探索,低CPC探索,N26,発達特性の理解・診断・検査（子どもの文脈あり）,特性の状態語のみ（HSC・ギフテッド等は公式の対象表記に含まれるか未確認）
ld 学習 障害 に 特 化 した 留学 支援,1,10,④テール,T1 コア,低CPC探索,N26,発達特性の理解・診断・検査（子どもの文脈あり）,対象者（特性のある子の保護者）だが、知りたいのは診断・特徴で学習支援から遠い
prs 学習 障害,1,10,④テール,T1 コア,低CPC探索,N26,発達特性の理解・診断・検査（子どもの文脈あり）,対象者（特性のある子の保護者）だが、知りたいのは診断・特徴で学習支援から遠い
sld 限局 性 学習 障害,1,10,④テール,T1 コア,低CPC探索,N26,発達特性の理解・診断・検査（子どもの文脈あり）,対象者（特性のある子の保護者）だが、知りたいのは診断・特徴で学習支援から遠い
アスペルガー 女児 特徴,1,10,④テール,T1 コア,低CPC探索,N26,発達特性の理解・診断・検査（子どもの文脈あり）,対象者（特性のある子の保護者）だが、知りたいのは診断・特徴で学習支援から遠い
アスペルガー 学校,1,10,④テール,T1 コア,低CPC探索,N26,発達特性の理解・診断・検査（子どもの文脈あり）,対象者（特性のある子の保護者）だが、知りたいのは診断・特徴で学習支援から遠い
アスペルガー 診断 高校生,1,10,④テール,T1 コア,低CPC探索,N26,発達特性の理解・診断・検査（子どもの文脈あり）,対象者（特性のある子の保護者）だが、知りたいのは診断・特徴で学習支援から遠い
アスペルガー 高校生 女子,1,10,④テール,T1 コア,低CPC探索,N26,発達特性の理解・診断・検査（子どもの文脈あり）,対象者（特性のある子の保護者）だが、知りたいのは診断・特徴で学習支援から遠い
アスペルガー 高校生 特徴,1,10,④テール,T1 コア,低CPC探索,N26,発達特性の理解・診断・検査（子どもの文脈あり）,対象者（特性のある子の保護者）だが、知りたいのは診断・特徴で学習支援から遠い
ギフテッド 特徴 中学生,1,10,④テール,T2 探索,低CPC探索,N26,発達特性の理解・診断・検査（子どもの文脈あり）,特性の状態語のみ（HSC・ギフテッド等は公式の対象表記に含まれるか未確認）
グレー ゾーン 普通 学級 中学,1,10,④テール,T1 コア,低CPC探索,N26,発達特性の理解・診断・検査（子どもの文脈あり）,対象者（特性のある子の保護者）だが、知りたいのは診断・特徴で学習支援から遠い
グレー ゾーン 私立 中学,1,10,④テール,T1 コア,低CPC探索,N26,発達特性の理解・診断・検査（子どもの文脈あり）,対象者（特性のある子の保護者）だが、知りたいのは診断・特徴で学習支援から遠い
グレー ゾーン 通常 学級,1,10,④テール,T1 コア,低CPC探索,N26,発達特性の理解・診断・検査（子どもの文脈あり）,対象者（特性のある子の保護者）だが、知りたいのは診断・特徴で学習支援から遠い
グレーゾーンの中学生の特徴は？,1,10,④テール,T1 コア,低CPC探索,N26,発達特性の理解・診断・検査（子どもの文脈あり）,対象者（特性のある子の保護者）だが、知りたいのは診断・特徴で学習支援から遠い
グレーゾーンの高校生の特徴は？,1,10,④テール,T1 コア,低CPC探索,N26,発達特性の理解・診断・検査（子どもの文脈あり）,対象者（特性のある子の保護者）だが、知りたいのは診断・特徴で学習支援から遠い
デ コーディング 学習 障害,1,10,④テール,T1 コア,低CPC探索,N26,発達特性の理解・診断・検査（子どもの文脈あり）,対象者（特性のある子の保護者）だが、知りたいのは診断・特徴で学習支援から遠い
ディスレクシア と は 学習 障害,1,10,④テール,T1 コア,低CPC探索,N26,発達特性の理解・診断・検査（子どもの文脈あり）,対象者（特性のある子の保護者）だが、知りたいのは診断・特徴で学習支援から遠い
ディスレクシア 一年生,1,10,④テール,T1 コア,低CPC探索,N26,発達特性の理解・診断・検査（子どもの文脈あり）,対象者（特性のある子の保護者）だが、知りたいのは診断・特徴で学習支援から遠い
ディスレクシア 診断 中学生,1,10,④テール,T1 コア,低CPC探索,N26,発達特性の理解・診断・検査（子どもの文脈あり）,対象者（特性のある子の保護者）だが、知りたいのは診断・特徴で学習支援から遠い
中 1 学習 障害,1,10,④テール,T1 コア,低CPC探索,N26,発達特性の理解・診断・検査（子どもの文脈あり）,対象者（特性のある子の保護者）だが、知りたいのは診断・特徴で学習支援から遠い
中学生 学習 障害 かも,1,10,④テール,T1 コア,低CPC探索,N26,発達特性の理解・診断・検査（子どもの文脈あり）,対象者（特性のある子の保護者）だが、知りたいのは診断・特徴で学習支援から遠い
中学生のADHDの特徴は？,1,10,④テール,T1 コア,低CPC探索,N26,発達特性の理解・診断・検査（子どもの文脈あり）,対象者（特性のある子の保護者）だが、知りたいのは診断・特徴で学習支援から遠い
勝手 読み 学習 障害,1,10,④テール,T1 コア,低CPC探索,N26,発達特性の理解・診断・検査（子どもの文脈あり）,対象者（特性のある子の保護者）だが、知りたいのは診断・特徴で学習支援から遠い
境界知能 高校生 特徴,1,10,④テール,T1 コア,低CPC探索,N26,発達特性の理解・診断・検査（子どもの文脈あり）,対象者（特性のある子の保護者）だが、知りたいのは診断・特徴で学習支援から遠い
多動症 学校,1,10,④テール,T1 コア,低CPC探索,N26,発達特性の理解・診断・検査（子どもの文脈あり）,対象者（特性のある子の保護者）だが、知りたいのは診断・特徴で学習支援から遠い
女児 adhd,1,10,④テール,T1 コア,低CPC探索,N26,発達特性の理解・診断・検査（子どもの文脈あり）,対象者（特性のある子の保護者）だが、知りたいのは診断・特徴で学習支援から遠い
学習 障害 10 歳,1,10,④テール,T1 コア,低CPC探索,N26,発達特性の理解・診断・検査（子どもの文脈あり）,対象者（特性のある子の保護者）だが、知りたいのは診断・特徴で学習支援から遠い
学習 障害 3 年生,1,10,④テール,T1 コア,低CPC探索,N26,発達特性の理解・診断・検査（子どもの文脈あり）,対象者（特性のある子の保護者）だが、知りたいのは診断・特徴で学習支援から遠い
学習 障害 4 年生,1,10,④テール,T1 コア,低CPC探索,N26,発達特性の理解・診断・検査（子どもの文脈あり）,対象者（特性のある子の保護者）だが、知りたいのは診断・特徴で学習支援から遠い
学習 障害 すぐ 忘れる,1,10,④テール,T1 コア,低CPC探索,N26,発達特性の理解・診断・検査（子どもの文脈あり）,対象者（特性のある子の保護者）だが、知りたいのは診断・特徴で学習支援から遠い
学習 障害 と は 中学生,1,10,④テール,T1 コア,低CPC探索,N26,発達特性の理解・診断・検査（子どもの文脈あり）,対象者（特性のある子の保護者）だが、知りたいのは診断・特徴で学習支援から遠い
学習 障害 オンライン,1,10,④テール,T1 コア,低CPC探索,N26,発達特性の理解・診断・検査（子どもの文脈あり）,対象者（特性のある子の保護者）だが、知りたいのは診断・特徴で学習支援から遠い
学習 障害 グレー,1,10,④テール,T1 コア,低CPC探索,N26,発達特性の理解・診断・検査（子どもの文脈あり）,対象者（特性のある子の保護者）だが、知りたいのは診断・特徴で学習支援から遠い
学習 障害 スポーツ,1,10,④テール,T1 コア,低CPC探索,N26,発達特性の理解・診断・検査（子どもの文脈あり）,対象者（特性のある子の保護者）だが、知りたいのは診断・特徴で学習支援から遠い
学習 障害 セミナー,1,10,④テール,T1 コア,低CPC探索,N26,発達特性の理解・診断・検査（子どもの文脈あり）,対象者（特性のある子の保護者）だが、知りたいのは診断・特徴で学習支援から遠い
学習 障害 三 年生,1,10,④テール,T1 コア,低CPC探索,N26,発達特性の理解・診断・検査（子どもの文脈あり）,対象者（特性のある子の保護者）だが、知りたいのは診断・特徴で学習支援から遠い
学習 障害 不器用,1,10,④テール,T1 コア,低CPC探索,N26,発達特性の理解・診断・検査（子どもの文脈あり）,対象者（特性のある子の保護者）だが、知りたいのは診断・特徴で学習支援から遠い
学習 障害 五 歳,1,10,④テール,T1 コア,低CPC探索,N26,発達特性の理解・診断・検査（子どもの文脈あり）,対象者（特性のある子の保護者）だが、知りたいのは診断・特徴で学習支援から遠い
学習 障害 会話,1,10,④テール,T1 コア,低CPC探索,N26,発達特性の理解・診断・検査（子どもの文脈あり）,対象者（特性のある子の保護者）だが、知りたいのは診断・特徴で学習支援から遠い
学習 障害 克服 できる,1,10,④テール,T1 コア,低CPC探索,N26,発達特性の理解・診断・検査（子どもの文脈あり）,対象者（特性のある子の保護者）だが、知りたいのは診断・特徴で学習支援から遠い
学習 障害 克服 法,1,10,④テール,T1 コア,低CPC探索,N26,発達特性の理解・診断・検査（子どもの文脈あり）,対象者（特性のある子の保護者）だが、知りたいのは診断・特徴で学習支援から遠い
学習 障害 児 に対する 指導 について,1,10,④テール,T1 コア,低CPC探索,N26,発達特性の理解・診断・検査（子どもの文脈あり）,対象者（特性のある子の保護者）だが、知りたいのは診断・特徴で学習支援から遠い
学習 障害 児 の 特徴,1,10,④テール,T1 コア,低CPC探索,N26,発達特性の理解・診断・検査（子どもの文脈あり）,対象者（特性のある子の保護者）だが、知りたいのは診断・特徴で学習支援から遠い
学習 障害 厚生 労働省,1,10,④テール,T1 コア,低CPC探索,N26,発達特性の理解・診断・検査（子どもの文脈あり）,対象者（特性のある子の保護者）だが、知りたいのは診断・特徴で学習支援から遠い
学習 障害 問題,1,10,④テール,T1 コア,低CPC探索,N26,発達特性の理解・診断・検査（子どもの文脈あり）,対象者（特性のある子の保護者）だが、知りたいのは診断・特徴で学習支援から遠い
学習 障害 四 歳,1,10,④テール,T1 コア,低CPC探索,N26,発達特性の理解・診断・検査（子どもの文脈あり）,対象者（特性のある子の保護者）だが、知りたいのは診断・特徴で学習支援から遠い
学習 障害 工夫,1,10,④テール,T1 コア,低CPC探索,N26,発達特性の理解・診断・検査（子どもの文脈あり）,対象者（特性のある子の保護者）だが、知りたいのは診断・特徴で学習支援から遠い
学習 障害 左利き,1,10,④テール,T1 コア,低CPC探索,N26,発達特性の理解・診断・検査（子どもの文脈あり）,対象者（特性のある子の保護者）だが、知りたいのは診断・特徴で学習支援から遠い
学習 障害 性格,1,10,④テール,T1 コア,低CPC探索,N26,発達特性の理解・診断・検査（子どもの文脈あり）,対象者（特性のある子の保護者）だが、知りたいのは診断・特徴で学習支援から遠い
学習 障害 意味,1,10,④テール,T1 コア,低CPC探索,N26,発達特性の理解・診断・検査（子どもの文脈あり）,対象者（特性のある子の保護者）だが、知りたいのは診断・特徴で学習支援から遠い
学習 障害 推論 できない,1,10,④テール,T1 コア,低CPC探索,N26,発達特性の理解・診断・検査（子どもの文脈あり）,対象者（特性のある子の保護者）だが、知りたいのは診断・特徴で学習支援から遠い
学習 障害 援助,1,10,④テール,T1 コア,低CPC探索,N26,発達特性の理解・診断・検査（子どもの文脈あり）,対象者（特性のある子の保護者）だが、知りたいのは診断・特徴で学習支援から遠い
学習 障害 支援 の 仕方,1,10,④テール,T1 コア,低CPC探索,N26,発達特性の理解・診断・検査（子どもの文脈あり）,対象者（特性のある子の保護者）だが、知りたいのは診断・特徴で学習支援から遠い
学習 障害 支援 アプリ,1,10,④テール,T1 コア,低CPC探索,N26,発達特性の理解・診断・検査（子どもの文脈あり）,対象者（特性のある子の保護者）だが、知りたいのは診断・特徴で学習支援から遠い
学習 障害 支援 センター,1,10,④テール,T1 コア,低CPC探索,N26,発達特性の理解・診断・検査（子どもの文脈あり）,対象者（特性のある子の保護者）だが、知りたいのは診断・特徴で学習支援から遠い
学習 障害 教師,1,10,④テール,T1 コア,低CPC探索,N26,発達特性の理解・診断・検査（子どもの文脈あり）,対象者（特性のある子の保護者）だが、知りたいのは診断・特徴で学習支援から遠い
学習 障害 教科書,1,10,④テール,T1 コア,低CPC探索,N26,発達特性の理解・診断・検査（子どもの文脈あり）,対象者（特性のある子の保護者）だが、知りたいのは診断・特徴で学習支援から遠い
学習 障害 教育 支援,1,10,④テール,T1 コア,低CPC探索,N26,発達特性の理解・診断・検査（子どもの文脈あり）,対象者（特性のある子の保護者）だが、知りたいのは診断・特徴で学習支援から遠い
学習 障害 文字 認識,1,10,④テール,T1 コア,低CPC探索,N26,発達特性の理解・診断・検査（子どもの文脈あり）,対象者（特性のある子の保護者）だが、知りたいのは診断・特徴で学習支援から遠い
学習 障害 文章,1,10,④テール,T1 コア,低CPC探索,N26,発達特性の理解・診断・検査（子どもの文脈あり）,対象者（特性のある子の保護者）だが、知りたいのは診断・特徴で学習支援から遠い
学習 障害 文章 が 読め ない,1,10,④テール,T1 コア,低CPC探索,N26,発達特性の理解・診断・検査（子どもの文脈あり）,対象者（特性のある子の保護者）だが、知りたいのは診断・特徴で学習支援から遠い
学習 障害 文章 問題,1,10,④テール,T1 コア,低CPC探索,N26,発達特性の理解・診断・検査（子どもの文脈あり）,対象者（特性のある子の保護者）だが、知りたいのは診断・特徴で学習支援から遠い
学習 障害 書き,1,10,④テール,T1 コア,低CPC探索,N26,発達特性の理解・診断・検査（子どもの文脈あり）,対象者（特性のある子の保護者）だが、知りたいのは診断・特徴で学習支援から遠い
学習 障害 本 が 読め ない,1,10,④テール,T1 コア,低CPC探索,N26,発達特性の理解・診断・検査（子どもの文脈あり）,対象者（特性のある子の保護者）だが、知りたいのは診断・特徴で学習支援から遠い
学習 障害 理解 できない,1,10,④テール,T1 コア,低CPC探索,N26,発達特性の理解・診断・検査（子どもの文脈あり）,対象者（特性のある子の保護者）だが、知りたいのは診断・特徴で学習支援から遠い
学習 障害 知 的 障害 重複,1,10,④テール,T1 コア,低CPC探索,N26,発達特性の理解・診断・検査（子どもの文脈あり）,対象者（特性のある子の保護者）だが、知りたいのは診断・特徴で学習支援から遠い
学習 障害 短期 記憶,1,10,④テール,T1 コア,低CPC探索,N26,発達特性の理解・診断・検査（子どもの文脈あり）,対象者（特性のある子の保護者）だが、知りたいのは診断・特徴で学習支援から遠い
学習 障害 聞く 話す,1,10,④テール,T1 コア,低CPC探索,N26,発達特性の理解・診断・検査（子どもの文脈あり）,対象者（特性のある子の保護者）だが、知りたいのは診断・特徴で学習支援から遠い
学習 障害 視覚,1,10,④テール,T1 コア,低CPC探索,N26,発達特性の理解・診断・検査（子どもの文脈あり）,対象者（特性のある子の保護者）だが、知りたいのは診断・特徴で学習支援から遠い
学習 障害 言葉,1,10,④テール,T1 コア,低CPC探索,N26,発達特性の理解・診断・検査（子どもの文脈あり）,対象者（特性のある子の保護者）だが、知りたいのは診断・特徴で学習支援から遠い
学習 障害 講演 会,1,10,④テール,T1 コア,低CPC探索,N26,発達特性の理解・診断・検査（子どもの文脈あり）,対象者（特性のある子の保護者）だが、知りたいのは診断・特徴で学習支援から遠い
学習 障害 辛い,1,10,④テール,T1 コア,低CPC探索,N26,発達特性の理解・診断・検査（子どもの文脈あり）,対象者（特性のある子の保護者）だが、知りたいのは診断・特徴で学習支援から遠い
学習 障害 運動 能力,1,10,④テール,T1 コア,低CPC探索,N26,発達特性の理解・診断・検査（子どもの文脈あり）,対象者（特性のある子の保護者）だが、知りたいのは診断・特徴で学習支援から遠い
学習 障害 野球,1,10,④テール,T1 コア,低CPC探索,N26,発達特性の理解・診断・検査（子どもの文脈あり）,対象者（特性のある子の保護者）だが、知りたいのは診断・特徴で学習支援から遠い
学習 障害 高校生 特徴,1,10,④テール,T1 コア,低CPC探索,N26,発達特性の理解・診断・検査（子どもの文脈あり）,対象者（特性のある子の保護者）だが、知りたいのは診断・特徴で学習支援から遠い
小 2 グレー ゾーン,1,10,④テール,T1 コア,低CPC探索,N26,発達特性の理解・診断・検査（子どもの文脈あり）,対象者（特性のある子の保護者）だが、知りたいのは診断・特徴で学習支援から遠い
小 3 グレー ゾーン,1,10,④テール,T1 コア,低CPC探索,N26,発達特性の理解・診断・検査（子どもの文脈あり）,対象者（特性のある子の保護者）だが、知りたいのは診断・特徴で学習支援から遠い
小 4 グレー ゾーン,1,10,④テール,T1 コア,低CPC探索,N26,発達特性の理解・診断・検査（子どもの文脈あり）,対象者（特性のある子の保護者）だが、知りたいのは診断・特徴で学習支援から遠い
小 6 学習 障害,1,10,④テール,T1 コア,低CPC探索,N26,発達特性の理解・診断・検査（子どもの文脈あり）,対象者（特性のある子の保護者）だが、知りたいのは診断・特徴で学習支援から遠い
小学校 1 年生 学習 障害,1,10,④テール,T1 コア,低CPC探索,N26,発達特性の理解・診断・検査（子どもの文脈あり）,対象者（特性のある子の保護者）だが、知りたいのは診断・特徴で学習支援から遠い
小学校 一年生 学習 障害,1,10,④テール,T1 コア,低CPC探索,N26,発達特性の理解・診断・検査（子どもの文脈あり）,対象者（特性のある子の保護者）だが、知りたいのは診断・特徴で学習支援から遠い
小学校 知 的 障害 学級,1,10,④テール,T1 コア,低CPC探索,N26,発達特性の理解・診断・検査（子どもの文脈あり）,対象者（特性のある子の保護者）だが、知りたいのは診断・特徴で学習支援から遠い
年 中 学習 障害,1,10,④テール,T1 コア,低CPC探索,N26,発達特性の理解・診断・検査（子どもの文脈あり）,対象者（特性のある子の保護者）だが、知りたいのは診断・特徴で学習支援から遠い
書 字 障害 中学生 支援,1,10,④テール,T1 コア,低CPC探索,N26,発達特性の理解・診断・検査（子どもの文脈あり）,対象者（特性のある子の保護者）だが、知りたいのは診断・特徴で学習支援から遠い
横浜市 学習障害 相談,1,10,④テール,T1 コア,低CPC探索,N26,発達特性の理解・診断・検査（子どもの文脈あり）,対象者（特性のある子の保護者）だが、知りたいのは診断・特徴で学習支援から遠い
特異 的 学習 障害 と は,1,10,④テール,T1 コア,低CPC探索,N26,発達特性の理解・診断・検査（子どもの文脈あり）,対象者（特性のある子の保護者）だが、知りたいのは診断・特徴で学習支援から遠い
発達 凸凹 小学生,1,10,④テール,T1 コア,低CPC探索,N26,発達特性の理解・診断・検査（子どもの文脈あり）,対象者（特性のある子の保護者）だが、知りたいのは診断・特徴で学習支援から遠い
発達 障害 グレー ゾーン 中学生 ブログ,1,10,④テール,T1 コア,低CPC探索,N26,発達特性の理解・診断・検査（子どもの文脈あり）,対象者（特性のある子の保護者）だが、知りたいのは診断・特徴で学習支援から遠い
発達 障害 グレー 中学生,1,10,④テール,T1 コア,低CPC探索,N26,発達特性の理解・診断・検査（子どもの文脈あり）,対象者（特性のある子の保護者）だが、知りたいのは診断・特徴で学習支援から遠い
発達 障害 中学生 定期 テスト,1,10,④テール,T1 コア,低CPC探索,N26,発達特性の理解・診断・検査（子どもの文脈あり）,対象者（特性のある子の保護者）だが、知りたいのは診断・特徴で学習支援から遠い
発達 障害 中学生 知恵袋,1,10,④テール,T1 コア,低CPC探索,N26,発達特性の理解・診断・検査（子どもの文脈あり）,対象者（特性のある子の保護者）だが、知りたいのは診断・特徴で学習支援から遠い
発達 障害 児 フリー スクール,1,10,④テール,T1 コア,低CPC探索,N26,発達特性の理解・診断・検査（子どもの文脈あり）,対象者（特性のある子の保護者）だが、知りたいのは診断・特徴で学習支援から遠い
発達 障害 児 小学校,1,10,④テール,T1 コア,低CPC探索,N26,発達特性の理解・診断・検査（子どもの文脈あり）,対象者（特性のある子の保護者）だが、知りたいのは診断・特徴で学習支援から遠い
発達 障害 公立 小学校,1,10,④テール,T1 コア,低CPC探索,N26,発達特性の理解・診断・検査（子どもの文脈あり）,対象者（特性のある子の保護者）だが、知りたいのは診断・特徴で学習支援から遠い
発達障害 小学校入学準備,1,10,④テール,T1 コア,低CPC探索,N26,発達特性の理解・診断・検査（子どもの文脈あり）,対象者（特性のある子の保護者）だが、知りたいのは診断・特徴で学習支援から遠い
発達障害グレーゾーンの高校生の特徴は？,1,10,④テール,T1 コア,低CPC探索,N26,発達特性の理解・診断・検査（子どもの文脈あり）,対象者（特性のある子の保護者）だが、知りたいのは診断・特徴で学習支援から遠い
自 閉 症 スペクトラム 小学校 支援,1,10,④テール,T1 コア,低CPC探索,N26,発達特性の理解・診断・検査（子どもの文脈あり）,対象者（特性のある子の保護者）だが、知りたいのは診断・特徴で学習支援から遠い
自 閉 症 児 の 教育,1,10,④テール,T1 コア,低CPC探索,N26,発達特性の理解・診断・検査（子どもの文脈あり）,対象者（特性のある子の保護者）だが、知りたいのは診断・特徴で学習支援から遠い
自 閉 症 特別 学級,1,10,④テール,T1 コア,低CPC探索,N26,発達特性の理解・診断・検査（子どもの文脈あり）,対象者（特性のある子の保護者）だが、知りたいのは診断・特徴で学習支援から遠い
自 閉 症 特殊 学級,1,10,④テール,T1 コア,低CPC探索,N26,発達特性の理解・診断・検査（子どもの文脈あり）,対象者（特性のある子の保護者）だが、知りたいのは診断・特徴で学習支援から遠い
自閉症 小学生 習い事,1,10,④テール,T1 コア,低CPC探索,N26,発達特性の理解・診断・検査（子どもの文脈あり）,対象者（特性のある子の保護者）だが、知りたいのは診断・特徴で学習支援から遠い
言語 性 学習 障害 と は,1,10,④テール,T1 コア,低CPC探索,N26,発達特性の理解・診断・検査（子どもの文脈あり）,対象者（特性のある子の保護者）だが、知りたいのは診断・特徴で学習支援から遠い
記憶 学習 障害,1,10,④テール,T1 コア,低CPC探索,N26,発達特性の理解・診断・検査（子どもの文脈あり）,対象者（特性のある子の保護者）だが、知りたいのは診断・特徴で学習支援から遠い
読み書き 障害 中学生,1,10,④テール,T1 コア,低CPC探索,N26,発達特性の理解・診断・検査（子どもの文脈あり）,対象者（特性のある子の保護者）だが、知りたいのは診断・特徴で学習支援から遠い
軽い 学習 障害,1,10,④テール,T1 コア,低CPC探索,N26,発達特性の理解・診断・検査（子どもの文脈あり）,対象者（特性のある子の保護者）だが、知りたいのは診断・特徴で学習支援から遠い
軽度 発達 障害 小学校,1,10,④テール,T1 コア,低CPC探索,N26,発達特性の理解・診断・検査（子どもの文脈あり）,対象者（特性のある子の保護者）だが、知りたいのは診断・特徴で学習支援から遠い
限定 性 学習 障害,1,10,④テール,T1 コア,低CPC探索,N26,発達特性の理解・診断・検査（子どもの文脈あり）,対象者（特性のある子の保護者）だが、知りたいのは診断・特徴で学習支援から遠い
限局 性 学習 障害 支援,1,10,④テール,T1 コア,低CPC探索,N26,発達特性の理解・診断・検査（子どもの文脈あり）,対象者（特性のある子の保護者）だが、知りたいのは診断・特徴で学習支援から遠い
非 言語 学習 障害 と は,1,10,④テール,T1 コア,低CPC探索,N26,発達特性の理解・診断・検査（子どもの文脈あり）,対象者（特性のある子の保護者）だが、知りたいのは診断・特徴で学習支援から遠い
非 言語 性 学習 障害 特徴,1,10,④テール,T1 コア,低CPC探索,N26,発達特性の理解・診断・検査（子どもの文脈あり）,対象者（特性のある子の保護者）だが、知りたいのは診断・特徴で学習支援から遠い
非 言語 性 学習 障害 診断,1,10,④テール,T1 コア,低CPC探索,N26,発達特性の理解・診断・検査（子どもの文脈あり）,対象者（特性のある子の保護者）だが、知りたいのは診断・特徴で学習支援から遠い
非 言語 的 学習 障害,1,10,④テール,T1 コア,低CPC探索,N26,発達特性の理解・診断・検査（子どもの文脈あり）,対象者（特性のある子の保護者）だが、知りたいのは診断・特徴で学習支援から遠い
ADHD 小学生 いつ落ち着く？,1,0,④テール,T1 コア,低CPC探索,N26,発達特性の理解・診断・検査（子どもの文脈あり）,対象者（特性のある子の保護者）だが、知りたいのは診断・特徴で学習支援から遠い
ADHDの子にいい習い事は何ですか？,1,0,④テール,T1 コア,低CPC探索,N26,発達特性の理解・診断・検査（子どもの文脈あり）,対象者（特性のある子の保護者）だが、知りたいのは診断・特徴で学習支援から遠い
ADHDの子に向いている習い事は？,1,0,④テール,T1 コア,低CPC探索,N26,発達特性の理解・診断・検査（子どもの文脈あり）,対象者（特性のある子の保護者）だが、知りたいのは診断・特徴で学習支援から遠い
ADHDの子供はIQが高いですか？,1,0,④テール,T1 コア,低CPC探索,N26,発達特性の理解・診断・検査（子どもの文脈あり）,対象者（特性のある子の保護者）だが、知りたいのは診断・特徴で学習支援から遠い
ASDの子供はしんどいですか？,1,0,④テール,T1 コア,低CPC探索,N26,発達特性の理解・診断・検査（子どもの文脈あり）,対象者（特性のある子の保護者）だが、知りたいのは診断・特徴で学習支援から遠い
ASDグレーゾーンの中学生の特徴は？,1,0,④テール,T1 コア,低CPC探索,N26,発達特性の理解・診断・検査（子どもの文脈あり）,対象者（特性のある子の保護者）だが、知りたいのは診断・特徴で学習支援から遠い
LDの子の特徴は？,1,0,④テール,T1 コア,低CPC探索,N26,発達特性の理解・診断・検査（子どもの文脈あり）,対象者（特性のある子の保護者）だが、知りたいのは診断・特徴で学習支援から遠い
LDは学習障害ですか？,1,0,④テール,T1 コア,低CPC探索,N26,発達特性の理解・診断・検査（子どもの文脈あり）,対象者（特性のある子の保護者）だが、知りたいのは診断・特徴で学習支援から遠い
asd グレーゾーン 特徴 子供,1,0,④テール,T1 コア,低CPC探索,N26,発達特性の理解・診断・検査（子どもの文脈あり）,対象者（特性のある子の保護者）だが、知りたいのは診断・特徴で学習支援から遠い
hsc 不登校 小学生,1,0,④テール,T2 探索,低CPC探索,N26,発達特性の理解・診断・検査（子どもの文脈あり）,特性の状態語のみ（HSC・ギフテッド等は公式の対象表記に含まれるか未確認）
hsc 学校 合わない,1,0,④テール,T2 探索,低CPC探索,N26,発達特性の理解・診断・検査（子どもの文脈あり）,特性の状態語のみ（HSC・ギフテッド等は公式の対象表記に含まれるか未確認）
wisc5 学習障害,1,0,④テール,T1 コア,低CPC探索,N26,発達特性の理解・診断・検査（子どもの文脈あり）,対象者（特性のある子の保護者）だが、知りたいのは診断・特徴で学習支援から遠い
さいたま市 学習障害 相談,1,0,④テール,T1 コア,低CPC探索,N26,発達特性の理解・診断・検査（子どもの文脈あり）,対象者（特性のある子の保護者）だが、知りたいのは診断・特徴で学習支援から遠い
ゆき ぽ よ 学習 障害,1,0,④テール,T1 コア,低CPC探索,N26,発達特性の理解・診断・検査（子どもの文脈あり）,対象者（特性のある子の保護者）だが、知りたいのは診断・特徴で学習支援から遠い
グレー ゾーン 息子,2,0,④テール,T1 コア,低CPC探索,N26,発達特性の理解・診断・検査（子どもの文脈あり）,対象者（特性のある子の保護者）だが、知りたいのは診断・特徴で学習支援から遠い
グレーゾーン 子ども 特徴,1,0,④テール,T1 コア,低CPC探索,N26,発達特性の理解・診断・検査（子どもの文脈あり）,対象者（特性のある子の保護者）だが、知りたいのは診断・特徴で学習支援から遠い
グレーゾーン 小学生 習い事,1,0,④テール,T1 コア,低CPC探索,N26,発達特性の理解・診断・検査（子どもの文脈あり）,対象者（特性のある子の保護者）だが、知りたいのは診断・特徴で学習支援から遠い
グレーゾーン 診断 テスト 中学生,1,0,④テール,T1 コア,低CPC探索,N26,発達特性の理解・診断・検査（子どもの文脈あり）,対象者（特性のある子の保護者）だが、知りたいのは診断・特徴で学習支援から遠い
グレーゾーンの子どもはIQいくつですか？,1,0,④テール,T1 コア,低CPC探索,N26,発達特性の理解・診断・検査（子どもの文脈あり）,対象者（特性のある子の保護者）だが、知りたいのは診断・特徴で学習支援から遠い
グレーゾーンの子どもは将来どうなりますか？,1,0,④テール,T1 コア,低CPC探索,N26,発達特性の理解・診断・検査（子どもの文脈あり）,対象者（特性のある子の保護者）だが、知りたいのは診断・特徴で学習支援から遠い
ディスレクシアと学習障害の関係は？,1,0,④テール,T1 コア,低CPC探索,N26,発達特性の理解・診断・検査（子どもの文脈あり）,対象者（特性のある子の保護者）だが、知りたいのは診断・特徴で学習支援から遠い
ワーキングメモリーが低い子供の特徴は？,1,0,④テール,T2 探索,低CPC探索,N26,発達特性の理解・診断・検査（子どもの文脈あり）,特性の状態語のみ（HSC・ギフテッド等は公式の対象表記に含まれるか未確認）
中学生 発達 障害 かも 知恵袋,1,0,④テール,T1 コア,低CPC探索,N26,発達特性の理解・診断・検査（子どもの文脈あり）,対象者（特性のある子の保護者）だが、知りたいのは診断・特徴で学習支援から遠い
中学生 発達障害 チェック,1,0,④テール,T1 コア,低CPC探索,N26,発達特性の理解・診断・検査（子どもの文脈あり）,対象者（特性のある子の保護者）だが、知りたいのは診断・特徴で学習支援から遠い
中学生 発達障害 チェックリスト,4,0,④テール,T1 コア,低CPC探索,N26,発達特性の理解・診断・検査（子どもの文脈あり）,対象者（特性のある子の保護者）だが、知りたいのは診断・特徴で学習支援から遠い
中学生で発達障害に気づくには？,1,0,④テール,T1 コア,低CPC探索,N26,発達特性の理解・診断・検査（子どもの文脈あり）,対象者（特性のある子の保護者）だが、知りたいのは診断・特徴で学習支援から遠い
境界 知能 息子,2,0,④テール,T1 コア,低CPC探索,N26,発達特性の理解・診断・検査（子どもの文脈あり）,対象者（特性のある子の保護者）だが、知りたいのは診断・特徴で学習支援から遠い
境界知能 伸ばし 方 子供,1,0,④テール,T1 コア,低CPC探索,N26,発達特性の理解・診断・検査（子どもの文脈あり）,対象者（特性のある子の保護者）だが、知りたいのは診断・特徴で学習支援から遠い
境界知能 高校生 ブログ,1,0,④テール,T1 コア,低CPC探索,N26,発達特性の理解・診断・検査（子どもの文脈あり）,対象者（特性のある子の保護者）だが、知りたいのは診断・特徴で学習支援から遠い
子供がASDだとつらいですか？,1,0,④テール,T1 コア,低CPC探索,N26,発達特性の理解・診断・検査（子どもの文脈あり）,対象者（特性のある子の保護者）だが、知りたいのは診断・特徴で学習支援から遠い
学習 障害 おすすめ,2,0,④テール,T1 コア,低CPC探索,N26,発達特性の理解・診断・検査（子どもの文脈あり）,対象者（特性のある子の保護者）だが、知りたいのは診断・特徴で学習支援から遠い
学習 障害 入学 前,1,0,④テール,T1 コア,低CPC探索,N26,発達特性の理解・診断・検査（子どもの文脈あり）,対象者（特性のある子の保護者）だが、知りたいのは診断・特徴で学習支援から遠い
学習 障害 合わ ない,1,0,④テール,T1 コア,低CPC探索,N26,発達特性の理解・診断・検査（子どもの文脈あり）,対象者（特性のある子の保護者）だが、知りたいのは診断・特徴で学習支援から遠い
学習 障害 夏期 講習,1,0,④テール,T1 コア,低CPC探索,N26,発達特性の理解・診断・検査（子どもの文脈あり）,対象者（特性のある子の保護者）だが、知りたいのは診断・特徴で学習支援から遠い
学習 障害 対象 年齢,1,0,④テール,T1 コア,低CPC探索,N26,発達特性の理解・診断・検査（子どもの文脈あり）,対象者（特性のある子の保護者）だが、知りたいのは診断・特徴で学習支援から遠い
学習 障害 料金,1,0,④テール,T1 コア,低CPC探索,N26,発達特性の理解・診断・検査（子どもの文脈あり）,対象者（特性のある子の保護者）だが、知りたいのは診断・特徴で学習支援から遠い
学習 障害 断 られ た,1,0,④テール,T1 コア,低CPC探索,N26,発達特性の理解・診断・検査（子どもの文脈あり）,対象者（特性のある子の保護者）だが、知りたいのは診断・特徴で学習支援から遠い
学習 障害 理解 の ある 先生,1,0,④テール,T1 コア,低CPC探索,N26,発達特性の理解・診断・検査（子どもの文脈あり）,対象者（特性のある子の保護者）だが、知りたいのは診断・特徴で学習支援から遠い
学習 障害 診断 され た,1,0,④テール,T1 コア,低CPC探索,N26,発達特性の理解・診断・検査（子どもの文脈あり）,対象者（特性のある子の保護者）だが、知りたいのは診断・特徴で学習支援から遠い
学習障害 wisc,1,0,④テール,T1 コア,低CPC探索,N26,発達特性の理解・診断・検査（子どもの文脈あり）,対象者（特性のある子の保護者）だが、知りたいのは診断・特徴で学習支援から遠い
学習障害 おすすめ アプリ,1,0,④テール,T1 コア,低CPC探索,N26,発達特性の理解・診断・検査（子どもの文脈あり）,対象者（特性のある子の保護者）だが、知りたいのは診断・特徴で学習支援から遠い
学習障害 ゲーム依存症,1,0,④テール,T1 コア,低CPC探索,N26,発達特性の理解・診断・検査（子どもの文脈あり）,対象者（特性のある子の保護者）だが、知りたいのは診断・特徴で学習支援から遠い
学習障害 中学生 知恵袋,1,0,④テール,T1 コア,低CPC探索,N26,発達特性の理解・診断・検査（子どもの文脈あり）,対象者（特性のある子の保護者）だが、知りたいのは診断・特徴で学習支援から遠い
学習障害 小学生 知恵袋,1,0,④テール,T1 コア,低CPC探索,N26,発達特性の理解・診断・検査（子どもの文脈あり）,対象者（特性のある子の保護者）だが、知りたいのは診断・特徴で学習支援から遠い
学習障害 検査 wisc,1,0,④テール,T1 コア,低CPC探索,N26,発達特性の理解・診断・検査（子どもの文脈あり）,対象者（特性のある子の保護者）だが、知りたいのは診断・特徴で学習支援から遠い
学習障害 相談 札幌,1,0,④テール,T1 コア,低CPC探索,N26,発達特性の理解・診断・検査（子どもの文脈あり）,対象者（特性のある子の保護者）だが、知りたいのは診断・特徴で学習支援から遠い
学習障害 相談先,1,0,④テール,T1 コア,低CPC探索,N26,発達特性の理解・診断・検査（子どもの文脈あり）,対象者（特性のある子の保護者）だが、知りたいのは診断・特徴で学習支援から遠い
学習障害 相談窓口,1,0,④テール,T1 コア,低CPC探索,N26,発達特性の理解・診断・検査（子どもの文脈あり）,対象者（特性のある子の保護者）だが、知りたいのは診断・特徴で学習支援から遠い
学習障害 診断テスト,1,0,④テール,T1 コア,低CPC探索,N26,発達特性の理解・診断・検査（子どもの文脈あり）,対象者（特性のある子の保護者）だが、知りたいのは診断・特徴で学習支援から遠い
学習障害 辛い 知恵袋,1,0,④テール,T1 コア,低CPC探索,N26,発達特性の理解・診断・検査（子どもの文脈あり）,対象者（特性のある子の保護者）だが、知りたいのは診断・特徴で学習支援から遠い
学習障害 高校生 知恵袋,1,0,④テール,T1 コア,低CPC探索,N26,発達特性の理解・診断・検査（子どもの文脈あり）,対象者（特性のある子の保護者）だが、知りたいのは診断・特徴で学習支援から遠い
学習障害の子どもは将来どうなりますか？,1,0,④テール,T1 コア,低CPC探索,N26,発達特性の理解・診断・検査（子どもの文脈あり）,対象者（特性のある子の保護者）だが、知りたいのは診断・特徴で学習支援から遠い
小学生のグレーゾーンの割合は？,1,0,④テール,T1 コア,低CPC探索,N26,発達特性の理解・診断・検査（子どもの文脈あり）,対象者（特性のある子の保護者）だが、知りたいのは診断・特徴で学習支援から遠い
小学生の境界知能の特徴は？,1,0,④テール,T1 コア,低CPC探索,N26,発達特性の理解・診断・検査（子どもの文脈あり）,対象者（特性のある子の保護者）だが、知りたいのは診断・特徴で学習支援から遠い
小学生の学習障害グレーゾーンの特徴は？,1,0,④テール,T1 コア,低CPC探索,N26,発達特性の理解・診断・検査（子どもの文脈あり）,対象者（特性のある子の保護者）だが、知りたいのは診断・特徴で学習支援から遠い
市川市 学習障害 相談,1,0,④テール,T1 コア,低CPC探索,N26,発達特性の理解・診断・検査（子どもの文脈あり）,対象者（特性のある子の保護者）だが、知りたいのは診断・特徴で学習支援から遠い
広島 学習障害 相談,1,0,④テール,T1 コア,低CPC探索,N26,発達特性の理解・診断・検査（子どもの文脈あり）,対象者（特性のある子の保護者）だが、知りたいのは診断・特徴で学習支援から遠い
普通学級でADHD児はどうなるのか？,1,0,④テール,T1 コア,低CPC探索,N26,発達特性の理解・診断・検査（子どもの文脈あり）,対象者（特性のある子の保護者）だが、知りたいのは診断・特徴で学習支援から遠い
東京都 私立高校 発達障害受け入れ,1,0,④テール,T1 コア,低CPC探索,N26,発達特性の理解・診断・検査（子どもの文脈あり）,対象者（特性のある子の保護者）だが、知りたいのは診断・特徴で学習支援から遠い
発達 障害 中学生 女子 知恵袋,1,0,④テール,T1 コア,低CPC探索,N26,発達特性の理解・診断・検査（子どもの文脈あり）,対象者（特性のある子の保護者）だが、知りたいのは診断・特徴で学習支援から遠い
発達障害 グレーゾーン チェック 中学生,1,0,④テール,T1 コア,低CPC探索,N26,発達特性の理解・診断・検査（子どもの文脈あり）,対象者（特性のある子の保護者）だが、知りたいのは診断・特徴で学習支援から遠い
発達障害 中学生 女子 特徴,1,0,④テール,T1 コア,低CPC探索,N26,発達特性の理解・診断・検査（子どもの文脈あり）,対象者（特性のある子の保護者）だが、知りたいのは診断・特徴で学習支援から遠い
発達障害 学校 合わない,1,0,④テール,T1 コア,低CPC探索,N26,発達特性の理解・診断・検査（子どもの文脈あり）,対象者（特性のある子の保護者）だが、知りたいのは診断・特徴で学習支援から遠い
発達障害 小学校入学前 面談,1,0,④テール,T1 コア,低CPC探索,N26,発達特性の理解・診断・検査（子どもの文脈あり）,対象者（特性のある子の保護者）だが、知りたいのは診断・特徴で学習支援から遠い
発達障害 相談 小学生,1,0,④テール,T1 コア,低CPC探索,N26,発達特性の理解・診断・検査（子どもの文脈あり）,対象者（特性のある子の保護者）だが、知りたいのは診断・特徴で学習支援から遠い
発達障害 私立中学 ブログ,1,0,④テール,T1 コア,低CPC探索,N26,発達特性の理解・診断・検査（子どもの文脈あり）,対象者（特性のある子の保護者）だが、知りたいのは診断・特徴で学習支援から遠い
発達障害 私立中学 退学,1,0,④テール,T1 コア,低CPC探索,N26,発達特性の理解・診断・検査（子どもの文脈あり）,対象者（特性のある子の保護者）だが、知りたいのは診断・特徴で学習支援から遠い
発達障害で私立小学校を退学になるケースはある？,1,0,④テール,T1 コア,低CPC探索,N26,発達特性の理解・診断・検査（子どもの文脈あり）,対象者（特性のある子の保護者）だが、知りたいのは診断・特徴で学習支援から遠い
発達障害に手厚い私立中学はどこですか？,1,0,④テール,T1 コア,低CPC探索,N26,発達特性の理解・診断・検査（子どもの文脈あり）,対象者（特性のある子の保護者）だが、知りたいのは診断・特徴で学習支援から遠い
発達障害に理解のある 中学校 東京 公立,1,0,④テール,T1 コア,低CPC探索,N26,発達特性の理解・診断・検査（子どもの文脈あり）,対象者（特性のある子の保護者）だが、知りたいのは診断・特徴で学習支援から遠い
発達障害に理解のある 中学校(東京 男子),1,0,④テール,T1 コア,低CPC探索,N26,発達特性の理解・診断・検査（子どもの文脈あり）,対象者（特性のある子の保護者）だが、知りたいのは診断・特徴で学習支援から遠い
発達障害に理解のある 中学校(東京),1,0,④テール,T1 コア,低CPC探索,N26,発達特性の理解・診断・検査（子どもの文脈あり）,対象者（特性のある子の保護者）だが、知りたいのは診断・特徴で学習支援から遠い
発達障害のグレーゾーンの中学生の特徴は？,1,0,④テール,T1 コア,低CPC探索,N26,発達特性の理解・診断・検査（子どもの文脈あり）,対象者（特性のある子の保護者）だが、知りたいのは診断・特徴で学習支援から遠い
発達障害のグレーゾーンの子供の特徴は？,1,0,④テール,T1 コア,低CPC探索,N26,発達特性の理解・診断・検査（子どもの文脈あり）,対象者（特性のある子の保護者）だが、知りたいのは診断・特徴で学習支援から遠い
発達障害グレーゾーン 中学生 特徴,1,0,④テール,T1 コア,低CPC探索,N26,発達特性の理解・診断・検査（子どもの文脈あり）,対象者（特性のある子の保護者）だが、知りたいのは診断・特徴で学習支援から遠い
発達障害グレーゾーンの高校生が通える高校は兵庫県にありますか？,1,0,④テール,T1 コア,低CPC探索,N26,発達特性の理解・診断・検査（子どもの文脈あり）,対象者（特性のある子の保護者）だが、知りたいのは診断・特徴で学習支援から遠い
発達障害児が通える高校は？,1,0,④テール,T1 コア,低CPC探索,N26,発達特性の理解・診断・検査（子どもの文脈あり）,対象者（特性のある子の保護者）だが、知りたいのは診断・特徴で学習支援から遠い
発達障害受け入れ私立中学 東京,1,0,④テール,T1 コア,低CPC探索,N26,発達特性の理解・診断・検査（子どもの文脈あり）,対象者（特性のある子の保護者）だが、知りたいのは診断・特徴で学習支援から遠い
神戸市 学習障害 相談,1,0,④テール,T1 コア,低CPC探索,N26,発達特性の理解・診断・検査（子どもの文脈あり）,対象者（特性のある子の保護者）だが、知りたいのは診断・特徴で学習支援から遠い
私立高校 発達障害受け入れ 大阪,1,0,④テール,T1 コア,低CPC探索,N26,発達特性の理解・診断・検査（子どもの文脈あり）,対象者（特性のある子の保護者）だが、知りたいのは診断・特徴で学習支援から遠い
算数障害 チェック リスト 子供,1,0,④テール,T1 コア,低CPC探索,N26,発達特性の理解・診断・検査（子どもの文脈あり）,対象者（特性のある子の保護者）だが、知りたいのは診断・特徴で学習支援から遠い
算数障害 診断テスト 高校生,1,0,④テール,T1 コア,低CPC探索,N26,発達特性の理解・診断・検査（子どもの文脈あり）,対象者（特性のある子の保護者）だが、知りたいのは診断・特徴で学習支援から遠い
船橋市 学習障害 相談,1,0,④テール,T1 コア,低CPC探索,N26,発達特性の理解・診断・検査（子どもの文脈あり）,対象者（特性のある子の保護者）だが、知りたいのは診断・特徴で学習支援から遠い
藤沢市 学習障害 相談,1,0,④テール,T1 コア,低CPC探索,N26,発達特性の理解・診断・検査（子どもの文脈あり）,対象者（特性のある子の保護者）だが、知りたいのは診断・特徴で学習支援から遠い
豊中市 学習障害 相談,1,0,④テール,T1 コア,低CPC探索,N26,発達特性の理解・診断・検査（子どもの文脈あり）,対象者（特性のある子の保護者）だが、知りたいのは診断・特徴で学習支援から遠い
発達 障害 中学 受験,4,1790,④テール,T1 コア,低CPC探索,N27a,発達特性×受験・進学（高校受験・中学受験・進路）,対象者（特性のある子の保護者）だが、最初に知りたいのは受験・進路で、LP02（学習のつまずきへの対処）と答えが違う。独立LPは作らず探索後に再判断
adhd 中学 受験,2,960,④テール,T1 コア,低CPC探索,N27a,発達特性×受験・進学（高校受験・中学受験・進路）,対象者（特性のある子の保護者）だが、最初に知りたいのは受験・進路で、LP02（学習のつまずきへの対処）と答えが違う。独立LPは作らず探索後に再判断
発達 障害 高校 受験,4,520,④テール,T1 コア,低CPC探索,N27a,発達特性×受験・進学（高校受験・中学受験・進路）,対象者（特性のある子の保護者）だが、最初に知りたいのは受験・進路で、LP02（学習のつまずきへの対処）と答えが違う。独立LPは作らず探索後に再判断
発達 障害 通信 制 高校,2,430,④テール,T1 コア,低CPC探索,N27a,発達特性×受験・進学（高校受験・中学受験・進路）,対象者（特性のある子の保護者）だが、最初に知りたいのは受験・進路で、LP02（学習のつまずきへの対処）と答えが違う。独立LPは作らず探索後に再判断
adhd 大学 受験,2,420,④テール,T1 コア,低CPC探索,N27a,発達特性×受験・進学（高校受験・中学受験・進路）,対象者（特性のある子の保護者）だが、最初に知りたいのは受験・進路で、LP02（学習のつまずきへの対処）と答えが違う。独立LPは作らず探索後に再判断
発達 障害 大学 受験,3,420,④テール,T1 コア,低CPC探索,N27a,発達特性×受験・進学（高校受験・中学受験・進路）,対象者（特性のある子の保護者）だが、最初に知りたいのは受験・進路で、LP02（学習のつまずきへの対処）と答えが違う。独立LPは作らず探索後に再判断
グレーゾーン 高校 どうする,1,260,④テール,T1 コア,低CPC探索,N27a,発達特性×受験・進学（高校受験・中学受験・進路）,対象者（特性のある子の保護者）だが、最初に知りたいのは受験・進路で、LP02（学習のつまずきへの対処）と答えが違う。独立LPは作らず探索後に再判断
学習 障害 高校 受験,3,260,④テール,T1 コア,低CPC探索,N27a,発達特性×受験・進学（高校受験・中学受験・進路）,対象者（特性のある子の保護者）だが、最初に知りたいのは受験・進路で、LP02（学習のつまずきへの対処）と答えが違う。独立LPは作らず探索後に再判断
境界 知能 中学 受験,2,220,④テール,T1 コア,低CPC探索,N27a,発達特性×受験・進学（高校受験・中学受験・進路）,対象者（特性のある子の保護者）だが、最初に知りたいのは受験・進路で、LP02（学習のつまずきへの対処）と答えが違う。独立LPは作らず探索後に再判断
発達 障害 グレー ゾーン 高校 受験,2,220,④テール,T1 コア,低CPC探索,N27a,発達特性×受験・進学（高校受験・中学受験・進路）,対象者（特性のある子の保護者）だが、最初に知りたいのは受験・進路で、LP02（学習のつまずきへの対処）と答えが違う。独立LPは作らず探索後に再判断
軽度 発達 障害 高校 進学,2,220,④テール,T1 コア,低CPC探索,N27a,発達特性×受験・進学（高校受験・中学受験・進路）,対象者（特性のある子の保護者）だが、最初に知りたいのは受験・進路で、LP02（学習のつまずきへの対処）と答えが違う。独立LPは作らず探索後に再判断
adhd 受験,1,210,④テール,T1 コア,低CPC探索,N27a,発達特性×受験・進学（高校受験・中学受験・進路）,対象者（特性のある子の保護者）だが、最初に知りたいのは受験・進路で、LP02（学習のつまずきへの対処）と答えが違う。独立LPは作らず探索後に再判断
adhd 受験生,1,210,④テール,T1 コア,低CPC探索,N27a,発達特性×受験・進学（高校受験・中学受験・進路）,対象者（特性のある子の保護者）だが、最初に知りたいのは受験・進路で、LP02（学習のつまずきへの対処）と答えが違う。独立LPは作らず探索後に再判断
adhd 高校 受験,1,210,④テール,T1 コア,低CPC探索,N27a,発達特性×受験・進学（高校受験・中学受験・進路）,対象者（特性のある子の保護者）だが、最初に知りたいのは受験・進路で、LP02（学習のつまずきへの対処）と答えが違う。独立LPは作らず探索後に再判断
発達障害 中学受験 迷惑,1,170,④テール,T1 コア,低CPC探索,N27a,発達特性×受験・進学（高校受験・中学受験・進路）,対象者（特性のある子の保護者）だが、最初に知りたいのは受験・進路で、LP02（学習のつまずきへの対処）と答えが違う。独立LPは作らず探索後に再判断
adhd 受験 勉強,1,140,④テール,T1 コア,低CPC探索,N27a,発達特性×受験・進学（高校受験・中学受験・進路）,対象者（特性のある子の保護者）だが、最初に知りたいのは受験・進路で、LP02（学習のつまずきへの対処）と答えが違う。独立LPは作らず探索後に再判断
発達障害 っ 子の中学受験,1,140,④テール,T1 コア,低CPC探索,N27a,発達特性×受験・進学（高校受験・中学受験・進路）,対象者（特性のある子の保護者）だが、最初に知りたいのは受験・進路で、LP02（学習のつまずきへの対処）と答えが違う。独立LPは作らず探索後に再判断
adhd 勉強 法 大学 受験,1,110,④テール,T1 コア,低CPC探索,N27a,発達特性×受験・進学（高校受験・中学受験・進路）,対象者（特性のある子の保護者）だが、最初に知りたいのは受験・進路で、LP02（学習のつまずきへの対処）と答えが違う。独立LPは作らず探索後に再判断
発達 障害 受験,1,110,④テール,T1 コア,低CPC探索,N27a,発達特性×受験・進学（高校受験・中学受験・進路）,対象者（特性のある子の保護者）だが、最初に知りたいのは受験・進路で、LP02（学習のつまずきへの対処）と答えが違う。独立LPは作らず探索後に再判断
発達 障害 高校 進学,3,110,④テール,T1 コア,低CPC探索,N27a,発達特性×受験・進学（高校受験・中学受験・進路）,対象者（特性のある子の保護者）だが、最初に知りたいのは受験・進路で、LP02（学習のつまずきへの対処）と答えが違う。独立LPは作らず探索後に再判断
発達障害 大学受験 難しい,1,110,④テール,T1 コア,低CPC探索,N27a,発達特性×受験・進学（高校受験・中学受験・進路）,対象者（特性のある子の保護者）だが、最初に知りたいのは受験・進路で、LP02（学習のつまずきへの対処）と答えが違う。独立LPは作らず探索後に再判断
学習 障害 中学 受験,2,100,④テール,T1 コア,低CPC探索,N27a,発達特性×受験・進学（高校受験・中学受験・進路）,対象者（特性のある子の保護者）だが、最初に知りたいのは受験・進路で、LP02（学習のつまずきへの対処）と答えが違う。独立LPは作らず探索後に再判断
発達障害 高校受験 不利,1,90,④テール,T1 コア,低CPC探索,N27a,発達特性×受験・進学（高校受験・中学受験・進路）,対象者（特性のある子の保護者）だが、最初に知りたいのは受験・進路で、LP02（学習のつまずきへの対処）と答えが違う。独立LPは作らず探索後に再判断
境界 知能 受験,2,80,④テール,T1 コア,低CPC探索,N27a,発達特性×受験・進学（高校受験・中学受験・進路）,対象者（特性のある子の保護者）だが、最初に知りたいのは受験・進路で、LP02（学習のつまずきへの対処）と答えが違う。独立LPは作らず探索後に再判断
境界 知能 高校 受験,2,80,④テール,T1 コア,低CPC探索,N27a,発達特性×受験・進学（高校受験・中学受験・進路）,対象者（特性のある子の保護者）だが、最初に知りたいのは受験・進路で、LP02（学習のつまずきへの対処）と答えが違う。独立LPは作らず探索後に再判断
学習 障害 通信 制 高校,2,80,④テール,T1 コア,低CPC探索,N27a,発達特性×受験・進学（高校受験・中学受験・進路）,対象者（特性のある子の保護者）だが、最初に知りたいのは受験・進路で、LP02（学習のつまずきへの対処）と答えが違う。独立LPは作らず探索後に再判断
発達障害 中学受験ブログ,1,70,④テール,T1 コア,低CPC探索,N27a,発達特性×受験・進学（高校受験・中学受験・進路）,対象者（特性のある子の保護者）だが、最初に知りたいのは受験・進路で、LP02（学習のつまずきへの対処）と答えが違う。独立LPは作らず探索後に再判断
発達障害 受験勉強 できない,1,70,④テール,T1 コア,低CPC探索,N27a,発達特性×受験・進学（高校受験・中学受験・進路）,対象者（特性のある子の保護者）だが、最初に知りたいのは受験・進路で、LP02（学習のつまずきへの対処）と答えが違う。独立LPは作らず探索後に再判断
知 的 障害 高校 受験,1,70,④テール,T1 コア,低CPC探索,N27a,発達特性×受験・進学（高校受験・中学受験・進路）,対象者（特性のある子の保護者）だが、最初に知りたいのは受験・進路で、LP02（学習のつまずきへの対処）と答えが違う。独立LPは作らず探索後に再判断
自 閉 症 大学 進学,1,70,④テール,T1 コア,低CPC探索,N27a,発達特性×受験・進学（高校受験・中学受験・進路）,対象者（特性のある子の保護者）だが、最初に知りたいのは受験・進路で、LP02（学習のつまずきへの対処）と答えが違う。独立LPは作らず探索後に再判断
asd 大学 受験,2,60,④テール,T1 コア,低CPC探索,N27a,発達特性×受験・進学（高校受験・中学受験・進路）,対象者（特性のある子の保護者）だが、最初に知りたいのは受験・進路で、LP02（学習のつまずきへの対処）と答えが違う。独立LPは作らず探索後に再判断
グレー ゾーン 中学 受験,2,60,④テール,T1 コア,低CPC探索,N27a,発達特性×受験・進学（高校受験・中学受験・進路）,対象者（特性のある子の保護者）だが、最初に知りたいのは受験・進路で、LP02（学習のつまずきへの対処）と答えが違う。独立LPは作らず探索後に再判断
グレー ゾーン 高校 受験,2,60,④テール,T1 コア,低CPC探索,N27a,発達特性×受験・進学（高校受験・中学受験・進路）,対象者（特性のある子の保護者）だが、最初に知りたいのは受験・進路で、LP02（学習のつまずきへの対処）と答えが違う。独立LPは作らず探索後に再判断
adhd 中学 受験 無理,1,50,④テール,T1 コア,低CPC探索,N27a,発達特性×受験・進学（高校受験・中学受験・進路）,対象者（特性のある子の保護者）だが、最初に知りたいのは受験・進路で、LP02（学習のつまずきへの対処）と答えが違う。独立LPは作らず探索後に再判断
adhd 受験 無理,1,50,④テール,T1 コア,低CPC探索,N27a,発達特性×受験・進学（高校受験・中学受験・進路）,対象者（特性のある子の保護者）だが、最初に知りたいのは受験・進路で、LP02（学習のつまずきへの対処）と答えが違う。独立LPは作らず探索後に再判断
発達 グレー 中学 受験,1,50,④テール,T1 コア,低CPC探索,N27a,発達特性×受験・進学（高校受験・中学受験・進路）,対象者（特性のある子の保護者）だが、最初に知りたいのは受験・進路で、LP02（学習のつまずきへの対処）と答えが違う。独立LPは作らず探索後に再判断
発達 障害 グレー ゾーン 大学 受験,1,50,④テール,T1 コア,低CPC探索,N27a,発達特性×受験・進学（高校受験・中学受験・進路）,対象者（特性のある子の保護者）だが、最初に知りたいのは受験・進路で、LP02（学習のつまずきへの対処）と答えが違う。独立LPは作らず探索後に再判断
発達障害 中学受験 後悔,1,50,④テール,T1 コア,低CPC探索,N27a,発達特性×受験・進学（高校受験・中学受験・進路）,対象者（特性のある子の保護者）だが、最初に知りたいのは受験・進路で、LP02（学習のつまずきへの対処）と答えが違う。独立LPは作らず探索後に再判断
自 閉 症 高校 進学,1,50,④テール,T1 コア,低CPC探索,N27a,発達特性×受験・進学（高校受験・中学受験・進路）,対象者（特性のある子の保護者）だが、最初に知りたいのは受験・進路で、LP02（学習のつまずきへの対処）と答えが違う。独立LPは作らず探索後に再判断
adhd 受験 不利,1,40,④テール,T1 コア,低CPC探索,N27a,発達特性×受験・進学（高校受験・中学受験・進路）,対象者（特性のある子の保護者）だが、最初に知りたいのは受験・進路で、LP02（学習のつまずきへの対処）と答えが違う。独立LPは作らず探索後に再判断
asd 高校 受験,1,40,④テール,T1 コア,低CPC探索,N27a,発達特性×受験・進学（高校受験・中学受験・進路）,対象者（特性のある子の保護者）だが、最初に知りたいのは受験・進路で、LP02（学習のつまずきへの対処）と答えが違う。独立LPは作らず探索後に再判断
学習 障害 中学生 高校 受験,1,40,④テール,T1 コア,低CPC探索,N27a,発達特性×受験・進学（高校受験・中学受験・進路）,対象者（特性のある子の保護者）だが、最初に知りたいのは受験・進路で、LP02（学習のつまずきへの対処）と答えが違う。独立LPは作らず探索後に再判断
学習 障害 大学 受験,1,40,④テール,T1 コア,低CPC探索,N27a,発達特性×受験・進学（高校受験・中学受験・進路）,対象者（特性のある子の保護者）だが、最初に知りたいのは受験・進路で、LP02（学習のつまずきへの対処）と答えが違う。独立LPは作らず探索後に再判断
発達 障害 大学 進学,1,40,④テール,T1 コア,低CPC探索,N27a,発達特性×受験・進学（高校受験・中学受験・進路）,対象者（特性のある子の保護者）だが、最初に知りたいのは受験・進路で、LP02（学習のつまずきへの対処）と答えが違う。独立LPは作らず探索後に再判断
発達 障害 高校 受験 内申,2,40,④テール,T1 コア,低CPC探索,N27a,発達特性×受験・進学（高校受験・中学受験・進路）,対象者（特性のある子の保護者）だが、最初に知りたいのは受験・進路で、LP02（学習のつまずきへの対処）と答えが違う。独立LPは作らず探索後に再判断
発達 障害 高校 受験 勉強 法,2,40,④テール,T1 コア,低CPC探索,N27a,発達特性×受験・進学（高校受験・中学受験・進路）,対象者（特性のある子の保護者）だが、最初に知りたいのは受験・進路で、LP02（学習のつまずきへの対処）と答えが違う。独立LPは作らず探索後に再判断
発達 障害 高校 受験 配慮,2,40,④テール,T1 コア,低CPC探索,N27a,発達特性×受験・進学（高校受験・中学受験・進路）,対象者（特性のある子の保護者）だが、最初に知りたいのは受験・進路で、LP02（学習のつまずきへの対処）と答えが違う。独立LPは作らず探索後に再判断
adhd 中学 受験 女子,1,30,④テール,T1 コア,低CPC探索,N27a,発達特性×受験・進学（高校受験・中学受験・進路）,対象者（特性のある子の保護者）だが、最初に知りたいのは受験・進路で、LP02（学習のつまずきへの対処）と答えが違う。独立LPは作らず探索後に再判断
adhd 進学,1,30,④テール,T1 コア,低CPC探索,N27a,発達特性×受験・進学（高校受験・中学受験・進路）,対象者（特性のある子の保護者）だが、最初に知りたいのは受験・進路で、LP02（学習のつまずきへの対処）と答えが違う。独立LPは作らず探索後に再判断
中学 受験 アスペルガー,1,30,④テール,T1 コア,低CPC探索,N27a,発達特性×受験・進学（高校受験・中学受験・進路）,対象者（特性のある子の保護者）だが、最初に知りたいのは受験・進路で、LP02（学習のつまずきへの対処）と答えが違う。独立LPは作らず探索後に再判断
学習 障害 高校 進学,1,30,④テール,T1 コア,低CPC探索,N27a,発達特性×受験・進学（高校受験・中学受験・進路）,対象者（特性のある子の保護者）だが、最初に知りたいのは受験・進路で、LP02（学習のつまずきへの対処）と答えが違う。独立LPは作らず探索後に再判断
書 字 障害 高校 受験,1,30,④テール,T1 コア,低CPC探索,N27a,発達特性×受験・進学（高校受験・中学受験・進路）,対象者（特性のある子の保護者）だが、最初に知りたいのは受験・進路で、LP02（学習のつまずきへの対処）と答えが違う。独立LPは作らず探索後に再判断
発達 障害 中学 受験 東京,1,30,④テール,T1 コア,低CPC探索,N27a,発達特性×受験・進学（高校受験・中学受験・進路）,対象者（特性のある子の保護者）だが、最初に知りたいのは受験・進路で、LP02（学習のつまずきへの対処）と答えが違う。独立LPは作らず探索後に再判断
発達障害 中学受験 その後,1,30,④テール,T1 コア,低CPC探索,N27a,発達特性×受験・進学（高校受験・中学受験・進路）,対象者（特性のある子の保護者）だが、最初に知りたいのは受験・進路で、LP02（学習のつまずきへの対処）と答えが違う。独立LPは作らず探索後に再判断
知 的 グレー ゾーン 高校 進学,1,30,④テール,T1 コア,低CPC探索,N27a,発達特性×受験・進学（高校受験・中学受験・進路）,対象者（特性のある子の保護者）だが、最初に知りたいのは受験・進路で、LP02（学習のつまずきへの対処）と答えが違う。独立LPは作らず探索後に再判断
自 閉 症 スペクトラム 中学 受験,1,30,④テール,T1 コア,低CPC探索,N27a,発達特性×受験・進学（高校受験・中学受験・進路）,対象者（特性のある子の保護者）だが、最初に知りたいのは受験・進路で、LP02（学習のつまずきへの対処）と答えが違う。独立LPは作らず探索後に再判断
自 閉 症 スペクトラム 大学 進学,1,30,④テール,T1 コア,低CPC探索,N27a,発達特性×受験・進学（高校受験・中学受験・進路）,対象者（特性のある子の保護者）だが、最初に知りたいのは受験・進路で、LP02（学習のつまずきへの対処）と答えが違う。独立LPは作らず探索後に再判断
asd 受験,1,20,④テール,T1 コア,低CPC探索,N27a,発達特性×受験・進学（高校受験・中学受験・進路）,対象者（特性のある子の保護者）だが、最初に知りたいのは受験・進路で、LP02（学習のつまずきへの対処）と答えが違う。独立LPは作らず探索後に再判断
グレー ゾーン 高校 進学,1,20,④テール,T1 コア,低CPC探索,N27a,発達特性×受験・進学（高校受験・中学受験・進路）,対象者（特性のある子の保護者）だが、最初に知りたいのは受験・進路で、LP02（学習のつまずきへの対処）と答えが違う。独立LPは作らず探索後に再判断
ディスレクシア 受験,1,20,④テール,T1 コア,低CPC探索,N27a,発達特性×受験・進学（高校受験・中学受験・進路）,対象者（特性のある子の保護者）だが、最初に知りたいのは受験・進路で、LP02（学習のつまずきへの対処）と答えが違う。独立LPは作らず探索後に再判断
中学 受験 発達 障害 グレー,2,20,④テール,T1 コア,低CPC探索,N27a,発達特性×受験・進学（高校受験・中学受験・進路）,対象者（特性のある子の保護者）だが、最初に知りたいのは受験・進路で、LP02（学習のつまずきへの対処）と答えが違う。独立LPは作らず探索後に再判断
発達 凸凹 中学 受験,1,20,④テール,T1 コア,低CPC探索,N27a,発達特性×受験・進学（高校受験・中学受験・進路）,対象者（特性のある子の保護者）だが、最初に知りたいのは受験・進路で、LP02（学習のつまずきへの対処）と答えが違う。独立LPは作らず探索後に再判断
発達 障害 児 中学 受験,2,20,④テール,T1 コア,低CPC探索,N27a,発達特性×受験・進学（高校受験・中学受験・進路）,対象者（特性のある子の保護者）だが、最初に知りたいのは受験・進路で、LP02（学習のつまずきへの対処）と答えが違う。独立LPは作らず探索後に再判断
発達 障害 大学 進学 率,1,20,④テール,T1 コア,低CPC探索,N27a,発達特性×受験・進学（高校受験・中学受験・進路）,対象者（特性のある子の保護者）だが、最初に知りたいのは受験・進路で、LP02（学習のつまずきへの対処）と答えが違う。独立LPは作らず探索後に再判断
発達障害 大学受験 不利,1,20,④テール,T1 コア,低CPC探索,N27a,発達特性×受験・進学（高校受験・中学受験・進路）,対象者（特性のある子の保護者）だが、最初に知りたいのは受験・進路で、LP02（学習のつまずきへの対処）と答えが違う。独立LPは作らず探索後に再判断
発達障害 大学受験勉強法,1,20,④テール,T1 コア,低CPC探索,N27a,発達特性×受験・進学（高校受験・中学受験・進路）,対象者（特性のある子の保護者）だが、最初に知りたいのは受験・進路で、LP02（学習のつまずきへの対処）と答えが違う。独立LPは作らず探索後に再判断
発達障害 高校受験 ブログ,1,20,④テール,T1 コア,低CPC探索,N27a,発達特性×受験・進学（高校受験・中学受験・進路）,対象者（特性のある子の保護者）だが、最初に知りたいのは受験・進路で、LP02（学習のつまずきへの対処）と答えが違う。独立LPは作らず探索後に再判断
算数 障害 高校 受験,1,20,④テール,T1 コア,低CPC探索,N27a,発達特性×受験・進学（高校受験・中学受験・進路）,対象者（特性のある子の保護者）だが、最初に知りたいのは受験・進路で、LP02（学習のつまずきへの対処）と答えが違う。独立LPは作らず探索後に再判断
自 閉 症 スペクトラム 高校 進学,1,20,④テール,T1 コア,低CPC探索,N27a,発達特性×受験・進学（高校受験・中学受験・進路）,対象者（特性のある子の保護者）だが、最初に知りたいのは受験・進路で、LP02（学習のつまずきへの対処）と答えが違う。独立LPは作らず探索後に再判断
adhd 中学 受験 勉強 法,1,10,④テール,T1 コア,低CPC探索,N27a,発達特性×受験・進学（高校受験・中学受験・進路）,対象者（特性のある子の保護者）だが、最初に知りたいのは受験・進路で、LP02（学習のつまずきへの対処）と答えが違う。独立LPは作らず探索後に再判断
adhd 入試,1,10,④テール,T1 コア,低CPC探索,N27a,発達特性×受験・進学（高校受験・中学受験・進路）,対象者（特性のある子の保護者）だが、最初に知りたいのは受験・進路で、LP02（学習のつまずきへの対処）と答えが違う。独立LPは作らず探索後に再判断
adhd 受験生 特徴,1,10,④テール,T1 コア,低CPC探索,N27a,発達特性×受験・進学（高校受験・中学受験・進路）,対象者（特性のある子の保護者）だが、最初に知りたいのは受験・進路で、LP02（学習のつまずきへの対処）と答えが違う。独立LPは作らず探索後に再判断
adhd 大学 受験 勉強,1,10,④テール,T1 コア,低CPC探索,N27a,発達特性×受験・進学（高校受験・中学受験・進路）,対象者（特性のある子の保護者）だが、最初に知りたいのは受験・進路で、LP02（学習のつまずきへの対処）と答えが違う。独立LPは作らず探索後に再判断
adhd 大学 進学,1,10,④テール,T1 コア,低CPC探索,N27a,発達特性×受験・進学（高校受験・中学受験・進路）,対象者（特性のある子の保護者）だが、最初に知りたいのは受験・進路で、LP02（学習のつまずきへの対処）と答えが違う。独立LPは作らず探索後に再判断
adhd 高校 受験 内申,1,10,④テール,T1 コア,低CPC探索,N27a,発達特性×受験・進学（高校受験・中学受験・進路）,対象者（特性のある子の保護者）だが、最初に知りたいのは受験・進路で、LP02（学習のつまずきへの対処）と答えが違う。独立LPは作らず探索後に再判断
adhd 高校 受験 勉強 法,1,10,④テール,T1 コア,低CPC探索,N27a,発達特性×受験・進学（高校受験・中学受験・進路）,対象者（特性のある子の保護者）だが、最初に知りたいのは受験・進路で、LP02（学習のつまずきへの対処）と答えが違う。独立LPは作らず探索後に再判断
ld 受験,1,10,④テール,T1 コア,低CPC探索,N27a,発達特性×受験・進学（高校受験・中学受験・進路）,対象者（特性のある子の保護者）だが、最初に知りたいのは受験・進路で、LP02（学習のつまずきへの対処）と答えが違う。独立LPは作らず探索後に再判断
ld 進学,1,10,④テール,T1 コア,低CPC探索,N27a,発達特性×受験・進学（高校受験・中学受験・進路）,対象者（特性のある子の保護者）だが、最初に知りたいのは受験・進路で、LP02（学習のつまずきへの対処）と答えが違う。独立LPは作らず探索後に再判断
アスペルガー 受験,1,10,④テール,T1 コア,低CPC探索,N27a,発達特性×受験・進学（高校受験・中学受験・進路）,対象者（特性のある子の保護者）だが、最初に知りたいのは受験・進路で、LP02（学習のつまずきへの対処）と答えが違う。独立LPは作らず探索後に再判断
アスペルガー 受験 勉強,1,10,④テール,T1 コア,低CPC探索,N27a,発達特性×受験・進学（高校受験・中学受験・進路）,対象者（特性のある子の保護者）だが、最初に知りたいのは受験・進路で、LP02（学習のつまずきへの対処）と答えが違う。独立LPは作らず探索後に再判断
アスペルガー 大学 受験,1,10,④テール,T1 コア,低CPC探索,N27a,発達特性×受験・進学（高校受験・中学受験・進路）,対象者（特性のある子の保護者）だが、最初に知りたいのは受験・進路で、LP02（学習のつまずきへの対処）と答えが違う。独立LPは作らず探索後に再判断
アスペルガー 大学 進学,1,10,④テール,T1 コア,低CPC探索,N27a,発達特性×受験・進学（高校受験・中学受験・進路）,対象者（特性のある子の保護者）だが、最初に知りたいのは受験・進路で、LP02（学習のつまずきへの対処）と答えが違う。独立LPは作らず探索後に再判断
アスペルガー 症候群 中学 受験,1,10,④テール,T1 コア,低CPC探索,N27a,発達特性×受験・進学（高校受験・中学受験・進路）,対象者（特性のある子の保護者）だが、最初に知りたいのは受験・進路で、LP02（学習のつまずきへの対処）と答えが違う。独立LPは作らず探索後に再判断
アスペルガー 症候群 高校 受験,1,10,④テール,T1 コア,低CPC探索,N27a,発達特性×受験・進学（高校受験・中学受験・進路）,対象者（特性のある子の保護者）だが、最初に知りたいのは受験・進路で、LP02（学習のつまずきへの対処）と答えが違う。独立LPは作らず探索後に再判断
アスペルガー 通信 制 高校,1,10,④テール,T1 コア,低CPC探索,N27a,発達特性×受験・進学（高校受験・中学受験・進路）,対象者（特性のある子の保護者）だが、最初に知りたいのは受験・進路で、LP02（学習のつまずきへの対処）と答えが違う。独立LPは作らず探索後に再判断
アスペルガー 高校 受験,1,10,④テール,T1 コア,低CPC探索,N27a,発達特性×受験・進学（高校受験・中学受験・進路）,対象者（特性のある子の保護者）だが、最初に知りたいのは受験・進路で、LP02（学習のつまずきへの対処）と答えが違う。独立LPは作らず探索後に再判断
アスペルガー 高校 進学,1,10,④テール,T1 コア,低CPC探索,N27a,発達特性×受験・進学（高校受験・中学受験・進路）,対象者（特性のある子の保護者）だが、最初に知りたいのは受験・進路で、LP02（学習のつまずきへの対処）と答えが違う。独立LPは作らず探索後に再判断
ディスレクシア 入試 配慮,1,10,④テール,T1 コア,低CPC探索,N27a,発達特性×受験・進学（高校受験・中学受験・進路）,対象者（特性のある子の保護者）だが、最初に知りたいのは受験・進路で、LP02（学習のつまずきへの対処）と答えが違う。独立LPは作らず探索後に再判断
ディスレクシア 進学,1,10,④テール,T1 コア,低CPC探索,N27a,発達特性×受験・進学（高校受験・中学受験・進路）,対象者（特性のある子の保護者）だが、最初に知りたいのは受験・進路で、LP02（学習のつまずきへの対処）と答えが違う。独立LPは作らず探索後に再判断
学習 障害 中学 進学,1,10,④テール,T1 コア,低CPC探索,N27a,発達特性×受験・進学（高校受験・中学受験・進路）,対象者（特性のある子の保護者）だが、最初に知りたいのは受験・進路で、LP02（学習のつまずきへの対処）と答えが違う。独立LPは作らず探索後に再判断
学習 障害 高校 入試,1,10,④テール,T1 コア,低CPC探索,N27a,発達特性×受験・進学（高校受験・中学受験・進路）,対象者（特性のある子の保護者）だが、最初に知りたいのは受験・進路で、LP02（学習のつまずきへの対処）と答えが違う。独立LPは作らず探索後に再判断
広汎 性 発達 障害 大学 進学,1,10,④テール,T1 コア,低CPC探索,N27a,発達特性×受験・進学（高校受験・中学受験・進路）,対象者（特性のある子の保護者）だが、最初に知りたいのは受験・進路で、LP02（学習のつまずきへの対処）と答えが違う。独立LPは作らず探索後に再判断
広汎 性 発達 障害 高校 進学,1,10,④テール,T1 コア,低CPC探索,N27a,発達特性×受験・進学（高校受験・中学受験・進路）,対象者（特性のある子の保護者）だが、最初に知りたいのは受験・進路で、LP02（学習のつまずきへの対処）と答えが違う。独立LPは作らず探索後に再判断
注意 欠陥 障害 中学 受験,1,10,④テール,T1 コア,低CPC探索,N27a,発達特性×受験・進学（高校受験・中学受験・進路）,対象者（特性のある子の保護者）だが、最初に知りたいのは受験・進路で、LP02（学習のつまずきへの対処）と答えが違う。独立LPは作らず探索後に再判断
発達 障害 グレー ゾーン 中学 受験,1,10,④テール,T1 コア,低CPC探索,N27a,発達特性×受験・進学（高校受験・中学受験・進路）,対象者（特性のある子の保護者）だが、最初に知りたいのは受験・進路で、LP02（学習のつまずきへの対処）と答えが違う。独立LPは作らず探索後に再判断
発達 障害 グレー ゾーン 高校 進学,1,10,④テール,T1 コア,低CPC探索,N27a,発達特性×受験・進学（高校受験・中学受験・進路）,対象者（特性のある子の保護者）だが、最初に知りたいのは受験・進路で、LP02（学習のつまずきへの対処）と答えが違う。独立LPは作らず探索後に再判断
発達 障害 中学 受験 無理,1,10,④テール,T1 コア,低CPC探索,N27a,発達特性×受験・進学（高校受験・中学受験・進路）,対象者（特性のある子の保護者）だが、最初に知りたいのは受験・進路で、LP02（学習のつまずきへの対処）と答えが違う。独立LPは作らず探索後に再判断
発達 障害 中学 進学,1,10,④テール,T1 コア,低CPC探索,N27a,発達特性×受験・進学（高校受験・中学受験・進路）,対象者（特性のある子の保護者）だが、最初に知りたいのは受験・進路で、LP02（学習のつまずきへの対処）と答えが違う。独立LPは作らず探索後に再判断
発達 障害 中学生 高校 受験,1,10,④テール,T1 コア,低CPC探索,N27a,発達特性×受験・進学（高校受験・中学受験・進路）,対象者（特性のある子の保護者）だが、最初に知りたいのは受験・進路で、LP02（学習のつまずきへの対処）と答えが違う。独立LPは作らず探索後に再判断
発達 障害 児 高校 進学,1,10,④テール,T1 コア,低CPC探索,N27a,発達特性×受験・進学（高校受験・中学受験・進路）,対象者（特性のある子の保護者）だが、最初に知りたいのは受験・進路で、LP02（学習のつまずきへの対処）と答えが違う。独立LPは作らず探索後に再判断
発達 障害 入試 配慮,1,10,④テール,T1 コア,低CPC探索,N27a,発達特性×受験・進学（高校受験・中学受験・進路）,対象者（特性のある子の保護者）だが、最初に知りたいのは受験・進路で、LP02（学習のつまずきへの対処）と答えが違う。独立LPは作らず探索後に再判断
発達 障害 受験 勉強 しない,1,10,④テール,T1 コア,低CPC探索,N27a,発達特性×受験・進学（高校受験・中学受験・進路）,対象者（特性のある子の保護者）だが、最初に知りたいのは受験・進路で、LP02（学習のつまずきへの対処）と答えが違う。独立LPは作らず探索後に再判断
発達 障害 受験 配慮,1,10,④テール,T1 コア,低CPC探索,N27a,発達特性×受験・進学（高校受験・中学受験・進路）,対象者（特性のある子の保護者）だが、最初に知りたいのは受験・進路で、LP02（学習のつまずきへの対処）と答えが違う。独立LPは作らず探索後に再判断
発達 障害 女子 中学 受験,1,10,④テール,T1 コア,低CPC探索,N27a,発達特性×受験・進学（高校受験・中学受験・進路）,対象者（特性のある子の保護者）だが、最初に知りたいのは受験・進路で、LP02（学習のつまずきへの対処）と答えが違う。独立LPは作らず探索後に再判断
発達 障害 私立 中学 受験,1,10,④テール,T1 コア,低CPC探索,N27a,発達特性×受験・進学（高校受験・中学受験・進路）,対象者（特性のある子の保護者）だが、最初に知りたいのは受験・進路で、LP02（学習のつまずきへの対処）と答えが違う。独立LPは作らず探索後に再判断
発達 障害 高校 入試,1,10,④テール,T1 コア,低CPC探索,N27a,発達特性×受験・進学（高校受験・中学受験・進路）,対象者（特性のある子の保護者）だが、最初に知りたいのは受験・進路で、LP02（学習のつまずきへの対処）と答えが違う。独立LPは作らず探索後に再判断
発達 障害 高校 入試 配慮,1,10,④テール,T1 コア,低CPC探索,N27a,発達特性×受験・進学（高校受験・中学受験・進路）,対象者（特性のある子の保護者）だが、最初に知りたいのは受験・進路で、LP02（学習のつまずきへの対処）と答えが違う。独立LPは作らず探索後に再判断
発達障害 大学受験 失敗,1,10,④テール,T1 コア,低CPC探索,N27a,発達特性×受験・進学（高校受験・中学受験・進路）,対象者（特性のある子の保護者）だが、最初に知りたいのは受験・進路で、LP02（学習のつまずきへの対処）と答えが違う。独立LPは作らず探索後に再判断
発達障害 大学受験 配慮,1,10,④テール,T1 コア,低CPC探索,N27a,発達特性×受験・進学（高校受験・中学受験・進路）,対象者（特性のある子の保護者）だが、最初に知りたいのは受験・進路で、LP02（学習のつまずきへの対処）と答えが違う。独立LPは作らず探索後に再判断
発達障害 高校受験 失敗,1,10,④テール,T1 コア,低CPC探索,N27a,発達特性×受験・進学（高校受験・中学受験・進路）,対象者（特性のある子の保護者）だが、最初に知りたいのは受験・進路で、LP02（学習のつまずきへの対処）と答えが違う。独立LPは作らず探索後に再判断
自 閉 症 大学 受験,1,10,④テール,T1 コア,低CPC探索,N27a,発達特性×受験・進学（高校受験・中学受験・進路）,対象者（特性のある子の保護者）だが、最初に知りたいのは受験・進路で、LP02（学習のつまずきへの対処）と答えが違う。独立LPは作らず探索後に再判断
軽度 発達 障害 中学 受験,1,10,④テール,T1 コア,低CPC探索,N27a,発達特性×受験・進学（高校受験・中学受験・進路）,対象者（特性のある子の保護者）だが、最初に知りたいのは受験・進路で、LP02（学習のつまずきへの対処）と答えが違う。独立LPは作らず探索後に再判断
軽度 発達 障害 大学 進学,1,10,④テール,T1 コア,低CPC探索,N27a,発達特性×受験・進学（高校受験・中学受験・進路）,対象者（特性のある子の保護者）だが、最初に知りたいのは受験・進路で、LP02（学習のつまずきへの対処）と答えが違う。独立LPは作らず探索後に再判断
高 機能 自 閉 症 中学 受験,1,10,④テール,T1 コア,低CPC探索,N27a,発達特性×受験・進学（高校受験・中学受験・進路）,対象者（特性のある子の保護者）だが、最初に知りたいのは受験・進路で、LP02（学習のつまずきへの対処）と答えが違う。独立LPは作らず探索後に再判断
ADHDでも大学受験は可能でしょうか？,1,0,④テール,T1 コア,低CPC探索,N27a,発達特性×受験・進学（高校受験・中学受験・進路）,対象者（特性のある子の保護者）だが、最初に知りたいのは受験・進路で、LP02（学習のつまずきへの対処）と答えが違う。独立LPは作らず探索後に再判断
ADHDで大学受験に失敗する可能性はありますか？,1,0,④テール,T1 コア,低CPC探索,N27a,発達特性×受験・進学（高校受験・中学受験・進路）,対象者（特性のある子の保護者）だが、最初に知りたいのは受験・進路で、LP02（学習のつまずきへの対処）と答えが違う。独立LPは作らず探索後に再判断
ADHDの小学生は普通級で勉強できますか？,1,0,④テール,T1 コア,低CPC探索,N27a,発達特性×受験・進学（高校受験・中学受験・進路）,対象者（特性のある子の保護者）だが、最初に知りたいのは受験・進路で、LP02（学習のつまずきへの対処）と答えが違う。独立LPは作らず探索後に再判断
ADHDは内申点に影響しますか？,1,0,④テール,T1 コア,低CPC探索,N27a,発達特性×受験・進学（高校受験・中学受験・進路）,対象者（特性のある子の保護者）だが、最初に知りたいのは受験・進路で、LP02（学習のつまずきへの対処）と答えが違う。独立LPは作らず探索後に再判断
ブログ 発達障害 中学受験 失敗,1,0,④テール,T1 コア,低CPC探索,N27a,発達特性×受験・進学（高校受験・中学受験・進路）,対象者（特性のある子の保護者）だが、最初に知りたいのは受験・進路で、LP02（学習のつまずきへの対処）と答えが違う。独立LPは作らず探索後に再判断
境界知能 受験 ブログ,1,0,④テール,T1 コア,低CPC探索,N27a,発達特性×受験・進学（高校受験・中学受験・進路）,対象者（特性のある子の保護者）だが、最初に知りたいのは受験・進路で、LP02（学習のつまずきへの対処）と答えが違う。独立LPは作らず探索後に再判断
境界知能 受験勉強,1,0,④テール,T1 コア,低CPC探索,N27a,発達特性×受験・進学（高校受験・中学受験・進路）,対象者（特性のある子の保護者）だが、最初に知りたいのは受験・進路で、LP02（学習のつまずきへの対処）と答えが違う。独立LPは作らず探索後に再判断
境界知能 高校受験 ブログ,1,0,④テール,T1 コア,低CPC探索,N27a,発達特性×受験・進学（高校受験・中学受験・進路）,対象者（特性のある子の保護者）だが、最初に知りたいのは受験・進路で、LP02（学習のつまずきへの対処）と答えが違う。独立LPは作らず探索後に再判断
学習障害 大学 受験 知恵袋,1,0,④テール,T1 コア,低CPC探索,N27a,発達特性×受験・進学（高校受験・中学受験・進路）,対象者（特性のある子の保護者）だが、最初に知りたいのは受験・進路で、LP02（学習のつまずきへの対処）と答えが違う。独立LPは作らず探索後に再判断
発達 障害 合理 的 配慮 受験,1,0,④テール,T1 コア,低CPC探索,N27a,発達特性×受験・進学（高校受験・中学受験・進路）,対象者（特性のある子の保護者）だが、最初に知りたいのは受験・進路で、LP02（学習のつまずきへの対処）と答えが違う。独立LPは作らず探索後に再判断
発達障害 大学受験 知恵袋,1,0,④テール,T1 コア,低CPC探索,N27a,発達特性×受験・進学（高校受験・中学受験・進路）,対象者（特性のある子の保護者）だが、最初に知りたいのは受験・進路で、LP02（学習のつまずきへの対処）と答えが違う。独立LPは作らず探索後に再判断
発達障害は高校受験に不利ですか？,1,0,④テール,T1 コア,低CPC探索,N27a,発達特性×受験・進学（高校受験・中学受験・進路）,対象者（特性のある子の保護者）だが、最初に知りたいのは受験・進路で、LP02（学習のつまずきへの対処）と答えが違う。独立LPは作らず探索後に再判断
発達障害グレーゾーンでも高校受験は可能？,1,0,④テール,T1 コア,低CPC探索,N27a,発達特性×受験・進学（高校受験・中学受験・進路）,対象者（特性のある子の保護者）だが、最初に知りたいのは受験・進路で、LP02（学習のつまずきへの対処）と答えが違う。独立LPは作らず探索後に再判断
特別 支援 学級 知 的 障害,2,340,④テール,T1 コア,低CPC探索,N27b,発達特性×支援級・通級・学校での対応,対象者（特性のある子の保護者）だが、知りたいのは支援級・通級・学校の制度で学習支援から遠い
自 閉 情緒 学級,1,260,④テール,T1 コア,低CPC探索,N27b,発達特性×支援級・通級・学校での対応,対象者（特性のある子の保護者）だが、知りたいのは支援級・通級・学校の制度で学習支援から遠い
特別 支援 学級 発達 障害,2,220,④テール,T1 コア,低CPC探索,N27b,発達特性×支援級・通級・学校での対応,対象者（特性のある子の保護者）だが、知りたいのは支援級・通級・学校の制度で学習支援から遠い
adhd 支援 学級,1,210,④テール,T1 コア,低CPC探索,N27b,発達特性×支援級・通級・学校での対応,対象者（特性のある子の保護者）だが、知りたいのは支援級・通級・学校の制度で学習支援から遠い
就学 前 相談 グレー ゾーン,1,210,④テール,T1 コア,低CPC探索,N27b,発達特性×支援級・通級・学校での対応,対象者（特性のある子の保護者）だが、知りたいのは支援級・通級・学校の制度で学習支援から遠い
adhd 特別 支援 学級,2,190,④テール,T1 コア,低CPC探索,N27b,発達特性×支援級・通級・学校での対応,対象者（特性のある子の保護者）だが、知りたいのは支援級・通級・学校の制度で学習支援から遠い
adhd 合理 的 配慮 例,2,180,④テール,T1 コア,低CPC探索,N27b,発達特性×支援級・通級・学校での対応,対象者（特性のある子の保護者）だが、知りたいのは支援級・通級・学校の制度で学習支援から遠い
特別 支援 学級 自 閉 症,2,140,④テール,T1 コア,低CPC探索,N27b,発達特性×支援級・通級・学校での対応,対象者（特性のある子の保護者）だが、知りたいのは支援級・通級・学校の制度で学習支援から遠い
adhd 合理 的 配慮,3,130,④テール,T1 コア,低CPC探索,N27b,発達特性×支援級・通級・学校での対応,対象者（特性のある子の保護者）だが、知りたいのは支援級・通級・学校の制度で学習支援から遠い
adhd 通 級,2,100,④テール,T1 コア,低CPC探索,N27b,発達特性×支援級・通級・学校での対応,対象者（特性のある子の保護者）だが、知りたいのは支援級・通級・学校の制度で学習支援から遠い
ld 合理 的 配慮,4,100,④テール,T1 コア,低CPC探索,N27b,発達特性×支援級・通級・学校での対応,対象者（特性のある子の保護者）だが、知りたいのは支援級・通級・学校の制度で学習支援から遠い
ld 通 級,3,100,④テール,T1 コア,低CPC探索,N27b,発達特性×支援級・通級・学校での対応,対象者（特性のある子の保護者）だが、知りたいのは支援級・通級・学校の制度で学習支援から遠い
adhd 合理 的 配慮 学校,2,80,④テール,T1 コア,低CPC探索,N27b,発達特性×支援級・通級・学校での対応,対象者（特性のある子の保護者）だが、知りたいのは支援級・通級・学校の制度で学習支援から遠い
グレー ゾーン 支援 級,2,70,④テール,T1 コア,低CPC探索,N27b,発達特性×支援級・通級・学校での対応,対象者（特性のある子の保護者）だが、知りたいのは支援級・通級・学校の制度で学習支援から遠い
発達障害 担任 合わない,1,70,④テール,T1 コア,低CPC探索,N27b,発達特性×支援級・通級・学校での対応,対象者（特性のある子の保護者）だが、知りたいのは支援級・通級・学校の制度で学習支援から遠い
自 閉 症 普通 級,1,70,④テール,T1 コア,低CPC探索,N27b,発達特性×支援級・通級・学校での対応,対象者（特性のある子の保護者）だが、知りたいのは支援級・通級・学校の制度で学習支援から遠い
ld 特別 支援 学級,2,60,④テール,T1 コア,低CPC探索,N27b,発達特性×支援級・通級・学校での対応,対象者（特性のある子の保護者）だが、知りたいのは支援級・通級・学校の制度で学習支援から遠い
asd 特別 支援 学級,1,50,④テール,T1 コア,低CPC探索,N27b,発達特性×支援級・通級・学校での対応,対象者（特性のある子の保護者）だが、知りたいのは支援級・通級・学校の制度で学習支援から遠い
グレー ゾーン 支援 学級,3,50,④テール,T1 コア,低CPC探索,N27b,発達特性×支援級・通級・学校での対応,対象者（特性のある子の保護者）だが、知りたいのは支援級・通級・学校の制度で学習支援から遠い
ディスレクシア 支援学級,1,50,④テール,T1 コア,低CPC探索,N27b,発達特性×支援級・通級・学校での対応,対象者（特性のある子の保護者）だが、知りたいのは支援級・通級・学校の制度で学習支援から遠い
知 的 障害 支援 学級,1,50,④テール,T1 コア,低CPC探索,N27b,発達特性×支援級・通級・学校での対応,対象者（特性のある子の保護者）だが、知りたいのは支援級・通級・学校の制度で学習支援から遠い
自 閉 情緒 学級 と は,1,50,④テール,T1 コア,低CPC探索,N27b,発達特性×支援級・通級・学校での対応,対象者（特性のある子の保護者）だが、知りたいのは支援級・通級・学校の制度で学習支援から遠い
asd 支援 学級,1,40,④テール,T1 コア,低CPC探索,N27b,発達特性×支援級・通級・学校での対応,対象者（特性のある子の保護者）だが、知りたいのは支援級・通級・学校の制度で学習支援から遠い
asd 支援 級,1,40,④テール,T1 コア,低CPC探索,N27b,発達特性×支援級・通級・学校での対応,対象者（特性のある子の保護者）だが、知りたいのは支援級・通級・学校の制度で学習支援から遠い
ld 等 通 級 指導 教室,1,40,④テール,T1 コア,低CPC探索,N27b,発達特性×支援級・通級・学校での対応,対象者（特性のある子の保護者）だが、知りたいのは支援級・通級・学校の制度で学習支援から遠い
グレー ゾーン 特別 支援 学級,2,40,④テール,T1 コア,低CPC探索,N27b,発達特性×支援級・通級・学校での対応,対象者（特性のある子の保護者）だが、知りたいのは支援級・通級・学校の制度で学習支援から遠い
定時 制 高校 発達 障害,2,40,④テール,T1 コア,低CPC探索,N27b,発達特性×支援級・通級・学校での対応,対象者（特性のある子の保護者）だが、知りたいのは支援級・通級・学校の制度で学習支援から遠い
特別 支援 学校 知 的 障害 高等 部,2,40,④テール,T1 コア,低CPC探索,N27b,発達特性×支援級・通級・学校での対応,対象者（特性のある子の保護者）だが、知りたいのは支援級・通級・学校の制度で学習支援から遠い
特別 支援 教育 発達 障害,2,40,④テール,T1 コア,低CPC探索,N27b,発達特性×支援級・通級・学校での対応,対象者（特性のある子の保護者）だが、知りたいのは支援級・通級・学校の制度で学習支援から遠い
特別 支援 発達 障害,2,40,④テール,T1 コア,低CPC探索,N27b,発達特性×支援級・通級・学校での対応,対象者（特性のある子の保護者）だが、知りたいのは支援級・通級・学校の制度で学習支援から遠い
発達 グレー 支援 級,1,40,④テール,T1 コア,低CPC探索,N27b,発達特性×支援級・通級・学校での対応,対象者（特性のある子の保護者）だが、知りたいのは支援級・通級・学校の制度で学習支援から遠い
発達 障害 就学 準備,2,40,④テール,T1 コア,低CPC探索,N27b,発達特性×支援級・通級・学校での対応,対象者（特性のある子の保護者）だが、知りたいのは支援級・通級・学校の制度で学習支援から遠い
adhd 合理的配慮 大学,1,30,④テール,T1 コア,低CPC探索,N27b,発達特性×支援級・通級・学校での対応,対象者（特性のある子の保護者）だが、知りたいのは支援級・通級・学校の制度で学習支援から遠い
adhd 小学校 支援 学級,1,30,④テール,T1 コア,低CPC探索,N27b,発達特性×支援級・通級・学校での対応,対象者（特性のある子の保護者）だが、知りたいのは支援級・通級・学校の制度で学習支援から遠い
ld 等 通 級 指導 教室 と は,1,30,④テール,T1 コア,低CPC探索,N27b,発達特性×支援級・通級・学校での対応,対象者（特性のある子の保護者）だが、知りたいのは支援級・通級・学校の制度で学習支援から遠い
ld 通 級 指導 教室,1,30,④テール,T1 コア,低CPC探索,N27b,発達特性×支援級・通級・学校での対応,対象者（特性のある子の保護者）だが、知りたいのは支援級・通級・学校の制度で学習支援から遠い
グレー ゾーン 普通 級,1,30,④テール,T1 コア,低CPC探索,N27b,発達特性×支援級・通級・学校での対応,対象者（特性のある子の保護者）だが、知りたいのは支援級・通級・学校の制度で学習支援から遠い
発達 グレー 普通 級,1,30,④テール,T1 コア,低CPC探索,N27b,発達特性×支援級・通級・学校での対応,対象者（特性のある子の保護者）だが、知りたいのは支援級・通級・学校の制度で学習支援から遠い
発達 障害 通 級 指導 教室,1,30,④テール,T1 コア,低CPC探索,N27b,発達特性×支援級・通級・学校での対応,対象者（特性のある子の保護者）だが、知りたいのは支援級・通級・学校の制度で学習支援から遠い
自 閉 症 小学校 普通 級,1,30,④テール,T1 コア,低CPC探索,N27b,発達特性×支援級・通級・学校での対応,対象者（特性のある子の保護者）だが、知りたいのは支援級・通級・学校の制度で学習支援から遠い
adhd 合理的配慮 小学校,1,20,④テール,T1 コア,低CPC探索,N27b,発達特性×支援級・通級・学校での対応,対象者（特性のある子の保護者）だが、知りたいのは支援級・通級・学校の制度で学習支援から遠い
adhd 支援 級 普通 級,1,20,④テール,T1 コア,低CPC探索,N27b,発達特性×支援級・通級・学校での対応,対象者（特性のある子の保護者）だが、知りたいのは支援級・通級・学校の制度で学習支援から遠い
adhd 進路,1,20,④テール,T1 コア,低CPC探索,N27b,発達特性×支援級・通級・学校での対応,対象者（特性のある子の保護者）だが、知りたいのは支援級・通級・学校の制度で学習支援から遠い
asd 進路,1,20,④テール,T1 コア,低CPC探索,N27b,発達特性×支援級・通級・学校での対応,対象者（特性のある子の保護者）だが、知りたいのは支援級・通級・学校の制度で学習支援から遠い
ld 支援 学級,1,20,④テール,T1 コア,低CPC探索,N27b,発達特性×支援級・通級・学校での対応,対象者（特性のある子の保護者）だが、知りたいのは支援級・通級・学校の制度で学習支援から遠い
アスペルガー 支援 級,1,20,④テール,T1 コア,低CPC探索,N27b,発達特性×支援級・通級・学校での対応,対象者（特性のある子の保護者）だが、知りたいのは支援級・通級・学校の制度で学習支援から遠い
アスペルガー 特別 支援 学級,2,20,④テール,T1 コア,低CPC探索,N27b,発達特性×支援級・通級・学校での対応,対象者（特性のある子の保護者）だが、知りたいのは支援級・通級・学校の制度で学習支援から遠い
合理 的 配慮 グレー ゾーン,3,20,④テール,T1 コア,低CPC探索,N27b,発達特性×支援級・通級・学校での対応,対象者（特性のある子の保護者）だが、知りたいのは支援級・通級・学校の制度で学習支援から遠い
特別 支援 ld,2,20,④テール,T1 コア,低CPC探索,N27b,発達特性×支援級・通級・学校での対応,対象者（特性のある子の保護者）だが、知りたいのは支援級・通級・学校の制度で学習支援から遠い
特別 支援 学級 自 閉 情緒,1,20,④テール,T1 コア,低CPC探索,N27b,発達特性×支援級・通級・学校での対応,対象者（特性のある子の保護者）だが、知りたいのは支援級・通級・学校の制度で学習支援から遠い
特別 支援 自 閉 症,2,20,④テール,T1 コア,低CPC探索,N27b,発達特性×支援級・通級・学校での対応,対象者（特性のある子の保護者）だが、知りたいのは支援級・通級・学校の制度で学習支援から遠い
発達 障害 支援 級 から 普通 級,2,20,④テール,T1 コア,低CPC探索,N27b,発達特性×支援級・通級・学校での対応,対象者（特性のある子の保護者）だが、知りたいのは支援級・通級・学校の制度で学習支援から遠い
自 閉 症 通常 級,1,20,④テール,T1 コア,低CPC探索,N27b,発達特性×支援級・通級・学校での対応,対象者（特性のある子の保護者）だが、知りたいのは支援級・通級・学校の制度で学習支援から遠い
adhd 小学校 転校,1,10,④テール,T1 コア,低CPC探索,N27b,発達特性×支援級・通級・学校での対応,対象者（特性のある子の保護者）だが、知りたいのは支援級・通級・学校の制度で学習支援から遠い
adhd 転校,1,10,④テール,T1 コア,低CPC探索,N27b,発達特性×支援級・通級・学校での対応,対象者（特性のある子の保護者）だが、知りたいのは支援級・通級・学校の制度で学習支援から遠い
adhd 通 級 指導,1,10,④テール,T1 コア,低CPC探索,N27b,発達特性×支援級・通級・学校での対応,対象者（特性のある子の保護者）だが、知りたいのは支援級・通級・学校の制度で学習支援から遠い
adhd 高校生 進路,1,10,④テール,T1 コア,低CPC探索,N27b,発達特性×支援級・通級・学校での対応,対象者（特性のある子の保護者）だが、知りたいのは支援級・通級・学校の制度で学習支援から遠い
ld adhd 通 級 指導 教室,1,10,④テール,T1 コア,低CPC探索,N27b,発達特性×支援級・通級・学校での対応,対象者（特性のある子の保護者）だが、知りたいのは支援級・通級・学校の制度で学習支援から遠い
ld 進路,1,10,④テール,T1 コア,低CPC探索,N27b,発達特性×支援級・通級・学校での対応,対象者（特性のある子の保護者）だが、知りたいのは支援級・通級・学校の制度で学習支援から遠い
アスペルガー 支援 学級,1,10,④テール,T1 コア,低CPC探索,N27b,発達特性×支援級・通級・学校での対応,対象者（特性のある子の保護者）だが、知りたいのは支援級・通級・学校の制度で学習支援から遠い
アスペルガー 通 級,1,10,④テール,T1 コア,低CPC探索,N27b,発達特性×支援級・通級・学校での対応,対象者（特性のある子の保護者）だが、知りたいのは支援級・通級・学校の制度で学習支援から遠い
アスペルガー 進路,1,10,④テール,T1 コア,低CPC探索,N27b,発達特性×支援級・通級・学校での対応,対象者（特性のある子の保護者）だが、知りたいのは支援級・通級・学校の制度で学習支援から遠い
グレー ゾーン 通 級,1,10,④テール,T1 コア,低CPC探索,N27b,発達特性×支援級・通級・学校での対応,対象者（特性のある子の保護者）だが、知りたいのは支援級・通級・学校の制度で学習支援から遠い
多 動 支援 学級,1,10,④テール,T1 コア,低CPC探索,N27b,発達特性×支援級・通級・学校での対応,対象者（特性のある子の保護者）だが、知りたいのは支援級・通級・学校の制度で学習支援から遠い
就学 相談 グレー ゾーン,1,10,④テール,T1 コア,低CPC探索,N27b,発達特性×支援級・通級・学校での対応,対象者（特性のある子の保護者）だが、知りたいのは支援級・通級・学校の制度で学習支援から遠い
特別 支援 学校 高等 部 発達 障害,1,10,④テール,T1 コア,低CPC探索,N27b,発達特性×支援級・通級・学校での対応,対象者（特性のある子の保護者）だが、知りたいのは支援級・通級・学校の制度で学習支援から遠い
特別 支援 教育 ld,1,10,④テール,T1 コア,低CPC探索,N27b,発達特性×支援級・通級・学校での対応,対象者（特性のある子の保護者）だが、知りたいのは支援級・通級・学校の制度で学習支援から遠い
特別 支援 教育 知 的 障害,1,10,④テール,T1 コア,低CPC探索,N27b,発達特性×支援級・通級・学校での対応,対象者（特性のある子の保護者）だが、知りたいのは支援級・通級・学校の制度で学習支援から遠い
特別 支援 教育 自 閉 症,1,10,④テール,T1 コア,低CPC探索,N27b,発達特性×支援級・通級・学校での対応,対象者（特性のある子の保護者）だが、知りたいのは支援級・通級・学校の制度で学習支援から遠い
発達 障害 小学校 特別 支援 学級,1,10,④テール,T1 コア,低CPC探索,N27b,発達特性×支援級・通級・学校での対応,対象者（特性のある子の保護者）だが、知りたいのは支援級・通級・学校の制度で学習支援から遠い
発達 障害 担任 対応,1,10,④テール,T1 コア,低CPC探索,N27b,発達特性×支援級・通級・学校での対応,対象者（特性のある子の保護者）だが、知りたいのは支援級・通級・学校の制度で学習支援から遠い
発達 障害 通 級 と は,1,10,④テール,T1 コア,低CPC探索,N27b,発達特性×支援級・通級・学校での対応,対象者（特性のある子の保護者）だが、知りたいのは支援級・通級・学校の制度で学習支援から遠い
発達 障害 通 級 指導,1,10,④テール,T1 コア,低CPC探索,N27b,発達特性×支援級・通級・学校での対応,対象者（特性のある子の保護者）だが、知りたいのは支援級・通級・学校の制度で学習支援から遠い
知 的 障害 高等 特別 支援 学校,1,10,④テール,T1 コア,低CPC探索,N27b,発達特性×支援級・通級・学校での対応,対象者（特性のある子の保護者）だが、知りたいのは支援級・通級・学校の制度で学習支援から遠い
軽度 発達 障害 支援 学級,1,10,④テール,T1 コア,低CPC探索,N27b,発達特性×支援級・通級・学校での対応,対象者（特性のある子の保護者）だが、知りたいのは支援級・通級・学校の制度で学習支援から遠い
ADHDの小学生が小学校で困ることは何ですか？,1,0,④テール,T1 コア,低CPC探索,N27b,発達特性×支援級・通級・学校での対応,対象者（特性のある子の保護者）だが、知りたいのは支援級・通級・学校の制度で学習支援から遠い
adhd 就学 準備,1,0,④テール,T1 コア,低CPC探索,N27b,発達特性×支援級・通級・学校での対応,対象者（特性のある子の保護者）だが、知りたいのは支援級・通級・学校の制度で学習支援から遠い
ld 合理 的 配慮 タブレット,1,0,④テール,T1 コア,低CPC探索,N27b,発達特性×支援級・通級・学校での対応,対象者（特性のある子の保護者）だが、知りたいのは支援級・通級・学校の制度で学習支援から遠い
グレー ゾーン 就学 準備,1,0,④テール,T1 コア,低CPC探索,N27b,発達特性×支援級・通級・学校での対応,対象者（特性のある子の保護者）だが、知りたいのは支援級・通級・学校の制度で学習支援から遠い
グレー ゾーン 支援 級 から 通常 級,1,0,④テール,T1 コア,低CPC探索,N27b,発達特性×支援級・通級・学校での対応,対象者（特性のある子の保護者）だが、知りたいのは支援級・通級・学校の制度で学習支援から遠い
境界 知能 合理 的 配慮,2,0,④テール,T1 コア,低CPC探索,N27b,発達特性×支援級・通級・学校での対応,対象者（特性のある子の保護者）だが、知りたいのは支援級・通級・学校の制度で学習支援から遠い
境界 知能 就学 準備,1,0,④テール,T1 コア,低CPC探索,N27b,発達特性×支援級・通級・学校での対応,対象者（特性のある子の保護者）だが、知りたいのは支援級・通級・学校の制度で学習支援から遠い
境界 知能 支援 級 から 通常 級,1,0,④テール,T1 コア,低CPC探索,N27b,発達特性×支援級・通級・学校での対応,対象者（特性のある子の保護者）だが、知りたいのは支援級・通級・学校の制度で学習支援から遠い
境界知能 高校生 進路,1,0,④テール,T1 コア,低CPC探索,N27b,発達特性×支援級・通級・学校での対応,対象者（特性のある子の保護者）だが、知りたいのは支援級・通級・学校の制度で学習支援から遠い
学習 障害 就学 準備,1,0,④テール,T1 コア,低CPC探索,N27b,発達特性×支援級・通級・学校での対応,対象者（特性のある子の保護者）だが、知りたいのは支援級・通級・学校の制度で学習支援から遠い
学習 障害 支援 級 から 通常 級,1,0,④テール,T1 コア,低CPC探索,N27b,発達特性×支援級・通級・学校での対応,対象者（特性のある子の保護者）だが、知りたいのは支援級・通級・学校の制度で学習支援から遠い
学習障害 合理的配慮 例,1,0,④テール,T1 コア,低CPC探索,N27b,発達特性×支援級・通級・学校での対応,対象者（特性のある子の保護者）だが、知りたいのは支援級・通級・学校の制度で学習支援から遠い
学習障害 合理的配慮 大学,1,0,④テール,T1 コア,低CPC探索,N27b,発達特性×支援級・通級・学校での対応,対象者（特性のある子の保護者）だが、知りたいのは支援級・通級・学校の制度で学習支援から遠い
小学校 支援学級 グレーゾーン,1,0,④テール,T1 コア,低CPC探索,N27b,発達特性×支援級・通級・学校での対応,対象者（特性のある子の保護者）だが、知りたいのは支援級・通級・学校の制度で学習支援から遠い
文部科学省 学習障害 合理的配慮,1,0,④テール,T1 コア,低CPC探索,N27b,発達特性×支援級・通級・学校での対応,対象者（特性のある子の保護者）だが、知りたいのは支援級・通級・学校の制度で学習支援から遠い
発達障害 グレーゾーン 合理的配慮,1,0,④テール,T1 コア,低CPC探索,N27b,発達特性×支援級・通級・学校での対応,対象者（特性のある子の保護者）だが、知りたいのは支援級・通級・学校の制度で学習支援から遠い
発達障害 グレーゾーン 支援学級,1,0,④テール,T1 コア,低CPC探索,N27b,発達特性×支援級・通級・学校での対応,対象者（特性のある子の保護者）だが、知りたいのは支援級・通級・学校の制度で学習支援から遠い
発達障害 就学前 支援,1,0,④テール,T1 コア,低CPC探索,N27b,発達特性×支援級・通級・学校での対応,対象者（特性のある子の保護者）だが、知りたいのは支援級・通級・学校の制度で学習支援から遠い
発達障害 就学相談,1,0,④テール,T1 コア,低CPC探索,N27b,発達特性×支援級・通級・学校での対応,対象者（特性のある子の保護者）だが、知りたいのは支援級・通級・学校の制度で学習支援から遠い
発達障害のある子の就学準備は？,1,0,④テール,T1 コア,低CPC探索,N27b,発達特性×支援級・通級・学校での対応,対象者（特性のある子の保護者）だが、知りたいのは支援級・通級・学校の制度で学習支援から遠い
発達障害の中学生の進路は？,1,0,④テール,T1 コア,低CPC探索,N27b,発達特性×支援級・通級・学校での対応,対象者（特性のある子の保護者）だが、知りたいのは支援級・通級・学校の制度で学習支援から遠い
自閉症 合理的配慮,1,0,④テール,T1 コア,低CPC探索,N27b,発達特性×支援級・通級・学校での対応,対象者（特性のある子の保護者）だが、知りたいのは支援級・通級・学校の制度で学習支援から遠い
自閉症 合理的配慮 小学校,1,0,④テール,T1 コア,低CPC探索,N27b,発達特性×支援級・通級・学校での対応,対象者（特性のある子の保護者）だが、知りたいのは支援級・通級・学校の制度で学習支援から遠い
自閉症 合理的配慮例,2,0,④テール,T1 コア,低CPC探索,N27b,発達特性×支援級・通級・学校での対応,対象者（特性のある子の保護者）だが、知りたいのは支援級・通級・学校の制度で学習支援から遠い
読み書き障害 支援学級,1,0,④テール,T1 コア,低CPC探索,N27b,発達特性×支援級・通級・学校での対応,対象者（特性のある子の保護者）だが、知りたいのは支援級・通級・学校の制度で学習支援から遠い
