No,代表KW,検索Vol,v2クラスター,精査結果,理由,運用区分_v3,ターゲット適合_v3
1,発達 障害 タブレット 学習 おすすめ,140,N24,外す（探索）,教材・アプリ・プリント・タブレット探しが最初のニーズ（商品・無料素材の情報）,低CPC探索,T1 コア
2,学習障害 タブレット おすすめ,0,N24,外す（探索）,教材・アプリ・プリント・タブレット探しが最初のニーズ（商品・無料素材の情報）,低CPC探索,T1 コア
3,学習障害 おすすめ ドリル,30,N24,外す（探索）,教材・アプリ・プリント・タブレット探しが最初のニーズ（商品・無料素材の情報）,低CPC探索,T1 コア
4,グレー ゾーン 不 登校 オンライン 家庭 教師,0,N37,残す,最初の答えが「特性のある子の学習のつまずきにどう対応するか」でLP02が満たせる,LP設計コア,T1 コア
5,境界 知能 不 登校 オンライン 家庭 教師,0,N37,外す（探索）,知的障害・境界知能（公式の対象に明示なし→T2）,低CPC探索,T2 探索
6,グレー ゾーン 不 登校 塾,0,N37,残す,最初の答えが「特性のある子の学習のつまずきにどう対応するか」でLP02が満たせる,LP設計コア,T1 コア
7,グレー ゾーン 不 登校 家庭 教師,0,N37,残す,最初の答えが「特性のある子の学習のつまずきにどう対応するか」でLP02が満たせる,LP設計コア,T1 コア
8,発達障害 不登校 塾,0,N37,残す,最初の答えが「特性のある子の学習のつまずきにどう対応するか」でLP02が満たせる,LP設計コア,T1 コア
9,境界 知能 不 登校 家庭 教師,0,N37,外す（探索）,知的障害・境界知能（公式の対象に明示なし→T2）,低CPC探索,T2 探索
10,学習 障害 不 登校 家庭 教師,0,N37,残す,最初の答えが「特性のある子の学習のつまずきにどう対応するか」でLP02が満たせる,LP設計コア,T1 コア
11,家庭教師 不登校 発達障害,0,N37,残す,最初の答えが「特性のある子の学習のつまずきにどう対応するか」でLP02が満たせる,LP設計コア,T1 コア
12,ADHDの中学生はなぜ勉強しないのか？,20,N24,残す,最初の答えが「特性のある子の学習のつまずきにどう対応するか」でLP02が満たせる,LP設計コア,T1 コア
13,ADHDは授業についていけない？,0,N24,残す,最初の答えが「特性のある子の学習のつまずきにどう対応するか」でLP02が満たせる,LP設計コア,T1 コア
14,ADHDに向いている勉強法は？,10,N24,残す,最初の答えが「特性のある子の学習のつまずきにどう対応するか」でLP02が満たせる,LP設計コア,T1 コア
15,ADHDの小学生は勉強ができないのはなぜですか？,0,N24,残す,最初の答えが「特性のある子の学習のつまずきにどう対応するか」でLP02が満たせる,LP設計コア,T1 コア
16,家で勉強できないのはADHDが原因ですか？,0,N24,外す（探索）,診断・特徴の確認（「発達障害かどうか」「特徴」）が最初のニーズ,低CPC探索,T1 コア
17,ADHD 勉強 できない なぜ？,70,N24,残す,最初の答えが「特性のある子の学習のつまずきにどう対応するか」でLP02が満たせる,LP設計コア,T1 コア
18,ADHDの中学生は勉強に集中できない？,0,N24,残す,最初の答えが「特性のある子の学習のつまずきにどう対応するか」でLP02が満たせる,LP設計コア,T1 コア
19,ADHDの中学生が宿題に取りかからないのはなぜですか？,0,N24,残す,最初の答えが「特性のある子の学習のつまずきにどう対応するか」でLP02が満たせる,LP設計コア,T1 コア
20,ADHDは集中力がないのはなぜですか？,0,N24,外す（探索）,「集中」だが子ども・学習の語がない（大人の当事者の可能性が高い）,低CPC探索,T1 コア
21,ADHDは学力が低いですか？,0,N24,外す（探索）,特性と学力の関係を知りたい情報意図（できる・得意・学力）。対処法が最初のニーズではない,低CPC探索,T1 コア
22,ADHDで勉強に集中する方法は？,0,N24,残す,最初の答えが「特性のある子の学習のつまずきにどう対応するか」でLP02が満たせる,LP設計コア,T1 コア
23,ADHDの国語の特徴は？,0,N24,外す（探索）,特性と学力の関係を知りたい情報意図（できる・得意・学力）。対処法が最初のニーズではない,低CPC探索,T1 コア
24,ASDの人は勉強できますか？,0,N24,外す（探索）,特性と学力の関係を知りたい情報意図（できる・得意・学力）。対処法が最初のニーズではない,低CPC探索,T1 コア
25,ASDの人は国語が得意ですか？,0,N24,外す（探索）,特性と学力の関係を知りたい情報意図（できる・得意・学力）。対処法が最初のニーズではない,低CPC探索,T1 コア
26,ASDの人は学力は高いですか？,0,N24,外す（探索）,特性と学力の関係を知りたい情報意図（できる・得意・学力）。対処法が最初のニーズではない,低CPC探索,T1 コア
27,ASDの子どもは宿題をやらないのはなぜ？,0,N24,残す,最初の答えが「特性のある子の学習のつまずきにどう対応するか」でLP02が満たせる,LP設計コア,T1 コア
28,ASDの苦手な教科は？,10,N24,外す（探索）,特性と学力の関係を知りたい情報意図（できる・得意・学力）。対処法が最初のニーズではない,低CPC探索,T1 コア
29,境界知能 いつから勉強ついていけなくなる？,0,N24,外す（探索）,知的障害・境界知能（公式の対象に明示なし→T2）,低CPC探索,T2 探索
30,発達障害の中学生が不登校になったらどうすればいいですか？,0,N37,残す,最初の答えが「特性のある子の学習のつまずきにどう対応するか」でLP02が満たせる,LP設計コア,T1 コア
31,発達障害の高校生が不登校になったらどうすればいいですか？,0,N37,残す,最初の答えが「特性のある子の学習のつまずきにどう対応するか」でLP02が満たせる,LP設計コア,T1 コア
32,発達障害は勉強についていけないのでしょうか？,0,N24,外す（探索）,診断・特徴の確認（「発達障害かどうか」「特徴」）が最初のニーズ,低CPC探索,T1 コア
33,勉強しても点数が取れないのは発達障害ですか？,0,N24,外す（探索）,診断・特徴の確認（「発達障害かどうか」「特徴」）が最初のニーズ,低CPC探索,T1 コア
34,勉強についていけないのは発達障害ですか？,0,N24,外す（探索）,診断・特徴の確認（「発達障害かどうか」「特徴」）が最初のニーズ,低CPC探索,T1 コア
35,発達障害で算数ができないのは？,0,N24,残す,最初の答えが「特性のある子の学習のつまずきにどう対応するか」でLP02が満たせる,LP設計コア,T1 コア
36,発達障害でも勉強はできますか？,0,N24,外す（探索）,特性と学力の関係を知りたい情報意図（できる・得意・学力）。対処法が最初のニーズではない,低CPC探索,T1 コア
37,グレーゾーンでも勉強はできる？,0,N24,外す（探索）,特性と学力の関係を知りたい情報意図（できる・得意・学力）。対処法が最初のニーズではない,低CPC探索,T1 コア
38,発達障害の学習アプリで無料のものは？,0,N24,外す（探索）,教材・アプリ・プリント・タブレット探しが最初のニーズ（商品・無料素材の情報）,低CPC探索,T1 コア
39,グレーゾーンの中学生の勉強方法は？,0,N24,残す,最初の答えが「特性のある子の学習のつまずきにどう対応するか」でLP02が満たせる,LP設計コア,T1 コア
40,発達障害の中学生の勉強法は？,0,N24,残す,最初の答えが「特性のある子の学習のつまずきにどう対応するか」でLP02が満たせる,LP設計コア,T1 コア
41,発達障害で数を数えるのが苦手な人は？,0,N24,外す（探索）,診断・特徴の確認（「発達障害かどうか」「特徴」）が最初のニーズ,低CPC探索,T1 コア
42,adhd 宿題 時間 が かかる,60,N24,残す,最初の答えが「特性のある子の学習のつまずきにどう対応するか」でLP02が満たせる,LP設計コア,T1 コア
43,adhd 宿題に 取り かかれ ない 中学生,40,N24,残す,最初の答えが「特性のある子の学習のつまずきにどう対応するか」でLP02が満たせる,LP設計コア,T1 コア
44,adhd 宿題 に 取り かかれ ない,520,N24,残す,最初の答えが「特性のある子の学習のつまずきにどう対応するか」でLP02が満たせる,LP設計コア,T1 コア
45,adhd 宿題 を させる 方法,10,N24,残す,最初の答えが「特性のある子の学習のつまずきにどう対応するか」でLP02が満たせる,LP設計コア,T1 コア
46,adhd 中学生 勉強 しない,100,N24,残す,最初の答えが「特性のある子の学習のつまずきにどう対応するか」でLP02が満たせる,LP設計コア,T1 コア
47,adhd 勉強 しない,40,N24,残す,最初の答えが「特性のある子の学習のつまずきにどう対応するか」でLP02が満たせる,LP設計コア,T1 コア
48,adhd 家 で 勉強 しない,0,N24,残す,最初の答えが「特性のある子の学習のつまずきにどう対応するか」でLP02が満たせる,LP設計コア,T1 コア
49,adhd 宿題 しない,40,N24,残す,最初の答えが「特性のある子の学習のつまずきにどう対応するか」でLP02が満たせる,LP設計コア,T1 コア
50,adhd 集中 できない とき,10,N24,外す（探索）,「集中」だが子ども・学習の語がない（大人の当事者の可能性が高い）,低CPC探索,T1 コア
51,Adhd 勉強 できない なぜ,70,N24,残す,最初の答えが「特性のある子の学習のつまずきにどう対応するか」でLP02が満たせる,LP設計コア,T1 コア
52,adhd テレビ 集中 できない,20,N24,外す（探索）,「集中」だが子ども・学習の語がない（大人の当事者の可能性が高い）,低CPC探索,T1 コア
53,adhd 勉強 できない 中学生,110,N24,残す,最初の答えが「特性のある子の学習のつまずきにどう対応するか」でLP02が満たせる,LP設計コア,T1 コア
54,adhd 勉強 できない 中学生 知恵袋,0,N24,残す,最初の答えが「特性のある子の学習のつまずきにどう対応するか」でLP02が満たせる,LP設計コア,T1 コア
55,adhd 勉強 できない,940,N24,残す,最初の答えが「特性のある子の学習のつまずきにどう対応するか」でLP02が満たせる,LP設計コア,T1 コア
56,ADHD 勉強 できない 小学生,80,N24,残す,最初の答えが「特性のある子の学習のつまずきにどう対応するか」でLP02が満たせる,LP設計コア,T1 コア
57,adhd 勉強 できない 知恵袋,100,N24,残す,最初の答えが「特性のある子の学習のつまずきにどう対応するか」でLP02が満たせる,LP設計コア,T1 コア
58,adhd 勉強 集中 できない 知恵袋,0,N24,残す,最初の答えが「特性のある子の学習のつまずきにどう対応するか」でLP02が満たせる,LP設計コア,T1 コア
59,adhd 勉強 できない 高校生 知恵袋,0,N24,残す,最初の答えが「特性のある子の学習のつまずきにどう対応するか」でLP02が満たせる,LP設計コア,T1 コア
60,adhd 勉強 できない 辛い,10,N24,残す,最初の答えが「特性のある子の学習のつまずきにどう対応するか」でLP02が満たせる,LP設計コア,T1 コア
61,adhd 勉強 集中 できない,170,N24,残す,最初の答えが「特性のある子の学習のつまずきにどう対応するか」でLP02が満たせる,LP設計コア,T1 コア
62,adhd 勉強 できない 高校生,220,N24,残す,最初の答えが「特性のある子の学習のつまずきにどう対応するか」でLP02が満たせる,LP設計コア,T1 コア
63,adhd 宿題 できない,110,N24,残す,最初の答えが「特性のある子の学習のつまずきにどう対応するか」でLP02が満たせる,LP設計コア,T1 コア
64,adhd 集中 できない 対策,180,N24,外す（探索）,「集中」だが子ども・学習の語がない（大人の当事者の可能性が高い）,低CPC探索,T1 コア
65,adhd 英語 できない,180,N24,残す,最初の答えが「特性のある子の学習のつまずきにどう対応するか」でLP02が満たせる,LP設計コア,T1 コア
66,adhd 集中 できない 薬,140,N24,外す（REVIEW）,薬・医療が最初のニーズ（LP02では答えない。医療系の広告表現にも注意）,REVIEW,T1 コア
67,adhd 集中 できない,460,N24,外す（探索）,「集中」だが子ども・学習の語がない（大人の当事者の可能性が高い）,低CPC探索,T1 コア
68,adhd 勉強 できる,1500,N24,外す（探索）,特性と学力の関係を知りたい情報意図（できる・得意・学力）。対処法が最初のニーズではない,低CPC探索,T1 コア
69,adhd 宿題 やら ない,50,N24,残す,最初の答えが「特性のある子の学習のつまずきにどう対応するか」でLP02が満たせる,LP設計コア,T1 コア
70,adhd やる気 が 出 ない 勉強,10,N24,残す,最初の答えが「特性のある子の学習のつまずきにどう対応するか」でLP02が満たせる,LP設計コア,T1 コア
71,adhd 漢字 が 覚え られ ない,70,N24,残す,最初の答えが「特性のある子の学習のつまずきにどう対応するか」でLP02が満たせる,LP設計コア,T1 コア
72,集中 力 が 続か ない adhd,70,N24,外す（探索）,「集中」だが子ども・学習の語がない（大人の当事者の可能性が高い）,低CPC探索,T1 コア
73,adhd 集中 力 が ない,160,N24,外す（探索）,「集中」だが子ども・学習の語がない（大人の当事者の可能性が高い）,低CPC探索,T1 コア
74,adhd 勉強 続か ない,40,N24,残す,最初の答えが「特性のある子の学習のつまずきにどう対応するか」でLP02が満たせる,LP設計コア,T1 コア
75,adhd 宿題 終わら ない,10,N24,残す,最初の答えが「特性のある子の学習のつまずきにどう対応するか」でLP02が満たせる,LP設計コア,T1 コア
76,adhd 漢字 が 書け ない,20,N24,残す,最初の答えが「特性のある子の学習のつまずきにどう対応するか」でLP02が満たせる,LP設計コア,T1 コア
77,adhd ながら 勉強,10,N24,残す,最初の答えが「特性のある子の学習のつまずきにどう対応するか」でLP02が満たせる,LP設計コア,T1 コア
78,adhd 勉強 やる気,10,N24,残す,最初の答えが「特性のある子の学習のつまずきにどう対応するか」でLP02が満たせる,LP設計コア,T1 コア
79,adhd カタカナ 苦手,20,N24,残す,最初の答えが「特性のある子の学習のつまずきにどう対応するか」でLP02が満たせる,LP設計コア,T1 コア
80,adhd コミュニケーション 苦手,110,N24,外す（REVIEW）,大人・仕事・人間関係の文脈（学習のつまずきではない）,REVIEW,T1 コア
81,adhd タブレット,10,N24,外す（探索）,教材・アプリ・プリント・タブレット探しが最初のニーズ（商品・無料素材の情報）,低CPC探索,T1 コア
82,adhd テスト 勉強,20,N24,残す,最初の答えが「特性のある子の学習のつまずきにどう対応するか」でLP02が満たせる,LP設計コア,T1 コア
83,adhd テレビ 集中,40,N24,外す（探索）,「集中」だが子ども・学習の語がない（大人の当事者の可能性が高い）,低CPC探索,T1 コア
84,adhd ドリル,10,N24,外す（探索）,教材・アプリ・プリント・タブレット探しが最初のニーズ（商品・無料素材の情報）,低CPC探索,T1 コア
85,adhd プリント,20,N24,外す（探索）,教材・アプリ・プリント・タブレット探しが最初のニーズ（商品・無料素材の情報）,低CPC探索,T1 コア
86,adhd 不 登校 中学生,90,N37,残す,最初の答えが「特性のある子の学習のつまずきにどう対応するか」でLP02が満たせる,LP設計コア,T1 コア
87,adhd 不 登校 小学生,80,N37,残す,最初の答えが「特性のある子の学習のつまずきにどう対応するか」でLP02が満たせる,LP設計コア,T1 コア
88,adhd 不 登校 高校,40,N37,残す,最初の答えが「特性のある子の学習のつまずきにどう対応するか」でLP02が満たせる,LP設計コア,T1 コア
89,adhd 不 注意 優勢 型 勉強,10,N24,残す,最初の答えが「特性のある子の学習のつまずきにどう対応するか」でLP02が満たせる,LP設計コア,T1 コア
90,adhd 不 注意 勉強,10,N24,残す,最初の答えが「特性のある子の学習のつまずきにどう対応するか」でLP02が満たせる,LP設計コア,T1 コア
91,adhd 中学生 勉強,10,N24,残す,最初の答えが「特性のある子の学習のつまずきにどう対応するか」でLP02が満たせる,LP設計コア,T1 コア
92,adhd 勉強 法 中学生,130,N24,残す,最初の答えが「特性のある子の学習のつまずきにどう対応するか」でLP02が満たせる,LP設計コア,T1 コア
93,adhd 中学生 男子 勉強 の 仕方,100,N24,残す,最初の答えが「特性のある子の学習のつまずきにどう対応するか」でLP02が満たせる,LP設計コア,T1 コア
94,adhd 中学生 宿題,10,N24,残す,最初の答えが「特性のある子の学習のつまずきにどう対応するか」でLP02が満たせる,LP設計コア,T1 コア
95,adhd 人付き合い 苦手,30,N24,外す（REVIEW）,大人・仕事・人間関係の文脈（学習のつまずきではない）,REVIEW,T1 コア
96,adhd 集中する方法 薬以外,0,N24,外す（探索）,「集中」だが子ども・学習の語がない（大人の当事者の可能性が高い）,低CPC探索,T1 コア
97,adhd 勉強 会,10,N24,外す（REVIEW）,勉強会・研修・発達障害について学びたい（支援者側の可能性）,REVIEW,T1 コア
98,adhd 会話 苦手,30,N24,外す（REVIEW）,大人・仕事・人間関係の文脈（学習のつまずきではない）,REVIEW,T1 コア
99,adhd 会議 苦手,30,N24,外す（REVIEW）,大人・仕事・人間関係の文脈（学習のつまずきではない）,REVIEW,T1 コア
100,adhd 作文,20,N24,残す,最初の答えが「特性のある子の学習のつまずきにどう対応するか」でLP02が満たせる,LP設計コア,T1 コア
101,adhd 作文 苦手,10,N24,残す,最初の答えが「特性のある子の学習のつまずきにどう対応するか」でLP02が満たせる,LP設計コア,T1 コア
102,adhd 勉強,960,N24,残す,最初の答えが「特性のある子の学習のつまずきにどう対応するか」でLP02が満たせる,LP設計コア,T1 コア
103,adhd 勉強 嫌い,20,N24,残す,最初の答えが「特性のある子の学習のつまずきにどう対応するか」でLP02が満たせる,LP設計コア,T1 コア
104,adhd 小学生 勉強,10,N24,残す,最初の答えが「特性のある子の学習のつまずきにどう対応するか」でLP02が満たせる,LP設計コア,T1 コア
105,adhd 勉強 法 小学生,30,N24,残す,最初の答えが「特性のある子の学習のつまずきにどう対応するか」でLP02が満たせる,LP設計コア,T1 コア
106,adhd 勉強 教え 方,10,N22a,残す,最初の答えが「特性のある子の学習のつまずきにどう対応するか」でLP02が満たせる,LP設計コア,T1 コア
107,adhd 勉強 集中する方法,10,N24,残す,最初の答えが「特性のある子の学習のつまずきにどう対応するか」でLP02が満たせる,LP設計コア,T1 コア
108,adhd 勉強 法,1090,N24,残す,最初の答えが「特性のある子の学習のつまずきにどう対応するか」でLP02が満たせる,LP設計コア,T1 コア
109,adhd 勉強 法 高校生,30,N24,残す,最初の答えが「特性のある子の学習のつまずきにどう対応するか」でLP02が満たせる,LP設計コア,T1 コア
110,adhd 勉強 苦手,20,N24,残す,最初の答えが「特性のある子の学習のつまずきにどう対応するか」でLP02が満たせる,LP設計コア,T1 コア
111,adhd 薬 勉強,70,N24,外す（REVIEW）,薬・医療が最初のニーズ（LP02では答えない。医療系の広告表現にも注意）,REVIEW,T1 コア
112,adhd 勉強 計画,10,N24,残す,最初の答えが「特性のある子の学習のつまずきにどう対応するか」でLP02が満たせる,LP設計コア,T1 コア
113,adhd 試験 勉強,10,N24,外す（REVIEW）,大人・仕事・人間関係の文脈（学習のつまずきではない）,REVIEW,T1 コア
114,adhd 過 集中 勉強,10,N24,残す,最初の答えが「特性のある子の学習のつまずきにどう対応するか」でLP02が満たせる,LP設計コア,T1 コア
115,adhd 勉強 集中,30,N24,残す,最初の答えが「特性のある子の学習のつまずきにどう対応するか」でLP02が満たせる,LP設計コア,T1 コア
116,adhd 高校生 勉強,10,N24,残す,最初の答えが「特性のある子の学習のつまずきにどう対応するか」でLP02が満たせる,LP設計コア,T1 コア
117,adhd 国語,20,N24,残す,最初の答えが「特性のある子の学習のつまずきにどう対応するか」でLP02が満たせる,LP設計コア,T1 コア
118,adhd 国語 得意,170,N24,外す（探索）,特性と学力の関係を知りたい情報意図（できる・得意・学力）。対処法が最初のニーズではない,低CPC探索,T1 コア
119,adhd 国語 苦手,170,N24,残す,最初の答えが「特性のある子の学習のつまずきにどう対応するか」でLP02が満たせる,LP設計コア,T1 コア
120,adhd 学力,260,N24,外す（探索）,特性と学力の関係を知りたい情報意図（できる・得意・学力）。対処法が最初のニーズではない,低CPC探索,T1 コア
121,adhd 学習,30,N24,残す,最初の答えが「特性のある子の学習のつまずきにどう対応するか」でLP02が満たせる,LP設計コア,T1 コア
122,adhd 家庭 学習,10,N24,残す,最初の答えが「特性のある子の学習のつまずきにどう対応するか」でLP02が満たせる,LP設計コア,T1 コア
123,adhd 学習 方法,90,N24,残す,最初の答えが「特性のある子の学習のつまずきにどう対応するか」でLP02が満たせる,LP設計コア,T1 コア
124,adhd 学習 法,10,N24,残す,最初の答えが「特性のある子の学習のつまずきにどう対応するか」でLP02が満たせる,LP設計コア,T1 コア
125,adhd 自宅 学習,10,N24,残す,最初の答えが「特性のある子の学習のつまずきにどう対応するか」でLP02が満たせる,LP設計コア,T1 コア
126,adhd 英語 学習,70,N24,残す,最初の答えが「特性のある子の学習のつまずきにどう対応するか」でLP02が満たせる,LP設計コア,T1 コア
127,adhd 宿題,80,N24,残す,最初の答えが「特性のある子の学習のつまずきにどう対応するか」でLP02が満たせる,LP設計コア,T1 コア
128,adhd 小学生 宿題,10,N24,残す,最初の答えが「特性のある子の学習のつまずきにどう対応するか」でLP02が満たせる,LP設計コア,T1 コア
129,adhd 宿題 工夫,10,N24,残す,最初の答えが「特性のある子の学習のつまずきにどう対応するか」でLP02が満たせる,LP設計コア,T1 コア
130,adhd 宿題 癇癪,20,N24,残す,最初の答えが「特性のある子の学習のつまずきにどう対応するか」でLP02が満たせる,LP設計コア,T1 コア
131,adhd 数学 得意,140,N24,外す（探索）,特性と学力の関係を知りたい情報意図（できる・得意・学力）。対処法が最初のニーズではない,低CPC探索,T1 コア
132,adhd 暗記 得意,70,N24,外す（探索）,特性と学力の関係を知りたい情報意図（できる・得意・学力）。対処法が最初のニーズではない,低CPC探索,T1 コア
133,adhd 成績,40,N24,外す（探索）,特性と学力の関係を知りたい情報意図（できる・得意・学力）。対処法が最初のニーズではない,低CPC探索,T1 コア
134,adhd 手続き 苦手,90,N24,外す（REVIEW）,大人・仕事・人間関係の文脈（学習のつまずきではない）,REVIEW,T1 コア
135,adhd 授業 集中する方法,0,N24,残す,最初の答えが「特性のある子の学習のつまずきにどう対応するか」でLP02が満たせる,LP設計コア,T1 コア
136,adhd 算数 教え 方,10,N22a,残す,最初の答えが「特性のある子の学習のつまずきにどう対応するか」でLP02が満たせる,LP設計コア,T1 コア
137,adhd 教材,10,N24,外す（探索）,教材・アプリ・プリント・タブレット探しが最初のニーズ（商品・無料素材の情報）,低CPC探索,T1 コア
138,adhd 苦手 な 教科,40,N24,外す（探索）,特性と学力の関係を知りたい情報意図（できる・得意・学力）。対処法が最初のニーズではない,低CPC探索,T1 コア
139,adhd 数学,90,N24,残す,最初の答えが「特性のある子の学習のつまずきにどう対応するか」でLP02が満たせる,LP設計コア,T1 コア
140,adhd 英 単語 覚え 方,30,N24,残す,最初の答えが「特性のある子の学習のつまずきにどう対応するか」でLP02が満たせる,LP設計コア,T1 コア
141,ADHD 集中する方法,280,N24,外す（探索）,「集中」だが子ども・学習の語がない（大人の当事者の可能性が高い）,低CPC探索,T1 コア
142,adhd 集中する方法 音楽,0,N24,外す（探索）,「集中」だが子ども・学習の語がない（大人の当事者の可能性が高い）,低CPC探索,T1 コア
143,adhd 暗記,30,N24,残す,最初の答えが「特性のある子の学習のつまずきにどう対応するか」でLP02が満たせる,LP設計コア,T1 コア
144,adhd 暗記 苦手,70,N24,残す,最初の答えが「特性のある子の学習のつまずきにどう対応するか」でLP02が満たせる,LP設計コア,T1 コア
145,adhd 書類 苦手,70,N24,外す（REVIEW）,大人・仕事・人間関係の文脈（学習のつまずきではない）,REVIEW,T1 コア
146,adhd 漢字,80,N24,残す,最初の答えが「特性のある子の学習のつまずきにどう対応するか」でLP02が満たせる,LP設計コア,T1 コア
147,adhd 苦手 科目,10,N24,外す（探索）,特性と学力の関係を知りたい情報意図（できる・得意・学力）。対処法が最初のニーズではない,低CPC探索,T1 コア
148,adhd 算数,30,N24,残す,最初の答えが「特性のある子の学習のつまずきにどう対応するか」でLP02が満たせる,LP設計コア,T1 コア
149,adhd 算数 苦手,50,N24,残す,最初の答えが「特性のある子の学習のつまずきにどう対応するか」でLP02が満たせる,LP設計コア,T1 コア
150,adhd 苦手,40,N24,外す（REVIEW）,大人・仕事・人間関係の文脈（学習のつまずきではない）,REVIEW,T1 コア
151,adhd 英語 苦手,40,N24,残す,最初の答えが「特性のある子の学習のつまずきにどう対応するか」でLP02が満たせる,LP設計コア,T1 コア
152,adhd 計画 苦手,10,N24,外す（REVIEW）,大人・仕事・人間関係の文脈（学習のつまずきではない）,REVIEW,T1 コア
153,adhd 計算 苦手,20,N24,残す,最初の答えが「特性のある子の学習のつまずきにどう対応するか」でLP02が満たせる,LP設計コア,T1 コア
154,adhd 試験 苦手,20,N24,外す（REVIEW）,大人・仕事・人間関係の文脈（学習のつまずきではない）,REVIEW,T1 コア
155,adhd 音読 苦手,20,N24,残す,最初の答えが「特性のある子の学習のつまずきにどう対応するか」でLP02が満たせる,LP設計コア,T1 コア
156,adhd 計算,20,N24,残す,最初の答えが「特性のある子の学習のつまずきにどう対応するか」でLP02が満たせる,LP設計コア,T1 コア
157,adhd 読み書き,10,N24,残す,最初の答えが「特性のある子の学習のつまずきにどう対応するか」でLP02が満たせる,LP設計コア,T1 コア
158,adhd 集中,190,N24,外す（探索）,「集中」だが子ども・学習の語がない（大人の当事者の可能性が高い）,低CPC探索,T1 コア
159,adhd asd 勉強 できない,0,N24,残す,最初の答えが「特性のある子の学習のつまずきにどう対応するか」でLP02が満たせる,LP設計コア,T1 コア
160,asd 勉強 しない,20,N24,残す,最初の答えが「特性のある子の学習のつまずきにどう対応するか」でLP02が満たせる,LP設計コア,T1 コア
161,asd 宿題 しない,10,N24,残す,最初の答えが「特性のある子の学習のつまずきにどう対応するか」でLP02が満たせる,LP設計コア,T1 コア
162,asd 勉強 できない,340,N24,残す,最初の答えが「特性のある子の学習のつまずきにどう対応するか」でLP02が満たせる,LP設計コア,T1 コア
163,ASD 勉強 できない 知恵袋,70,N24,残す,最初の答えが「特性のある子の学習のつまずきにどう対応するか」でLP02が満たせる,LP設計コア,T1 コア
164,asd 勉強 集中 できない,0,N24,残す,最初の答えが「特性のある子の学習のつまずきにどう対応するか」でLP02が満たせる,LP設計コア,T1 コア
165,asd 勉強 できる,170,N24,外す（探索）,特性と学力の関係を知りたい情報意図（できる・得意・学力）。対処法が最初のニーズではない,低CPC探索,T1 コア
166,asd 中学生 勉強,10,N24,残す,最初の答えが「特性のある子の学習のつまずきにどう対応するか」でLP02が満たせる,LP設計コア,T1 コア
167,asd 会話 苦手,10,N24,外す（REVIEW）,大人・仕事・人間関係の文脈（学習のつまずきではない）,REVIEW,T1 コア
168,asd 勉強,110,N24,残す,最初の答えが「特性のある子の学習のつまずきにどう対応するか」でLP02が満たせる,LP設計コア,T1 コア
169,asd 勉強 嫌い,50,N24,残す,最初の答えが「特性のある子の学習のつまずきにどう対応するか」でLP02が満たせる,LP設計コア,T1 コア
170,asd 勉強 法,180,N24,残す,最初の答えが「特性のある子の学習のつまずきにどう対応するか」でLP02が満たせる,LP設計コア,T1 コア
171,asd 国語 得意,50,N24,外す（探索）,特性と学力の関係を知りたい情報意図（できる・得意・学力）。対処法が最初のニーズではない,低CPC探索,T1 コア
172,asd 国語 苦手,90,N24,残す,最初の答えが「特性のある子の学習のつまずきにどう対応するか」でLP02が満たせる,LP設計コア,T1 コア
173,asd 学習,20,N24,残す,最初の答えが「特性のある子の学習のつまずきにどう対応するか」でLP02が満たせる,LP設計コア,T1 コア
174,asd 学習 方法,20,N24,残す,最初の答えが「特性のある子の学習のつまずきにどう対応するか」でLP02が満たせる,LP設計コア,T1 コア
175,asd 宿題,10,N24,残す,最初の答えが「特性のある子の学習のつまずきにどう対応するか」でLP02が満たせる,LP設計コア,T1 コア
176,asd 数学 苦手,70,N24,残す,最初の答えが「特性のある子の学習のつまずきにどう対応するか」でLP02が満たせる,LP設計コア,T1 コア
177,asd 文章 苦手,40,N24,外す（探索）,「苦手」だが子ども・教科・学習の語がない（大人の当事者の可能性が高い）,低CPC探索,T1 コア
178,asd 暗記,10,N24,残す,最初の答えが「特性のある子の学習のつまずきにどう対応するか」でLP02が満たせる,LP設計コア,T1 コア
179,asd 漢字,20,N24,残す,最初の答えが「特性のある子の学習のつまずきにどう対応するか」でLP02が満たせる,LP設計コア,T1 コア
180,asd 算数,10,N24,残す,最初の答えが「特性のある子の学習のつまずきにどう対応するか」でLP02が満たせる,LP設計コア,T1 コア
181,asd 苦手,30,N24,外す（REVIEW）,大人・仕事・人間関係の文脈（学習のつまずきではない）,REVIEW,T1 コア
182,asd 英語 苦手,50,N24,残す,最初の答えが「特性のある子の学習のつまずきにどう対応するか」でLP02が満たせる,LP設計コア,T1 コア
183,asd 集中,20,N24,残す,最初の答えが「特性のある子の学習のつまずきにどう対応するか」でLP02が満たせる,LP設計コア,T1 コア
184,知的障害 成績いい,0,N24,外す（探索）,知的障害・境界知能（公式の対象に明示なし→T2）,低CPC探索,T2 探索
185,発達 障害 宿題 に 時間 が かかる,100,N24,残す,最初の答えが「特性のある子の学習のつまずきにどう対応するか」でLP02が満たせる,LP設計コア,T1 コア
186,勉強 は できる けど 発達 障害,50,N24,外す（探索）,特性と学力の関係を知りたい情報意図（できる・得意・学力）。対処法が最初のニーズではない,低CPC探索,T1 コア
187,ld 書く こと が 苦手,10,N24,残す,最初の答えが「特性のある子の学習のつまずきにどう対応するか」でLP02が満たせる,LP設計コア,T1 コア
188,学習 障害 話す こと が 苦手,10,N24,外す（REVIEW）,大人・仕事・人間関係の文脈（学習のつまずきではない）,REVIEW,T1 コア
189,発達 障害 の 中学生 学習 させる に は,10,N24,残す,最初の答えが「特性のある子の学習のつまずきにどう対応するか」でLP02が満たせる,LP設計コア,T1 コア
190,グレー ゾーン の 子ども に 対応 した 算数 ワーク,50,N24,外す（探索）,教材・アプリ・プリント・タブレット探しが最初のニーズ（商品・無料素材の情報）,低CPC探索,T1 コア
191,発達障害の勉強 が したい,20,N24,外す（REVIEW）,勉強会・研修・発達障害について学びたい（支援者側の可能性）,REVIEW,T1 コア
192,勉強 し て も できない 発達 障害,110,N24,残す,最初の答えが「特性のある子の学習のつまずきにどう対応するか」でLP02が満たせる,LP設計コア,T1 コア
193,境界知能 勉強しても無駄,40,N24,外す（探索）,知的障害・境界知能（公式の対象に明示なし→T2）,低CPC探索,T2 探索
194,アスペルガー 勉強 しない,40,N24,残す,最初の答えが「特性のある子の学習のつまずきにどう対応するか」でLP02が満たせる,LP設計コア,T1 コア
195,アスペルガー 宿題 しない,10,N24,残す,最初の答えが「特性のある子の学習のつまずきにどう対応するか」でLP02が満たせる,LP設計コア,T1 コア
196,グレー ゾーン 勉強 しない,0,N24,残す,最初の答えが「特性のある子の学習のつまずきにどう対応するか」でLP02が満たせる,LP設計コア,T1 コア
197,グレー ゾーン 家 で 勉強 しない,0,N24,残す,最初の答えが「特性のある子の学習のつまずきにどう対応するか」でLP02が満たせる,LP設計コア,T1 コア
198,発達 障害 テスト 勉強 しない,0,N24,残す,最初の答えが「特性のある子の学習のつまずきにどう対応するか」でLP02が満たせる,LP設計コア,T1 コア
199,発達障害 不登校 勉強 しない,0,N37,残す,最初の答えが「特性のある子の学習のつまずきにどう対応するか」でLP02が満たせる,LP設計コア,T1 コア
200,勉強 しない 中学生 発達障害 知恵袋,420,N24,残す,最初の答えが「特性のある子の学習のつまずきにどう対応するか」でLP02が満たせる,LP設計コア,T1 コア
201,勉強 しない 中学生 発達 障害,730,N24,残す,最初の答えが「特性のある子の学習のつまずきにどう対応するか」でLP02が満たせる,LP設計コア,T1 コア
202,境界 知能 家 で 勉強 しない,0,N24,外す（探索）,知的障害・境界知能（公式の対象に明示なし→T2）,低CPC探索,T2 探索
203,境界 知能 勉強 しない,0,N24,外す（探索）,知的障害・境界知能（公式の対象に明示なし→T2）,低CPC探索,T2 探索
204,学習 障害 家 で 勉強 しない,0,N24,残す,最初の答えが「特性のある子の学習のつまずきにどう対応するか」でLP02が満たせる,LP設計コア,T1 コア
205,学習 障害 勉強 しない,20,N24,残す,最初の答えが「特性のある子の学習のつまずきにどう対応するか」でLP02が満たせる,LP設計コア,T1 コア
206,発達障害 勉強 しない 将来,140,N24,外す（探索）,将来の見通しが最初のニーズ,低CPC探索,T1 コア
207,発達障害 勉強しない 小学生,0,N24,残す,最初の答えが「特性のある子の学習のつまずきにどう対応するか」でLP02が満たせる,LP設計コア,T1 コア
208,発達 障害 勉強 しない,70,N24,残す,最初の答えが「特性のある子の学習のつまずきにどう対応するか」でLP02が満たせる,LP設計コア,T1 コア
209,発達 障害 高校生 勉強 しない,110,N24,残す,最初の答えが「特性のある子の学習のつまずきにどう対応するか」でLP02が満たせる,LP設計コア,T1 コア
210,自 閉 症 勉強 しない,10,N24,残す,最初の答えが「特性のある子の学習のつまずきにどう対応するか」でLP02が満たせる,LP設計コア,T1 コア
211,発達 障害 学習 しない,10,N24,残す,最初の答えが「特性のある子の学習のつまずきにどう対応するか」でLP02が満たせる,LP設計コア,T1 コア
212,宿題を しない 子 発達障害,0,N24,残す,最初の答えが「特性のある子の学習のつまずきにどう対応するか」でLP02が満たせる,LP設計コア,T1 コア
213,発達 障害 高校生 宿題 しない,10,N24,残す,最初の答えが「特性のある子の学習のつまずきにどう対応するか」でLP02が満たせる,LP設計コア,T1 コア
214,グレー ゾーン 授業 ついていけ ない,0,N24,残す,最初の答えが「特性のある子の学習のつまずきにどう対応するか」でLP02が満たせる,LP設計コア,T1 コア
215,発達 障害 勉強 ついていけ ない 中学生,100,N24,残す,最初の答えが「特性のある子の学習のつまずきにどう対応するか」でLP02が満たせる,LP設計コア,T1 コア
216,発達障害 勉強 ついていけ ない,0,N24,残す,最初の答えが「特性のある子の学習のつまずきにどう対応するか」でLP02が満たせる,LP設計コア,T1 コア
217,境界 知能 授業 ついていけ ない,140,N24,外す（探索）,知的障害・境界知能（公式の対象に明示なし→T2）,低CPC探索,T2 探索
218,学習 障害 授業 ついていけ ない,0,N24,残す,最初の答えが「特性のある子の学習のつまずきにどう対応するか」でLP02が満たせる,LP設計コア,T1 コア
219,アスペルガー 勉強 できない,30,N24,残す,最初の答えが「特性のある子の学習のつまずきにどう対応するか」でLP02が満たせる,LP設計コア,T1 コア
220,アスペルガー 症候群 勉強 できない,10,N24,残す,最初の答えが「特性のある子の学習のつまずきにどう対応するか」でLP02が満たせる,LP設計コア,T1 コア
221,アスペルガー 集中 できない,10,N24,外す（探索）,「集中」だが子ども・学習の語がない（大人の当事者の可能性が高い）,低CPC探索,T1 コア
222,グレー ゾーン 勉強 できない,40,N24,残す,最初の答えが「特性のある子の学習のつまずきにどう対応するか」でLP02が満たせる,LP設計コア,T1 コア
223,発達 障害 グレー ゾーン 勉強 できない,10,N24,残す,最初の答えが「特性のある子の学習のつまずきにどう対応するか」でLP02が満たせる,LP設計コア,T1 コア
224,グレー ゾーン 集中 できない,0,N24,外す（探索）,「集中」だが子ども・学習の語がない（大人の当事者の可能性が高い）,低CPC探索,T1 コア
225,発達 障害 テスト 勉強 できない,0,N24,残す,最初の答えが「特性のある子の学習のつまずきにどう対応するか」でLP02が満たせる,LP設計コア,T1 コア
226,授業中 集中できない 発達障害,0,N24,残す,最初の答えが「特性のある子の学習のつまずきにどう対応するか」でLP02が満たせる,LP設計コア,T1 コア
227,英語 が 全く できない 中学生 学習 障害,90,N24,残す,最初の答えが「特性のある子の学習のつまずきにどう対応するか」でLP02が満たせる,LP設計コア,T1 コア
228,発達 障害 勉強 できない 中学生,40,N24,残す,最初の答えが「特性のある子の学習のつまずきにどう対応するか」でLP02が満たせる,LP設計コア,T1 コア
229,発達障害 集中できない 子供,0,N24,残す,最初の答えが「特性のある子の学習のつまずきにどう対応するか」でLP02が満たせる,LP設計コア,T1 コア
230,境界知能 勉強 できない 知恵袋,0,N24,外す（探索）,知的障害・境界知能（公式の対象に明示なし→T2）,低CPC探索,T2 探索
231,境界知能 勉強できない,180,N24,外す（探索）,知的障害・境界知能（公式の対象に明示なし→T2）,低CPC探索,T2 探索
232,学習 障害 勉強 できない,20,N24,残す,最初の答えが「特性のある子の学習のつまずきにどう対応するか」でLP02が満たせる,LP設計コア,T1 コア
233,発達 障害 勉強 できない 将来,30,N24,外す（探索）,将来の見通しが最初のニーズ,低CPC探索,T1 コア
234,発達障害 勉強できない 小学生,0,N24,残す,最初の答えが「特性のある子の学習のつまずきにどう対応するか」でLP02が満たせる,LP設計コア,T1 コア
235,発達障害 勉強 できない 知恵袋,0,N24,残す,最初の答えが「特性のある子の学習のつまずきにどう対応するか」でLP02が満たせる,LP設計コア,T1 コア
236,発達 障害 勉強 出来 ない,600,N24,残す,最初の答えが「特性のある子の学習のつまずきにどう対応するか」でLP02が満たせる,LP設計コア,T1 コア
237,発達障害 勉強 集中できない,0,N24,残す,最初の答えが「特性のある子の学習のつまずきにどう対応するか」でLP02が満たせる,LP設計コア,T1 コア
238,発達 障害 勉強 できない 高校生,20,N24,残す,最初の答えが「特性のある子の学習のつまずきにどう対応するか」でLP02が満たせる,LP設計コア,T1 コア
239,勉強 が できない 知 的 障害,20,N24,外す（探索）,知的障害・境界知能（公式の対象に明示なし→T2）,低CPC探索,T2 探索
240,学習 障害 国語 が 出来 ない,10,N24,残す,最初の答えが「特性のある子の学習のつまずきにどう対応するか」でLP02が満たせる,LP設計コア,T1 コア
241,境界知能 算数できない,40,N24,外す（探索）,知的障害・境界知能（公式の対象に明示なし→T2）,低CPC探索,T2 探索
242,境界 知能 集中 できない,0,N24,外す（探索）,知的障害・境界知能（公式の対象に明示なし→T2）,低CPC探索,T2 探索
243,発達 障害 夏休み 宿題 できない,10,N24,残す,最初の答えが「特性のある子の学習のつまずきにどう対応するか」でLP02が満たせる,LP設計コア,T1 コア
244,学習 障害 宿題 が できない,10,N24,残す,最初の答えが「特性のある子の学習のつまずきにどう対応するか」でLP02が満たせる,LP設計コア,T1 コア
245,学習 障害 数学 が できない,30,N24,残す,最初の答えが「特性のある子の学習のつまずきにどう対応するか」でLP02が満たせる,LP設計コア,T1 コア
246,学習 障害 暗記 できない,40,N24,残す,最初の答えが「特性のある子の学習のつまずきにどう対応するか」でLP02が満たせる,LP設計コア,T1 コア
247,算数 が できない 学習 障害,10,N24,残す,最初の答えが「特性のある子の学習のつまずきにどう対応するか」でLP02が満たせる,LP設計コア,T1 コア
248,学習 障害 計算 できない,60,N24,残す,最初の答えが「特性のある子の学習のつまずきにどう対応するか」でLP02が満たせる,LP設計コア,T1 コア
249,学習 障害 集中 できない,20,N24,残す,最初の答えが「特性のある子の学習のつまずきにどう対応するか」でLP02が満たせる,LP設計コア,T1 コア
250,宿題 が できない 発達 障害,240,N24,残す,最初の答えが「特性のある子の学習のつまずきにどう対応するか」でLP02が満たせる,LP設計コア,T1 コア
251,自 閉 症 宿題 が できない,20,N24,残す,最初の答えが「特性のある子の学習のつまずきにどう対応するか」でLP02が満たせる,LP設計コア,T1 コア
252,発達障害 集中できない 対策,0,N24,外す（探索）,「集中」だが子ども・学習の語がない（大人の当事者の可能性が高い）,低CPC探索,T1 コア
253,授業 に 集中 できない 発達 障害,40,N24,残す,最初の答えが「特性のある子の学習のつまずきにどう対応するか」でLP02が満たせる,LP設計コア,T1 コア
254,発達障害 集中できない 薬,0,N24,外す（REVIEW）,薬・医療が最初のニーズ（LP02では答えない。医療系の広告表現にも注意）,REVIEW,T1 コア
255,発達 障害 計算 が できない,90,N24,残す,最初の答えが「特性のある子の学習のつまずきにどう対応するか」でLP02が満たせる,LP設計コア,T1 コア
256,発達 障害 集中 できない,280,N24,外す（探索）,「集中」だが子ども・学習の語がない（大人の当事者の可能性が高い）,低CPC探索,T1 コア
257,自 閉 症 集中 できない,40,N24,外す（探索）,「集中」だが子ども・学習の語がない（大人の当事者の可能性が高い）,低CPC探索,T1 コア
258,発達 障害 勉強 は できる なぜ,0,N24,外す（探索）,特性と学力の関係を知りたい情報意図（できる・得意・学力）。対処法が最初のニーズではない,低CPC探索,T1 コア
259,アスペルガー 勉強 できる,50,N24,外す（探索）,特性と学力の関係を知りたい情報意図（できる・得意・学力）。対処法が最初のニーズではない,低CPC探索,T1 コア
260,アスペルガー 症候群 勉強 できる,20,N24,外す（探索）,特性と学力の関係を知りたい情報意図（できる・得意・学力）。対処法が最初のニーズではない,低CPC探索,T1 コア
261,グレー ゾーン 勉強 できる,20,N24,外す（探索）,特性と学力の関係を知りたい情報意図（できる・得意・学力）。対処法が最初のニーズではない,低CPC探索,T1 コア
262,境界知能 勉強はできる 知恵袋,90,N24,外す（探索）,知的障害・境界知能（公式の対象に明示なし→T2）,低CPC探索,T2 探索
263,境界 知能 勉強 は できる,1240,N24,外す（探索）,知的障害・境界知能（公式の対象に明示なし→T2）,低CPC探索,T2 探索
264,学習 障害 勉強 できる,0,N24,外す（探索）,特性と学力の関係を知りたい情報意図（できる・得意・学力）。対処法が最初のニーズではない,低CPC探索,T1 コア
265,発達障害 小学生 勉強できる,0,N24,外す（探索）,特性と学力の関係を知りたい情報意図（できる・得意・学力）。対処法が最初のニーズではない,低CPC探索,T1 コア
266,発達障害 勉強はできる 知恵袋,220,N24,外す（探索）,特性と学力の関係を知りたい情報意図（できる・得意・学力）。対処法が最初のニーズではない,低CPC探索,T1 コア
267,発達 障害 勉強 は できる,770,N24,外す（探索）,特性と学力の関係を知りたい情報意図（できる・得意・学力）。対処法が最初のニーズではない,低CPC探索,T1 コア
268,自 閉 症 勉強 できる,120,N24,外す（探索）,特性と学力の関係を知りたい情報意図（できる・得意・学力）。対処法が最初のニーズではない,低CPC探索,T1 コア
269,発達障害 宿題 やらない,0,N24,残す,最初の答えが「特性のある子の学習のつまずきにどう対応するか」でLP02が満たせる,LP設計コア,T1 コア
270,英語 の 単語 が 覚え られ ない 発達 障害,10,N24,残す,最初の答えが「特性のある子の学習のつまずきにどう対応するか」でLP02が満たせる,LP設計コア,T1 コア
271,数字 覚え られ ない 学習 障害,20,N24,残す,最初の答えが「特性のある子の学習のつまずきにどう対応するか」でLP02が満たせる,LP設計コア,T1 コア
272,漢字 覚え られ ない 学習 障害,580,N24,残す,最初の答えが「特性のある子の学習のつまずきにどう対応するか」でLP02が満たせる,LP設計コア,T1 コア
273,英 単語 覚え られ ない 学習 障害,20,N24,残す,最初の答えが「特性のある子の学習のつまずきにどう対応するか」でLP02が満たせる,LP設計コア,T1 コア
274,英語 覚え られ ない 学習 障害,10,N24,残す,最初の答えが「特性のある子の学習のつまずきにどう対応するか」でLP02が満たせる,LP設計コア,T1 コア
275,学習 障害 覚え られ ない,30,N24,残す,最初の答えが「特性のある子の学習のつまずきにどう対応するか」でLP02が満たせる,LP設計コア,T1 コア
276,発達 障害 漢字 覚え られ ない,10,N24,残す,最初の答えが「特性のある子の学習のつまずきにどう対応するか」でLP02が満たせる,LP設計コア,T1 コア
277,英 単語 が 覚え られ ない 発達 障害,190,N24,残す,最初の答えが「特性のある子の学習のつまずきにどう対応するか」でLP02が満たせる,LP設計コア,T1 コア
278,ディスレクシア 漢字 が 書け ない,20,N24,残す,最初の答えが「特性のある子の学習のつまずきにどう対応するか」でLP02が満たせる,LP設計コア,T1 コア
279,作文 が 書け ない 発達 障害,170,N24,残す,最初の答えが「特性のある子の学習のつまずきにどう対応するか」でLP02が満たせる,LP設計コア,T1 コア
280,集中 力 が ない 発達 障害,120,N24,外す（探索）,「集中」だが子ども・学習の語がない（大人の当事者の可能性が高い）,低CPC探索,T1 コア
281,勉強 に 興味 が ない 発達 障害,50,N24,残す,最初の答えが「特性のある子の学習のつまずきにどう対応するか」でLP02が満たせる,LP設計コア,T1 コア
282,ld 漢字 が 書け ない,60,N24,残す,最初の答えが「特性のある子の学習のつまずきにどう対応するか」でLP02が満たせる,LP設計コア,T1 コア
283,学習 障害 漢字 が 読め ない,10,N24,残す,最初の答えが「特性のある子の学習のつまずきにどう対応するか」でLP02が満たせる,LP設計コア,T1 コア
284,学習 能力 が ない 発達 障害,140,N24,残す,最初の答えが「特性のある子の学習のつまずきにどう対応するか」でLP02が満たせる,LP設計コア,T1 コア
285,宿題 が 終わら ない 発達 障害,30,N24,残す,最初の答えが「特性のある子の学習のつまずきにどう対応するか」でLP02が満たせる,LP設計コア,T1 コア
286,漢字 が 書け ない 発達 障害,260,N24,残す,最初の答えが「特性のある子の学習のつまずきにどう対応するか」でLP02が満たせる,LP設計コア,T1 コア
287,集中 が 続か ない 発達 障害,10,N24,外す（探索）,「集中」だが子ども・学習の語がない（大人の当事者の可能性が高い）,低CPC探索,T1 コア
288,ディスレクシア ひらがな 覚え 方,40,N24,残す,最初の答えが「特性のある子の学習のつまずきにどう対応するか」でLP02が満たせる,LP設計コア,T1 コア
289,学習 障害 ひらがな 覚え 方,20,N24,残す,最初の答えが「特性のある子の学習のつまずきにどう対応するか」でLP02が満たせる,LP設計コア,T1 コア
290,発達 障害 ひらがな の 覚え 方,210,N24,残す,最初の答えが「特性のある子の学習のつまずきにどう対応するか」でLP02が満たせる,LP設計コア,T1 コア
291,アスペルガー 会議 が 苦手,90,N24,外す（REVIEW）,大人・仕事・人間関係の文脈（学習のつまずきではない）,REVIEW,T1 コア
292,アスペルガー 勉強,30,N24,残す,最初の答えが「特性のある子の学習のつまずきにどう対応するか」でLP02が満たせる,LP設計コア,T1 コア
293,アスペルガー 勉強 嫌い,10,N24,残す,最初の答えが「特性のある子の学習のつまずきにどう対応するか」でLP02が満たせる,LP設計コア,T1 コア
294,アスペルガー 勉強 法,30,N24,残す,最初の答えが「特性のある子の学習のつまずきにどう対応するか」でLP02が満たせる,LP設計コア,T1 コア
295,アスペルガー 症候群 勉強 方法,10,N24,残す,最初の答えが「特性のある子の学習のつまずきにどう対応するか」でLP02が満たせる,LP設計コア,T1 コア
296,アスペルガー 勉強 苦手,10,N24,残す,最初の答えが「特性のある子の学習のつまずきにどう対応するか」でLP02が満たせる,LP設計コア,T1 コア
297,アスペルガー 国語が苦手,110,N24,残す,最初の答えが「特性のある子の学習のつまずきにどう対応するか」でLP02が満たせる,LP設計コア,T1 コア
298,アスペルガー 学力,20,N24,外す（探索）,特性と学力の関係を知りたい情報意図（できる・得意・学力）。対処法が最初のニーズではない,低CPC探索,T1 コア
299,アスペルガー 学習,10,N24,残す,最初の答えが「特性のある子の学習のつまずきにどう対応するか」でLP02が満たせる,LP設計コア,T1 コア
300,アスペルガー 学習 方法,10,N24,残す,最初の答えが「特性のある子の学習のつまずきにどう対応するか」でLP02が満たせる,LP設計コア,T1 コア
301,アスペルガー 学習 能力,10,N24,外す（探索）,特性と学力の関係を知りたい情報意図（できる・得意・学力）。対処法が最初のニーズではない,低CPC探索,T1 コア
302,アスペルガー 漢字 苦手,10,N24,残す,最初の答えが「特性のある子の学習のつまずきにどう対応するか」でLP02が満たせる,LP設計コア,T1 コア
303,アスペルガー 苦手,10,N24,外す（REVIEW）,大人・仕事・人間関係の文脈（学習のつまずきではない）,REVIEW,T1 コア
304,発達障害 勉強 アプリ,0,N24,外す（探索）,教材・アプリ・プリント・タブレット探しが最初のニーズ（商品・無料素材の情報）,低CPC探索,T1 コア
305,ld 漢字 アプリ,10,N24,外す（探索）,教材・アプリ・プリント・タブレット探しが最初のニーズ（商品・無料素材の情報）,低CPC探索,T1 コア
306,発達 障害 学習 アプリ,10,N24,外す（探索）,教材・アプリ・プリント・タブレット探しが最初のニーズ（商品・無料素材の情報）,低CPC探索,T1 コア
307,知 的 障害 学習 アプリ,20,N24,外す（探索）,知的障害・境界知能（公式の対象に明示なし→T2）,低CPC探索,T2 探索
308,学習 障害 算数 アプリ,10,N24,外す（探索）,教材・アプリ・プリント・タブレット探しが最初のニーズ（商品・無料素材の情報）,低CPC探索,T1 コア
309,発達障害 勉強 教える イライラ,10,N22a,残す,最初の答えが「特性のある子の学習のつまずきにどう対応するか」でLP02が満たせる,LP設計コア,T1 コア
310,発達障害 勉強 イライラ,0,N22a,残す,最初の答えが「特性のある子の学習のつまずきにどう対応するか」でLP02が満たせる,LP設計コア,T1 コア
311,グレー ゾーン 算数 ワーク,20,N24,外す（探索）,教材・アプリ・プリント・タブレット探しが最初のニーズ（商品・無料素材の情報）,低CPC探索,T1 コア
312,グレーゾーン 中学生 不登校,0,N37,残す,最初の答えが「特性のある子の学習のつまずきにどう対応するか」でLP02が満たせる,LP設計コア,T1 コア
313,グレーゾーン 中学生 勉強,0,N24,残す,最初の答えが「特性のある子の学習のつまずきにどう対応するか」でLP02が満たせる,LP設計コア,T1 コア
314,グレー ゾーン 中学生 勉強 方法,60,N24,残す,最初の答えが「特性のある子の学習のつまずきにどう対応するか」でLP02が満たせる,LP設計コア,T1 コア
315,発達 障害 グレー ゾーン 中学生 勉強,90,N24,残す,最初の答えが「特性のある子の学習のつまずきにどう対応するか」でLP02が満たせる,LP設計コア,T1 コア
316,グレー ゾーン 勉強,20,N24,残す,最初の答えが「特性のある子の学習のつまずきにどう対応するか」でLP02が満たせる,LP設計コア,T1 コア
317,グレー ゾーン 勉強 遅れ 取り戻す,0,N24,残す,最初の答えが「特性のある子の学習のつまずきにどう対応するか」でLP02が満たせる,LP設計コア,T1 コア
318,グレー ゾーン 勉強 方法,40,N24,残す,最初の答えが「特性のある子の学習のつまずきにどう対応するか」でLP02が満たせる,LP設計コア,T1 コア
319,発達 障害 グレー ゾーン 勉強 法,10,N24,残す,最初の答えが「特性のある子の学習のつまずきにどう対応するか」でLP02が満たせる,LP設計コア,T1 コア
320,グレー ゾーン 学習,0,N24,残す,最初の答えが「特性のある子の学習のつまずきにどう対応するか」でLP02が満たせる,LP設計コア,T1 コア
321,グレー ゾーン 算数,40,N24,残す,最初の答えが「特性のある子の学習のつまずきにどう対応するか」でLP02が満たせる,LP設計コア,T1 コア
322,グレー ゾーン 読み書き,0,N24,残す,最初の答えが「特性のある子の学習のつまずきにどう対応するか」でLP02が満たせる,LP設計コア,T1 コア
323,発達 グレー 勉強,0,N24,残す,最初の答えが「特性のある子の学習のつまずきにどう対応するか」でLP02が満たせる,LP設計コア,T1 コア
324,発達障害 ゲーム 苦手,0,N24,外す（REVIEW）,大人・仕事・人間関係の文脈（学習のつまずきではない）,REVIEW,T1 コア
325,自閉症 ゲーム 苦手,0,N24,外す（REVIEW）,大人・仕事・人間関係の文脈（学習のつまずきではない）,REVIEW,T1 コア
326,発達障害 タブレット学習 ベネッセ,20,N24,外す（探索）,教材・アプリ・プリント・タブレット探しが最初のニーズ（商品・無料素材の情報）,低CPC探索,T1 コア
327,発達 障害 タブレット 学習 中学生,60,N24,外す（探索）,教材・アプリ・プリント・タブレット探しが最初のニーズ（商品・無料素材の情報）,低CPC探索,T1 コア
328,発達 障害 タブレット 学習 小学生,20,N24,外す（探索）,教材・アプリ・プリント・タブレット探しが最初のニーズ（商品・無料素材の情報）,低CPC探索,T1 コア
329,発達 障害 タブレット 学習 無料,60,N24,外す（探索）,教材・アプリ・プリント・タブレット探しが最初のニーズ（商品・無料素材の情報）,低CPC探索,T1 コア
330,タブレット 学習 発達 障害,520,N24,外す（探索）,教材・アプリ・プリント・タブレット探しが最初のニーズ（商品・無料素材の情報）,低CPC探索,T1 コア
331,学習 障害 タブレット 学習,50,N24,外す（探索）,教材・アプリ・プリント・タブレット探しが最初のニーズ（商品・無料素材の情報）,低CPC探索,T1 コア
332,発達 障害 タブレット 教材,10,N24,外す（探索）,教材・アプリ・プリント・タブレット探しが最初のニーズ（商品・無料素材の情報）,低CPC探索,T1 コア
333,読み書き 障害 タブレット,10,N24,外す（探索）,教材・アプリ・プリント・タブレット探しが最初のニーズ（商品・無料素材の情報）,低CPC探索,T1 コア
334,学習 障害 タブレット アプリ,10,N24,外す（探索）,教材・アプリ・プリント・タブレット探しが最初のニーズ（商品・無料素材の情報）,低CPC探索,T1 コア
335,発達 障害 中学生 テスト 勉強,0,N24,残す,最初の答えが「特性のある子の学習のつまずきにどう対応するか」でLP02が満たせる,LP設計コア,T1 コア
336,発達 障害 テスト 勉強,10,N24,残す,最初の答えが「特性のある子の学習のつまずきにどう対応するか」でLP02が満たせる,LP設計コア,T1 コア
337,定期 テスト 対策 発達 障害,0,N24,残す,最初の答えが「特性のある子の学習のつまずきにどう対応するか」でLP02が満たせる,LP設計コア,T1 コア
338,ディスレクシア 勉強,10,N24,残す,最初の答えが「特性のある子の学習のつまずきにどう対応するか」でLP02が満たせる,LP設計コア,T1 コア
339,ディスレクシア 勉強 方法,220,N24,残す,最初の答えが「特性のある子の学習のつまずきにどう対応するか」でLP02が満たせる,LP設計コア,T1 コア
340,ディスレクシア 英語 勉強 法,80,N24,残す,最初の答えが「特性のある子の学習のつまずきにどう対応するか」でLP02が満たせる,LP設計コア,T1 コア
341,ディスレクシア 国語,10,N24,残す,最初の答えが「特性のある子の学習のつまずきにどう対応するか」でLP02が満たせる,LP設計コア,T1 コア
342,ディスレクシア 学習,10,N24,残す,最初の答えが「特性のある子の学習のつまずきにどう対応するか」でLP02が満たせる,LP設計コア,T1 コア
343,限局 性 学習 症 ディスレクシア,10,N24,外す（探索）,診断・特徴の確認（「発達障害かどうか」「特徴」）が最初のニーズ,低CPC探索,T1 コア
344,ディスレクシア 学習 方法,30,N24,残す,最初の答えが「特性のある子の学習のつまずきにどう対応するか」でLP02が満たせる,LP設計コア,T1 コア
345,ディスレクシア 英語 学習,20,N24,残す,最初の答えが「特性のある子の学習のつまずきにどう対応するか」でLP02が満たせる,LP設計コア,T1 コア
346,発達 性 ディスレクシア 漢字,10,N24,残す,最初の答えが「特性のある子の学習のつまずきにどう対応するか」でLP02が満たせる,LP設計コア,T1 コア
347,ディスレクシア 教え 方,20,N22a,残す,最初の答えが「特性のある子の学習のつまずきにどう対応するか」でLP02が満たせる,LP設計コア,T1 コア
348,ディスレクシア 英語 教え 方,10,N22a,残す,最初の答えが「特性のある子の学習のつまずきにどう対応するか」でLP02が満たせる,LP設計コア,T1 コア
349,ディスレクシア 教材,70,N24,外す（探索）,教材・アプリ・プリント・タブレット探しが最初のニーズ（商品・無料素材の情報）,低CPC探索,T1 コア
350,ディスレクシア 数学,20,N24,残す,最初の答えが「特性のある子の学習のつまずきにどう対応するか」でLP02が満たせる,LP設計コア,T1 コア
351,ディスレクシア 漢字,500,N24,残す,最初の答えが「特性のある子の学習のつまずきにどう対応するか」でLP02が満たせる,LP設計コア,T1 コア
352,ディスレクシア 算数,30,N24,残す,最初の答えが「特性のある子の学習のつまずきにどう対応するか」でLP02が満たせる,LP設計コア,T1 コア
353,ディスレクシア 計算,10,N24,残す,最初の答えが「特性のある子の学習のつまずきにどう対応するか」でLP02が満たせる,LP設計コア,T1 コア
354,ディスレクシア 読み書き,10,N24,残す,最初の答えが「特性のある子の学習のつまずきにどう対応するか」でLP02が満たせる,LP設計コア,T1 コア
355,ディスレクシア 音読,30,N24,残す,最初の答えが「特性のある子の学習のつまずきにどう対応するか」でLP02が満たせる,LP設計コア,T1 コア
356,ディスレクシア タブレット,10,N24,外す（探索）,教材・アプリ・プリント・タブレット探しが最初のニーズ（商品・無料素材の情報）,低CPC探索,T1 コア
357,不登校 発達障害 小学生 ブログ,0,N37,残す,最初の答えが「特性のある子の学習のつまずきにどう対応するか」でLP02が満たせる,LP設計コア,T1 コア
358,発達障害 英語 学習法 ブログ,20,N24,残す,最初の答えが「特性のある子の学習のつまずきにどう対応するか」でLP02が満たせる,LP設計コア,T1 コア
359,発達 障害 児 学習 プリント,10,N24,外す（探索）,教材・アプリ・プリント・タブレット探しが最初のニーズ（商品・無料素材の情報）,低CPC探索,T1 コア
360,発達 障害 国語 プリント,20,N24,外す（探索）,教材・アプリ・プリント・タブレット探しが最初のニーズ（商品・無料素材の情報）,低CPC探索,T1 コア
361,発達 障害 学習 プリント,50,N24,外す（探索）,教材・アプリ・プリント・タブレット探しが最初のニーズ（商品・無料素材の情報）,低CPC探索,T1 コア
362,発達 障害 教材 プリント,10,N24,外す（探索）,教材・アプリ・プリント・タブレット探しが最初のニーズ（商品・無料素材の情報）,低CPC探索,T1 コア
363,学習障害 不登校 中学,0,N37,残す,最初の答えが「特性のある子の学習のつまずきにどう対応するか」でLP02が満たせる,LP設計コア,T1 コア
364,境界知能 中学生 不登校,0,N37,外す（探索）,知的障害・境界知能（公式の対象に明示なし→T2）,低CPC探索,T2 探索
365,発達 障害 不 登校 中学生,70,N37,残す,最初の答えが「特性のある子の学習のつまずきにどう対応するか」でLP02が満たせる,LP設計コア,T1 コア
366,発達障害 不登校 勉強,0,N37,残す,最初の答えが「特性のある子の学習のつまずきにどう対応するか」でLP02が満たせる,LP設計コア,T1 コア
367,学習障害 不登校 原因,0,N37,外す（探索）,診断・特徴の確認（「発達障害かどうか」「特徴」）が最初のニーズ,低CPC探索,T1 コア
368,学習障害 不登校 小学生,0,N37,残す,最初の答えが「特性のある子の学習のつまずきにどう対応するか」でLP02が満たせる,LP設計コア,T1 コア
369,学習障害 不登校,0,N37,残す,最初の答えが「特性のある子の学習のつまずきにどう対応するか」でLP02が満たせる,LP設計コア,T1 コア
370,発達障害 不登校 小学生,0,N37,残す,最初の答えが「特性のある子の学習のつまずきにどう対応するか」でLP02が満たせる,LP設計コア,T1 コア
371,自閉症 不登校 小学生,0,N37,残す,最初の答えが「特性のある子の学習のつまずきにどう対応するか」でLP02が満たせる,LP設計コア,T1 コア
372,発達 障害 不 登校 高校生,10,N37,残す,最初の答えが「特性のある子の学習のつまずきにどう対応するか」でLP02が満たせる,LP設計コア,T1 コア
373,学習 障害 勉強 法 中学,10,N24,残す,最初の答えが「特性のある子の学習のつまずきにどう対応するか」でLP02が満たせる,LP設計コア,T1 コア
374,発達 障害 中学 勉強,10,N24,残す,最初の答えが「特性のある子の学習のつまずきにどう対応するか」でLP02が満たせる,LP設計コア,T1 コア
375,学習 障害 中学生 勉強 方法,280,N24,残す,最初の答えが「特性のある子の学習のつまずきにどう対応するか」でLP02が満たせる,LP設計コア,T1 コア
376,発達 障害 勉強 方法 中学生,130,N24,残す,最初の答えが「特性のある子の学習のつまずきにどう対応するか」でLP02が満たせる,LP設計コア,T1 コア
377,発達 障害 中学生 勉強,20,N24,残す,最初の答えが「特性のある子の学習のつまずきにどう対応するか」でLP02が満たせる,LP設計コア,T1 コア
378,軽度 知 的 障害 中学生 勉強,30,N24,外す（探索）,知的障害・境界知能（公式の対象に明示なし→T2）,低CPC探索,T2 探索
379,知 的 障害 中学生 勉強,10,N24,外す（探索）,知的障害・境界知能（公式の対象に明示なし→T2）,低CPC探索,T2 探索
380,発達 障害 中学生 家庭 学習,10,N24,残す,最初の答えが「特性のある子の学習のつまずきにどう対応するか」でLP02が満たせる,LP設計コア,T1 コア
381,学習 障害 中学生 数学,10,N24,残す,最初の答えが「特性のある子の学習のつまずきにどう対応するか」でLP02が満たせる,LP設計コア,T1 コア
382,発達 障害 勉強 会,70,N24,外す（REVIEW）,勉強会・研修・発達障害について学びたい（支援者側の可能性）,REVIEW,T1 コア
383,発達 障害 学習 会,10,N24,外す（REVIEW）,勉強会・研修・発達障害について学びたい（支援者側の可能性）,REVIEW,T1 コア
384,境界 知能 勉強 伸ばし 方,0,N24,外す（探索）,知的障害・境界知能（公式の対象に明示なし→T2）,低CPC探索,T2 探索
385,発達 障害 学力 低い,30,N24,外す（探索）,特性と学力の関係を知りたい情報意図（できる・得意・学力）。対処法が最初のニーズではない,低CPC探索,T1 コア
386,発達 障害 視覚 優位 勉強 法,10,N24,残す,最初の答えが「特性のある子の学習のつまずきにどう対応するか」でLP02が満たせる,LP設計コア,T1 コア
387,発達 障害 児 勉強,10,N24,残す,最初の答えが「特性のある子の学習のつまずきにどう対応するか」でLP02が満たせる,LP設計コア,T1 コア
388,発達 障害 児 用 学習 教材 無料,10,N24,外す（探索）,教材・アプリ・プリント・タブレット探しが最初のニーズ（商品・無料素材の情報）,低CPC探索,T1 コア
389,発達 障害 児 用 学習 教材,10,N24,外す（探索）,教材・アプリ・プリント・タブレット探しが最初のニーズ（商品・無料素材の情報）,低CPC探索,T1 コア
390,自 閉 症 児 学習,10,N24,残す,最初の答えが「特性のある子の学習のつまずきにどう対応するか」でLP02が満たせる,LP設計コア,T1 コア
391,国語 読解力 発達障害,0,N24,残す,最初の答えが「特性のある子の学習のつまずきにどう対応するか」でLP02が満たせる,LP設計コア,T1 コア
392,多 動 勉強,10,N24,残す,最初の答えが「特性のある子の学習のつまずきにどう対応するか」でLP02が満たせる,LP設計コア,T1 コア
393,多 動 性 障害 勉強,10,N24,残す,最初の答えが「特性のある子の学習のつまずきにどう対応するか」でLP02が満たせる,LP設計コア,T1 コア
394,多動症 勉強,10,N24,残す,最初の答えが「特性のある子の学習のつまずきにどう対応するか」でLP02が満たせる,LP設計コア,T1 コア
395,境界 知能 勉強 遅れ 取り戻す,0,N24,外す（探索）,知的障害・境界知能（公式の対象に明示なし→T2）,低CPC探索,T2 探索
396,学習 障害 勉強 遅れ 取り戻す,0,N24,残す,最初の答えが「特性のある子の学習のつまずきにどう対応するか」でLP02が満たせる,LP設計コア,T1 コア
397,境界知能 勉強 教え方,0,N22a,外す（探索）,知的障害・境界知能（公式の対象に明示なし→T2）,低CPC探索,T2 探索
398,境界 知能 勉強 方法,110,N24,外す（探索）,知的障害・境界知能（公式の対象に明示なし→T2）,低CPC探索,T2 探索
399,境界知能 勉強 無駄,40,N24,外す（探索）,知的障害・境界知能（公式の対象に明示なし→T2）,低CPC探索,T2 探索
400,境界 知能 勉強,220,N24,外す（探索）,知的障害・境界知能（公式の対象に明示なし→T2）,低CPC探索,T2 探索
401,学習 障害 勉強 嫌い,10,N24,残す,最初の答えが「特性のある子の学習のつまずきにどう対応するか」でLP02が満たせる,LP設計コア,T1 コア
402,発達 障害 勉強 を 嫌がる,10,N24,残す,最初の答えが「特性のある子の学習のつまずきにどう対応するか」でLP02が満たせる,LP設計コア,T1 コア
403,学習 障害 小学生 勉強 法,10,N24,残す,最初の答えが「特性のある子の学習のつまずきにどう対応するか」でLP02が満たせる,LP設計コア,T1 コア
404,ld 勉強 教え 方,20,N22a,残す,最初の答えが「特性のある子の学習のつまずきにどう対応するか」でLP02が満たせる,LP設計コア,T1 コア
405,学習 障害 算数 勉強 の 仕方,10,N24,残す,最初の答えが「特性のある子の学習のつまずきにどう対応するか」でLP02が満たせる,LP設計コア,T1 コア
406,学習 障害 英語 勉強 法,50,N24,残す,最初の答えが「特性のある子の学習のつまずきにどう対応するか」でLP02が満たせる,LP設計コア,T1 コア
407,学習 障害 勉強 の 仕方,340,N24,残す,最初の答えが「特性のある子の学習のつまずきにどう対応するか」でLP02が満たせる,LP設計コア,T1 コア
408,学習 障害 勉強,30,N24,残す,最初の答えが「特性のある子の学習のつまずきにどう対応するか」でLP02が満たせる,LP設計コア,T1 コア
409,発達障害 小学生 勉強方法,0,N24,残す,最初の答えが「特性のある子の学習のつまずきにどう対応するか」でLP02が満たせる,LP設計コア,T1 コア
410,発達障害 小学生 勉強,0,N24,残す,最初の答えが「特性のある子の学習のつまずきにどう対応するか」でLP02が満たせる,LP設計コア,T1 コア
411,発達 障害 勉強 得意,10,N24,外す（探索）,特性と学力の関係を知りたい情報意図（できる・得意・学力）。対処法が最初のニーズではない,低CPC探索,T1 コア
412,発達 障害 勉強 教え 方,110,N22a,残す,最初の答えが「特性のある子の学習のつまずきにどう対応するか」でLP02が満たせる,LP設計コア,T1 コア
413,知 的 障害 勉強 教え 方,40,N22a,外す（探索）,知的障害・境界知能（公式の対象に明示なし→T2）,低CPC探索,T2 探索
414,発達 障害 の 子 に 勉強 を 教える,10,N22a,残す,最初の答えが「特性のある子の学習のつまずきにどう対応するか」でLP02が満たせる,LP設計コア,T1 コア
415,注意 欠陥 障害 勉強 方法,10,N24,残す,最初の答えが「特性のある子の学習のつまずきにどう対応するか」でLP02が満たせる,LP設計コア,T1 コア
416,注意 欠陥 障害 勉強,10,N24,残す,最初の答えが「特性のある子の学習のつまずきにどう対応するか」でLP02が満たせる,LP設計コア,T1 コア
417,発達 障害 英語 勉強 法,20,N24,残す,最初の答えが「特性のある子の学習のつまずきにどう対応するか」でLP02が満たせる,LP設計コア,T1 コア
418,発達 障害 勉強 方法,240,N24,残す,最初の答えが「特性のある子の学習のつまずきにどう対応するか」でLP02が満たせる,LP設計コア,T1 コア
419,発達 障害 高校生 勉強 法,20,N24,残す,最初の答えが「特性のある子の学習のつまずきにどう対応するか」でLP02が満たせる,LP設計コア,T1 コア
420,知 的 障害 者 勉強 方法,10,N24,外す（探索）,知的障害・境界知能（公式の対象に明示なし→T2）,低CPC探索,T2 探索
421,知 的 障害 勉強 法,60,N24,外す（探索）,知的障害・境界知能（公式の対象に明示なし→T2）,低CPC探索,T2 探索
422,読み書き 障害 勉強 法,10,N24,残す,最初の答えが「特性のある子の学習のつまずきにどう対応するか」でLP02が満たせる,LP設計コア,T1 コア
423,識字 障害 勉強 法,10,N24,残す,最初の答えが「特性のある子の学習のつまずきにどう対応するか」でLP02が満たせる,LP設計コア,T1 コア
424,勉強 が 苦手 発達 障害,10,N24,残す,最初の答えが「特性のある子の学習のつまずきにどう対応するか」でLP02が満たせる,LP設計コア,T1 コア
425,発達 障害 英語 勉強,10,N24,残す,最初の答えが「特性のある子の学習のつまずきにどう対応するか」でLP02が満たせる,LP設計コア,T1 コア
426,発達 障害 勉強,640,N24,残す,最初の答えが「特性のある子の学習のつまずきにどう対応するか」でLP02が満たせる,LP設計コア,T1 コア
427,発達 障害 高校生 勉強,10,N24,残す,最初の答えが「特性のある子の学習のつまずきにどう対応するか」でLP02が満たせる,LP設計コア,T1 コア
428,発達 障害 向け 教材,20,N24,外す（探索）,教材・アプリ・プリント・タブレット探しが最初のニーズ（商品・無料素材の情報）,低CPC探索,T1 コア
429,図形 が 苦手 発達 障害,210,N24,残す,最初の答えが「特性のある子の学習のつまずきにどう対応するか」でLP02が満たせる,LP設計コア,T1 コア
430,学習 障害 国語 教え 方,10,N22a,残す,最初の答えが「特性のある子の学習のつまずきにどう対応するか」でLP02が満たせる,LP設計コア,T1 コア
431,国語 学習 障害,110,N24,残す,最初の答えが「特性のある子の学習のつまずきにどう対応するか」でLP02が満たせる,LP設計コア,T1 コア
432,発達障害 国語 得意,0,N24,外す（探索）,特性と学力の関係を知りたい情報意図（できる・得意・学力）。対処法が最初のニーズではない,低CPC探索,T1 コア
433,発達 障害 国語 教え 方,0,N22a,残す,最初の答えが「特性のある子の学習のつまずきにどう対応するか」でLP02が満たせる,LP設計コア,T1 コア
434,発達障害 国語 苦手,70,N24,残す,最初の答えが「特性のある子の学習のつまずきにどう対応するか」でLP02が満たせる,LP設計コア,T1 コア
435,境界 知能 学力,140,N24,外す（探索）,知的障害・境界知能（公式の対象に明示なし→T2）,低CPC探索,T2 探索
436,境界 知能 や 限局 性 学習 症,0,N24,外す（探索）,知的障害・境界知能（公式の対象に明示なし→T2）,低CPC探索,T2 探索
437,境界知能 学習 方法,20,N24,外す（探索）,知的障害・境界知能（公式の対象に明示なし→T2）,低CPC探索,T2 探索
438,境界知能 算数得意,0,N24,外す（探索）,知的障害・境界知能（公式の対象に明示なし→T2）,低CPC探索,T2 探索
439,境界知能 成績が良い,90,N24,外す（探索）,知的障害・境界知能（公式の対象に明示なし→T2）,低CPC探索,T2 探索
440,境界知能 算数 教え方,0,N22a,外す（探索）,知的障害・境界知能（公式の対象に明示なし→T2）,低CPC探索,T2 探索
441,境界 知能 算数,60,N24,外す（探索）,知的障害・境界知能（公式の対象に明示なし→T2）,低CPC探索,T2 探索
442,境界 知能 読み書き,0,N24,外す（探索）,知的障害・境界知能（公式の対象に明示なし→T2）,低CPC探索,T2 探索
443,発達 障害 夏休み の 宿題,10,N24,残す,最初の答えが「特性のある子の学習のつまずきにどう対応するか」でLP02が満たせる,LP設計コア,T1 コア
444,外国 語 学習 障害,10,N24,外す（探索）,診断・特徴の確認（「発達障害かどうか」「特徴」）が最初のニーズ,低CPC探索,T1 コア
445,書 字 障害 教材,90,N24,外す（探索）,教材・アプリ・プリント・タブレット探しが最初のニーズ（商品・無料素材の情報）,低CPC探索,T1 コア
446,書 字 障害 漢字,170,N24,残す,最初の答えが「特性のある子の学習のつまずきにどう対応するか」でLP02が満たせる,LP設計コア,T1 コア
447,発達 障害 学力,90,N24,外す（探索）,特性と学力の関係を知りたい情報意図（できる・得意・学力）。対処法が最初のニーズではない,低CPC探索,T1 コア
448,発達障害 学力 高い,390,N24,外す（探索）,特性と学力の関係を知りたい情報意図（できる・得意・学力）。対処法が最初のニーズではない,低CPC探索,T1 コア
449,発達 障害 家庭 学習,10,N24,残す,最初の答えが「特性のある子の学習のつまずきにどう対応するか」でLP02が満たせる,LP設計コア,T1 コア
450,知 的 障害 家庭 学習,10,N24,外す（探索）,知的障害・境界知能（公式の対象に明示なし→T2）,低CPC探索,T2 探索
451,学習 障害 家庭 学習,10,N24,残す,最初の答えが「特性のある子の学習のつまずきにどう対応するか」でLP02が満たせる,LP設計コア,T1 コア
452,学習 障害 宿題,10,N24,残す,最初の答えが「特性のある子の学習のつまずきにどう対応するか」でLP02が満たせる,LP設計コア,T1 コア
453,学習 障害 小学生 特徴 算数,10,N24,外す（探索）,診断・特徴の確認（「発達障害かどうか」「特徴」）が最初のニーズ,低CPC探索,T1 コア
454,広汎 性 発達 障害 学習,10,N24,残す,最初の答えが「特性のある子の学習のつまずきにどう対応するか」でLP02が満たせる,LP設計コア,T1 コア
455,ld 限局 性 学習 症,20,N24,外す（探索）,診断・特徴の確認（「発達障害かどうか」「特徴」）が最初のニーズ,低CPC探索,T1 コア
456,ld 漢字 指導 法,10,N24,残す,最初の答えが「特性のある子の学習のつまずきにどう対応するか」でLP02が満たせる,LP設計コア,T1 コア
457,ld 学習 障害 指導 法 読み書き,0,N24,残す,最初の答えが「特性のある子の学習のつまずきにどう対応するか」でLP02が満たせる,LP設計コア,T1 コア
458,学習 障害 推論 苦手,10,N24,残す,最初の答えが「特性のある子の学習のつまずきにどう対応するか」でLP02が満たせる,LP設計コア,T1 コア
459,ld 読み書き 支援,10,N24,残す,最初の答えが「特性のある子の学習のつまずきにどう対応するか」でLP02が満たせる,LP設計コア,T1 コア
460,ld 音読 支援,10,N24,残す,最初の答えが「特性のある子の学習のつまずきにどう対応するか」でLP02が満たせる,LP設計コア,T1 コア
461,ld 数学 教え 方,10,N22a,残す,最初の答えが「特性のある子の学習のつまずきにどう対応するか」でLP02が満たせる,LP設計コア,T1 コア
462,学習 障害 算数 教え 方,30,N22a,残す,最初の答えが「特性のある子の学習のつまずきにどう対応するか」でLP02が満たせる,LP設計コア,T1 コア
463,学習 障害 教え 方,30,N22a,残す,最初の答えが「特性のある子の学習のつまずきにどう対応するか」でLP02が満たせる,LP設計コア,T1 コア
464,発達 障害 学習 教材,20,N24,外す（探索）,教材・アプリ・プリント・タブレット探しが最初のニーズ（商品・無料素材の情報）,低CPC探索,T1 コア
465,学習 障害 教材,120,N24,外す（探索）,教材・アプリ・プリント・タブレット探しが最初のニーズ（商品・無料素材の情報）,低CPC探索,T1 コア
466,ld 数学,40,N24,残す,最初の答えが「特性のある子の学習のつまずきにどう対応するか」でLP02が満たせる,LP設計コア,T1 コア
467,知 的 障害 文字 の 学習,20,N24,外す（探索）,知的障害・境界知能（公式の対象に明示なし→T2）,低CPC探索,T2 探索
468,学習 障害 漢字 覚え 方,350,N24,残す,最初の答えが「特性のある子の学習のつまずきにどう対応するか」でLP02が満たせる,LP設計コア,T1 コア
469,ld 英 単語 覚え 方,10,N24,残す,最初の答えが「特性のある子の学習のつまずきにどう対応するか」でLP02が満たせる,LP設計コア,T1 コア
470,発達 障害 学習 方法,20,N24,残す,最初の答えが「特性のある子の学習のつまずきにどう対応するか」でLP02が満たせる,LP設計コア,T1 コア
471,知 的 障害 学習 方法,10,N24,外す（探索）,知的障害・境界知能（公式の対象に明示なし→T2）,低CPC探索,T2 探索
472,ld 学習 方法,40,N24,残す,最初の答えが「特性のある子の学習のつまずきにどう対応するか」でLP02が満たせる,LP設計コア,T1 コア
473,学習 障害 暗記,10,N24,残す,最初の答えが「特性のある子の学習のつまずきにどう対応するか」でLP02が満たせる,LP設計コア,T1 コア
474,学習 障害 書く の が 苦手,30,N24,残す,最初の答えが「特性のある子の学習のつまずきにどう対応するか」でLP02が満たせる,LP設計コア,T1 コア
475,発達 障害 学習 机,30,N24,外す（探索）,教材・アプリ・プリント・タブレット探しが最初のニーズ（商品・無料素材の情報）,低CPC探索,T1 コア
476,発達 障害 英語 学習 法,10,N24,残す,最初の答えが「特性のある子の学習のつまずきにどう対応するか」でLP02が満たせる,LP設計コア,T1 コア
477,発達 障害 学習 法,10,N24,残す,最初の答えが「特性のある子の学習のつまずきにどう対応するか」でLP02が満たせる,LP設計コア,T1 コア
478,ld 学習 法,10,N24,残す,最初の答えが「特性のある子の学習のつまずきにどう対応するか」でLP02が満たせる,LP設計コア,T1 コア
479,漢字 学習 障害,730,N24,残す,最初の答えが「特性のある子の学習のつまずきにどう対応するか」でLP02が満たせる,LP設計コア,T1 コア
480,学習 障害 算数 特徴,10,N24,外す（探索）,診断・特徴の確認（「発達障害かどうか」「特徴」）が最初のニーズ,低CPC探索,T1 コア
481,発達 障害 学習 能力,10,N24,外す（探索）,特性と学力の関係を知りたい情報意図（できる・得意・学力）。対処法が最初のニーズではない,低CPC探索,T1 コア
482,発達 障害 自宅 学習,20,N24,残す,最初の答えが「特性のある子の学習のつまずきにどう対応するか」でLP02が満たせる,LP設計コア,T1 コア
483,発達 障害 英語 学習,20,N24,残す,最初の答えが「特性のある子の学習のつまずきにどう対応するか」でLP02が満たせる,LP設計コア,T1 コア
484,知 的 障害 自宅 学習,10,N24,外す（探索）,知的障害・境界知能（公式の対象に明示なし→T2）,低CPC探索,T2 探索
485,軽度 知 的 障害 学習,10,N24,外す（探索）,知的障害・境界知能（公式の対象に明示なし→T2）,低CPC探索,T2 探索
486,知 的 障害 学習,80,N24,外す（探索）,知的障害・境界知能（公式の対象に明示なし→T2）,低CPC探索,T2 探索
487,算数 苦手 学習 障害,10,N24,残す,最初の答えが「特性のある子の学習のつまずきにどう対応するか」でLP02が満たせる,LP設計コア,T1 コア
488,学習 障害 算数 診断,10,N24,外す（探索）,診断・特徴の確認（「発達障害かどうか」「特徴」）が最初のニーズ,低CPC探索,T1 コア
489,算数 学習 障害,730,N24,残す,最初の答えが「特性のある子の学習のつまずきにどう対応するか」でLP02が満たせる,LP設計コア,T1 コア
490,学習 障害 自宅 学習,10,N24,残す,最初の答えが「特性のある子の学習のつまずきにどう対応するか」でLP02が満たせる,LP設計コア,T1 コア
491,学習 障害 話す の が 苦手,40,N24,外す（REVIEW）,大人・仕事・人間関係の文脈（学習のつまずきではない）,REVIEW,T1 コア
492,学習 障害 読み 苦手,10,N24,残す,最初の答えが「特性のある子の学習のつまずきにどう対応するか」でLP02が満たせる,LP設計コア,T1 コア
493,学習 障害 読み書き が 苦手,10,N24,残す,最初の答えが「特性のある子の学習のつまずきにどう対応するか」でLP02が満たせる,LP設計コア,T1 コア
494,学習 障害 計算,190,N24,残す,最初の答えが「特性のある子の学習のつまずきにどう対応するか」でLP02が満たせる,LP設計コア,T1 コア
495,学習 障害 読み書き,150,N24,残す,最初の答えが「特性のある子の学習のつまずきにどう対応するか」でLP02が満たせる,LP設計コア,T1 コア
496,ld 音読,10,N24,残す,最初の答えが「特性のある子の学習のつまずきにどう対応するか」でLP02が満たせる,LP設計コア,T1 コア
497,発達障害 宿題 泣き叫ぶ,0,N24,残す,最初の答えが「特性のある子の学習のつまずきにどう対応するか」でLP02が満たせる,LP設計コア,T1 コア
498,発達障害 宿題 癇癪,0,N24,残す,最初の答えが「特性のある子の学習のつまずきにどう対応するか」でLP02が満たせる,LP設計コア,T1 コア
499,発達 障害 小学生 算数,10,N24,残す,最初の答えが「特性のある子の学習のつまずきにどう対応するか」でLP02が満たせる,LP設計コア,T1 コア
500,発達 障害 成績 悪い,40,N24,残す,最初の答えが「特性のある子の学習のつまずきにどう対応するか」でLP02が満たせる,LP設計コア,T1 コア
501,発達 障害 耳 から の 情報 が 苦手,390,N24,外す（探索）,「苦手」だが子ども・教科・学習の語がない（大人の当事者の可能性が高い）,低CPC探索,T1 コア
502,算数 障害 指 で 計算,10,N24,残す,最初の答えが「特性のある子の学習のつまずきにどう対応するか」でLP02が満たせる,LP設計コア,T1 コア
503,発達 障害 支援 教材,10,N24,外す（探索）,教材・アプリ・プリント・タブレット探しが最初のニーズ（商品・無料素材の情報）,低CPC探索,T1 コア
504,発達 障害 数学 教え 方,10,N22a,残す,最初の答えが「特性のある子の学習のつまずきにどう対応するか」でLP02が満たせる,LP設計コア,T1 コア
505,発達 障害 通信 教材,10,N24,外す（探索）,教材・アプリ・プリント・タブレット探しが最初のニーズ（商品・無料素材の情報）,低CPC探索,T1 コア
506,数字 が 苦手 発達 障害,90,N24,外す（探索）,「苦手」だが子ども・教科・学習の語がない（大人の当事者の可能性が高い）,低CPC探索,T1 コア
507,自 閉 症 数学 苦手,20,N24,残す,最初の答えが「特性のある子の学習のつまずきにどう対応するか」でLP02が満たせる,LP設計コア,T1 コア
508,発達 障害 文字 が 苦手,10,N24,残す,最初の答えが「特性のある子の学習のつまずきにどう対応するか」でLP02が満たせる,LP設計コア,T1 コア
509,算数 文章題 苦手 発達障害,0,N24,残す,最初の答えが「特性のある子の学習のつまずきにどう対応するか」でLP02が満たせる,LP設計コア,T1 コア
510,文章 が 苦手 発達 障害,70,N24,外す（探索）,「苦手」だが子ども・教科・学習の語がない（大人の当事者の可能性が高い）,低CPC探索,T1 コア
511,発達 障害 英 単語 覚え 方,40,N24,残す,最初の答えが「特性のある子の学習のつまずきにどう対応するか」でLP02が満たせる,LP設計コア,T1 コア
512,発達障害 相談が苦手,0,N24,外す（REVIEW）,大人・仕事・人間関係の文脈（学習のつまずきではない）,REVIEW,T1 コア
513,発達 障害 苦手 科目,20,N24,外す（探索）,特性と学力の関係を知りたい情報意図（できる・得意・学力）。対処法が最初のニーズではない,低CPC探索,T1 コア
514,発達障害 算数 苦手,0,N24,残す,最初の答えが「特性のある子の学習のつまずきにどう対応するか」でLP02が満たせる,LP設計コア,T1 コア
515,発達 障害 英語 苦手,50,N24,残す,最初の答えが「特性のある子の学習のつまずきにどう対応するか」でLP02が満たせる,LP設計コア,T1 コア
516,覚えるのが苦手 発達障害,0,N24,外す（探索）,「苦手」だが子ども・教科・学習の語がない（大人の当事者の可能性が高い）,低CPC探索,T1 コア
517,計算 が 苦手 発達 障害,110,N24,残す,最初の答えが「特性のある子の学習のつまずきにどう対応するか」でLP02が満たせる,LP設計コア,T1 コア
518,発達障害 語学 が苦手,0,N24,外す（探索）,「苦手」だが子ども・教科・学習の語がない（大人の当事者の可能性が高い）,低CPC探索,T1 コア
519,自閉症 読み書き,0,N24,残す,最初の答えが「特性のある子の学習のつまずきにどう対応するか」でLP02が満たせる,LP設計コア,T1 コア
