訴求群ID,訴求群,代表KW,元KW数,検索Vol,元クラスターID,元クラスター名
G4,親の教え方・関わり,発達 障害 勉強 教え 方,3,110,N22a,発達特性の子への勉強の教え方・親が教えるとぶつかる
G4,親の教え方・関わり,学習 障害 教え 方,2,30,N22a,発達特性の子への勉強の教え方・親が教えるとぶつかる
G4,親の教え方・関わり,学習 障害 算数 教え 方,2,30,N22a,発達特性の子への勉強の教え方・親が教えるとぶつかる
G4,親の教え方・関わり,ld 勉強 教え 方,2,20,N22a,発達特性の子への勉強の教え方・親が教えるとぶつかる
G4,親の教え方・関わり,ディスレクシア 教え 方,1,20,N22a,発達特性の子への勉強の教え方・親が教えるとぶつかる
G4,親の教え方・関わり,adhd 勉強 教え 方,1,10,N22a,発達特性の子への勉強の教え方・親が教えるとぶつかる
G4,親の教え方・関わり,adhd 算数 教え 方,1,10,N22a,発達特性の子への勉強の教え方・親が教えるとぶつかる
G4,親の教え方・関わり,ld 数学 教え 方,1,10,N22a,発達特性の子への勉強の教え方・親が教えるとぶつかる
G4,親の教え方・関わり,ディスレクシア 英語 教え 方,1,10,N22a,発達特性の子への勉強の教え方・親が教えるとぶつかる
G4,親の教え方・関わり,学習 障害 国語 教え 方,1,10,N22a,発達特性の子への勉強の教え方・親が教えるとぶつかる
G4,親の教え方・関わり,発達 障害 の 子 に 勉強 を 教える,1,10,N22a,発達特性の子への勉強の教え方・親が教えるとぶつかる
G4,親の教え方・関わり,発達 障害 数学 教え 方,1,10,N22a,発達特性の子への勉強の教え方・親が教えるとぶつかる
G4,親の教え方・関わり,発達障害 勉強 教える イライラ,1,10,N22a,発達特性の子への勉強の教え方・親が教えるとぶつかる
G4,親の教え方・関わり,発達 障害 国語 教え 方,1,0,N22a,発達特性の子への勉強の教え方・親が教えるとぶつかる
G4,親の教え方・関わり,発達障害 勉強 イライラ,1,0,N22a,発達特性の子への勉強の教え方・親が教えるとぶつかる
G1,勉強法・勉強できない,adhd 勉強 法,5,1090,N24,発達特性×勉強・宿題・集中・読み書き等のつまずき
G1,勉強法・勉強できない,adhd 勉強,2,960,N24,発達特性×勉強・宿題・集中・読み書き等のつまずき
G1,勉強法・勉強できない,adhd 勉強 できない,4,940,N24,発達特性×勉強・宿題・集中・読み書き等のつまずき
G2,宿題・着手・集中,勉強 しない 中学生 発達 障害,6,730,N24,発達特性×勉強・宿題・集中・読み書き等のつまずき
G3,読み書き・教科別のつまずき,漢字 学習 障害,5,730,N24,発達特性×勉強・宿題・集中・読み書き等のつまずき
G3,読み書き・教科別のつまずき,算数 学習 障害,7,730,N24,発達特性×勉強・宿題・集中・読み書き等のつまずき
G1,勉強法・勉強できない,発達 障害 勉強,2,640,N24,発達特性×勉強・宿題・集中・読み書き等のつまずき
G1,勉強法・勉強できない,発達 障害 勉強 出来 ない,5,600,N24,発達特性×勉強・宿題・集中・読み書き等のつまずき
G3,読み書き・教科別のつまずき,漢字 覚え られ ない 学習 障害,6,580,N24,発達特性×勉強・宿題・集中・読み書き等のつまずき
G2,宿題・着手・集中,adhd 宿題 に 取り かかれ ない,3,520,N24,発達特性×勉強・宿題・集中・読み書き等のつまずき
G3,読み書き・教科別のつまずき,ディスレクシア 漢字,2,500,N24,発達特性×勉強・宿題・集中・読み書き等のつまずき
G2,宿題・着手・集中,勉強 しない 中学生 発達障害 知恵袋,2,420,N24,発達特性×勉強・宿題・集中・読み書き等のつまずき
G3,読み書き・教科別のつまずき,学習 障害 漢字 覚え 方,3,350,N24,発達特性×勉強・宿題・集中・読み書き等のつまずき
G1,勉強法・勉強できない,asd 勉強 できない,3,340,N24,発達特性×勉強・宿題・集中・読み書き等のつまずき
G1,勉強法・勉強できない,学習 障害 勉強 の 仕方,9,340,N24,発達特性×勉強・宿題・集中・読み書き等のつまずき
G1,勉強法・勉強できない,学習 障害 中学生 勉強 方法,4,280,N24,発達特性×勉強・宿題・集中・読み書き等のつまずき
G3,読み書き・教科別のつまずき,漢字 が 書け ない 発達 障害,1,260,N24,発達特性×勉強・宿題・集中・読み書き等のつまずき
G2,宿題・着手・集中,宿題 が できない 発達 障害,4,240,N24,発達特性×勉強・宿題・集中・読み書き等のつまずき
G1,勉強法・勉強できない,発達 障害 勉強 方法,6,240,N24,発達特性×勉強・宿題・集中・読み書き等のつまずき
G1,勉強法・勉強できない,adhd 勉強 できない 高校生,2,220,N24,発達特性×勉強・宿題・集中・読み書き等のつまずき
G3,読み書き・教科別のつまずき,ディスレクシア 勉強 方法,2,220,N24,発達特性×勉強・宿題・集中・読み書き等のつまずき
G3,読み書き・教科別のつまずき,図形 が 苦手 発達 障害,1,210,N24,発達特性×勉強・宿題・集中・読み書き等のつまずき
G3,読み書き・教科別のつまずき,発達 障害 ひらがな の 覚え 方,1,210,N24,発達特性×勉強・宿題・集中・読み書き等のつまずき
G3,読み書き・教科別のつまずき,学習 障害 計算,4,190,N24,発達特性×勉強・宿題・集中・読み書き等のつまずき
G3,読み書き・教科別のつまずき,英 単語 が 覚え られ ない 発達 障害,3,190,N24,発達特性×勉強・宿題・集中・読み書き等のつまずき
G3,読み書き・教科別のつまずき,adhd 英語 できない,2,180,N24,発達特性×勉強・宿題・集中・読み書き等のつまずき
G1,勉強法・勉強できない,asd 勉強 法,4,180,N24,発達特性×勉強・宿題・集中・読み書き等のつまずき
G2,宿題・着手・集中,adhd 勉強 集中 できない,3,170,N24,発達特性×勉強・宿題・集中・読み書き等のつまずき
G3,読み書き・教科別のつまずき,adhd 国語 苦手,1,170,N24,発達特性×勉強・宿題・集中・読み書き等のつまずき
G3,読み書き・教科別のつまずき,作文 が 書け ない 発達 障害,1,170,N24,発達特性×勉強・宿題・集中・読み書き等のつまずき
G3,読み書き・教科別のつまずき,書 字 障害 漢字,1,170,N24,発達特性×勉強・宿題・集中・読み書き等のつまずき
G3,読み書き・教科別のつまずき,学習 障害 読み書き,5,150,N24,発達特性×勉強・宿題・集中・読み書き等のつまずき
G1,勉強法・勉強できない,学習 能力 が ない 発達 障害,1,140,N24,発達特性×勉強・宿題・集中・読み書き等のつまずき
G1,勉強法・勉強できない,adhd 勉強 法 中学生,6,130,N24,発達特性×勉強・宿題・集中・読み書き等のつまずき
G1,勉強法・勉強できない,発達 障害 勉強 方法 中学生,5,130,N24,発達特性×勉強・宿題・集中・読み書き等のつまずき
G1,勉強法・勉強できない,adhd 勉強 できない 中学生,1,110,N24,発達特性×勉強・宿題・集中・読み書き等のつまずき
G2,宿題・着手・集中,adhd 宿題 できない,4,110,N24,発達特性×勉強・宿題・集中・読み書き等のつまずき
G1,勉強法・勉強できない,asd 勉強,1,110,N24,発達特性×勉強・宿題・集中・読み書き等のつまずき
G3,読み書き・教科別のつまずき,アスペルガー 国語が苦手,1,110,N24,発達特性×勉強・宿題・集中・読み書き等のつまずき
G1,勉強法・勉強できない,勉強 し て も できない 発達 障害,1,110,N24,発達特性×勉強・宿題・集中・読み書き等のつまずき
G3,読み書き・教科別のつまずき,国語 学習 障害,3,110,N24,発達特性×勉強・宿題・集中・読み書き等のつまずき
G2,宿題・着手・集中,発達 障害 高校生 勉強 しない,1,110,N24,発達特性×勉強・宿題・集中・読み書き等のつまずき
G3,読み書き・教科別のつまずき,計算 が 苦手 発達 障害,2,110,N24,発達特性×勉強・宿題・集中・読み書き等のつまずき
G2,宿題・着手・集中,adhd 中学生 勉強 しない,2,100,N24,発達特性×勉強・宿題・集中・読み書き等のつまずき
G1,勉強法・勉強できない,adhd 中学生 男子 勉強 の 仕方,3,100,N24,発達特性×勉強・宿題・集中・読み書き等のつまずき
G1,勉強法・勉強できない,adhd 勉強 できない 知恵袋,2,100,N24,発達特性×勉強・宿題・集中・読み書き等のつまずき
G1,勉強法・勉強できない,発達 障害 勉強 ついていけ ない 中学生,2,100,N24,発達特性×勉強・宿題・集中・読み書き等のつまずき
G2,宿題・着手・集中,発達 障害 宿題 に 時間 が かかる,2,100,N24,発達特性×勉強・宿題・集中・読み書き等のつまずき
G1,勉強法・勉強できない,adhd 学習 方法,1,90,N24,発達特性×勉強・宿題・集中・読み書き等のつまずき
G3,読み書き・教科別のつまずき,adhd 数学,1,90,N24,発達特性×勉強・宿題・集中・読み書き等のつまずき
G3,読み書き・教科別のつまずき,asd 国語 苦手,1,90,N24,発達特性×勉強・宿題・集中・読み書き等のつまずき
G1,勉強法・勉強できない,発達 障害 グレー ゾーン 中学生 勉強,3,90,N24,発達特性×勉強・宿題・集中・読み書き等のつまずき
G3,読み書き・教科別のつまずき,発達 障害 計算 が できない,1,90,N24,発達特性×勉強・宿題・集中・読み書き等のつまずき
G3,読み書き・教科別のつまずき,英語 が 全く できない 中学生 学習 障害,1,90,N24,発達特性×勉強・宿題・集中・読み書き等のつまずき
G1,勉強法・勉強できない,ADHD 勉強 できない 小学生,2,80,N24,発達特性×勉強・宿題・集中・読み書き等のつまずき
G2,宿題・着手・集中,adhd 宿題,2,80,N24,発達特性×勉強・宿題・集中・読み書き等のつまずき
G3,読み書き・教科別のつまずき,adhd 漢字,2,80,N24,発達特性×勉強・宿題・集中・読み書き等のつまずき
G3,読み書き・教科別のつまずき,ディスレクシア 英語 勉強 法,2,80,N24,発達特性×勉強・宿題・集中・読み書き等のつまずき
G1,勉強法・勉強できない,ADHD 勉強 できない なぜ？,1,70,N24,発達特性×勉強・宿題・集中・読み書き等のつまずき
G1,勉強法・勉強できない,ASD 勉強 できない 知恵袋,2,70,N24,発達特性×勉強・宿題・集中・読み書き等のつまずき
G1,勉強法・勉強できない,Adhd 勉強 できない なぜ,2,70,N24,発達特性×勉強・宿題・集中・読み書き等のつまずき
G3,読み書き・教科別のつまずき,adhd 暗記 苦手,1,70,N24,発達特性×勉強・宿題・集中・読み書き等のつまずき
G3,読み書き・教科別のつまずき,adhd 漢字 が 覚え られ ない,2,70,N24,発達特性×勉強・宿題・集中・読み書き等のつまずき
G3,読み書き・教科別のつまずき,adhd 英語 学習,1,70,N24,発達特性×勉強・宿題・集中・読み書き等のつまずき
G3,読み書き・教科別のつまずき,asd 数学 苦手,1,70,N24,発達特性×勉強・宿題・集中・読み書き等のつまずき
G2,宿題・着手・集中,発達 障害 勉強 しない,2,70,N24,発達特性×勉強・宿題・集中・読み書き等のつまずき
G3,読み書き・教科別のつまずき,発達障害 国語 苦手,1,70,N24,発達特性×勉強・宿題・集中・読み書き等のつまずき
G2,宿題・着手・集中,adhd 宿題 時間 が かかる,3,60,N24,発達特性×勉強・宿題・集中・読み書き等のつまずき
G3,読み書き・教科別のつまずき,ld 漢字 が 書け ない,2,60,N24,発達特性×勉強・宿題・集中・読み書き等のつまずき
G1,勉強法・勉強できない,グレー ゾーン 中学生 勉強 方法,3,60,N24,発達特性×勉強・宿題・集中・読み書き等のつまずき
G3,読み書き・教科別のつまずき,学習 障害 計算 できない,4,60,N24,発達特性×勉強・宿題・集中・読み書き等のつまずき
G2,宿題・着手・集中,adhd 宿題 やら ない,2,50,N24,発達特性×勉強・宿題・集中・読み書き等のつまずき
G3,読み書き・教科別のつまずき,adhd 算数 苦手,1,50,N24,発達特性×勉強・宿題・集中・読み書き等のつまずき
G1,勉強法・勉強できない,asd 勉強 嫌い,1,50,N24,発達特性×勉強・宿題・集中・読み書き等のつまずき
G3,読み書き・教科別のつまずき,asd 英語 苦手,1,50,N24,発達特性×勉強・宿題・集中・読み書き等のつまずき
G1,勉強法・勉強できない,勉強 に 興味 が ない 発達 障害,1,50,N24,発達特性×勉強・宿題・集中・読み書き等のつまずき
G3,読み書き・教科別のつまずき,学習 障害 英語 勉強 法,2,50,N24,発達特性×勉強・宿題・集中・読み書き等のつまずき
G3,読み書き・教科別のつまずき,発達 障害 英語 苦手,3,50,N24,発達特性×勉強・宿題・集中・読み書き等のつまずき
G2,宿題・着手・集中,adhd 勉強 しない,1,40,N24,発達特性×勉強・宿題・集中・読み書き等のつまずき
G1,勉強法・勉強できない,adhd 勉強 続か ない,1,40,N24,発達特性×勉強・宿題・集中・読み書き等のつまずき
G2,宿題・着手・集中,adhd 宿題 しない,1,40,N24,発達特性×勉強・宿題・集中・読み書き等のつまずき
G2,宿題・着手・集中,adhd 宿題に 取り かかれ ない 中学生,1,40,N24,発達特性×勉強・宿題・集中・読み書き等のつまずき
G3,読み書き・教科別のつまずき,adhd 英語 苦手,1,40,N24,発達特性×勉強・宿題・集中・読み書き等のつまずき
G1,勉強法・勉強できない,ld 学習 方法,3,40,N24,発達特性×勉強・宿題・集中・読み書き等のつまずき
G3,読み書き・教科別のつまずき,ld 数学,2,40,N24,発達特性×勉強・宿題・集中・読み書き等のつまずき
G2,宿題・着手・集中,アスペルガー 勉強 しない,1,40,N24,発達特性×勉強・宿題・集中・読み書き等のつまずき
G1,勉強法・勉強できない,グレー ゾーン 勉強 できない,1,40,N24,発達特性×勉強・宿題・集中・読み書き等のつまずき
G1,勉強法・勉強できない,グレー ゾーン 勉強 方法,2,40,N24,発達特性×勉強・宿題・集中・読み書き等のつまずき
G3,読み書き・教科別のつまずき,グレー ゾーン 算数,2,40,N24,発達特性×勉強・宿題・集中・読み書き等のつまずき
G3,読み書き・教科別のつまずき,ディスレクシア ひらがな 覚え 方,1,40,N24,発達特性×勉強・宿題・集中・読み書き等のつまずき
G3,読み書き・教科別のつまずき,学習 障害 暗記 できない,3,40,N24,発達特性×勉強・宿題・集中・読み書き等のつまずき
G2,宿題・着手・集中,授業 に 集中 できない 発達 障害,2,40,N24,発達特性×勉強・宿題・集中・読み書き等のつまずき
G1,勉強法・勉強できない,発達 障害 勉強 できない 中学生,1,40,N24,発達特性×勉強・宿題・集中・読み書き等のつまずき
G1,勉強法・勉強できない,発達 障害 成績 悪い,2,40,N24,発達特性×勉強・宿題・集中・読み書き等のつまずき
G3,読み書き・教科別のつまずき,発達 障害 英 単語 覚え 方,2,40,N24,発達特性×勉強・宿題・集中・読み書き等のつまずき
G1,勉強法・勉強できない,adhd 勉強 法 小学生,2,30,N24,発達特性×勉強・宿題・集中・読み書き等のつまずき
G1,勉強法・勉強できない,adhd 勉強 法 高校生,2,30,N24,発達特性×勉強・宿題・集中・読み書き等のつまずき
G2,宿題・着手・集中,adhd 勉強 集中,1,30,N24,発達特性×勉強・宿題・集中・読み書き等のつまずき
G1,勉強法・勉強できない,adhd 学習,1,30,N24,発達特性×勉強・宿題・集中・読み書き等のつまずき
G3,読み書き・教科別のつまずき,adhd 暗記,1,30,N24,発達特性×勉強・宿題・集中・読み書き等のつまずき
G3,読み書き・教科別のつまずき,adhd 算数,1,30,N24,発達特性×勉強・宿題・集中・読み書き等のつまずき
G3,読み書き・教科別のつまずき,adhd 英 単語 覚え 方,1,30,N24,発達特性×勉強・宿題・集中・読み書き等のつまずき
G1,勉強法・勉強できない,アスペルガー 勉強,1,30,N24,発達特性×勉強・宿題・集中・読み書き等のつまずき
G1,勉強法・勉強できない,アスペルガー 勉強 できない,1,30,N24,発達特性×勉強・宿題・集中・読み書き等のつまずき
G1,勉強法・勉強できない,アスペルガー 勉強 法,3,30,N24,発達特性×勉強・宿題・集中・読み書き等のつまずき
G3,読み書き・教科別のつまずき,ディスレクシア 学習 方法,1,30,N24,発達特性×勉強・宿題・集中・読み書き等のつまずき
G3,読み書き・教科別のつまずき,ディスレクシア 算数,1,30,N24,発達特性×勉強・宿題・集中・読み書き等のつまずき
G3,読み書き・教科別のつまずき,ディスレクシア 音読,1,30,N24,発達特性×勉強・宿題・集中・読み書き等のつまずき
G1,勉強法・勉強できない,学習 障害 勉強,2,30,N24,発達特性×勉強・宿題・集中・読み書き等のつまずき
G3,読み書き・教科別のつまずき,学習 障害 数学 が できない,1,30,N24,発達特性×勉強・宿題・集中・読み書き等のつまずき
G1,勉強法・勉強できない,学習 障害 書く の が 苦手,1,30,N24,発達特性×勉強・宿題・集中・読み書き等のつまずき
G3,読み書き・教科別のつまずき,学習 障害 覚え られ ない,1,30,N24,発達特性×勉強・宿題・集中・読み書き等のつまずき
G2,宿題・着手・集中,宿題 が 終わら ない 発達 障害,1,30,N24,発達特性×勉強・宿題・集中・読み書き等のつまずき
G2,宿題・着手・集中,ADHDの中学生はなぜ勉強しないのか？,2,20,N24,発達特性×勉強・宿題・集中・読み書き等のつまずき
G3,読み書き・教科別のつまずき,adhd カタカナ 苦手,1,20,N24,発達特性×勉強・宿題・集中・読み書き等のつまずき
G1,勉強法・勉強できない,adhd テスト 勉強,1,20,N24,発達特性×勉強・宿題・集中・読み書き等のつまずき
G3,読み書き・教科別のつまずき,adhd 作文,1,20,N24,発達特性×勉強・宿題・集中・読み書き等のつまずき
G1,勉強法・勉強できない,adhd 勉強 嫌い,1,20,N24,発達特性×勉強・宿題・集中・読み書き等のつまずき
G1,勉強法・勉強できない,adhd 勉強 苦手,1,20,N24,発達特性×勉強・宿題・集中・読み書き等のつまずき
G3,読み書き・教科別のつまずき,adhd 国語,1,20,N24,発達特性×勉強・宿題・集中・読み書き等のつまずき
G2,宿題・着手・集中,adhd 宿題 癇癪,2,20,N24,発達特性×勉強・宿題・集中・読み書き等のつまずき
G3,読み書き・教科別のつまずき,adhd 漢字 が 書け ない,1,20,N24,発達特性×勉強・宿題・集中・読み書き等のつまずき
G3,読み書き・教科別のつまずき,adhd 計算,1,20,N24,発達特性×勉強・宿題・集中・読み書き等のつまずき
G3,読み書き・教科別のつまずき,adhd 計算 苦手,1,20,N24,発達特性×勉強・宿題・集中・読み書き等のつまずき
G1,勉強法・勉強できない,adhd 音読 苦手,1,20,N24,発達特性×勉強・宿題・集中・読み書き等のつまずき
G2,宿題・着手・集中,asd 勉強 しない,1,20,N24,発達特性×勉強・宿題・集中・読み書き等のつまずき
G1,勉強法・勉強できない,asd 学習,2,20,N24,発達特性×勉強・宿題・集中・読み書き等のつまずき
G1,勉強法・勉強できない,asd 学習 方法,1,20,N24,発達特性×勉強・宿題・集中・読み書き等のつまずき
G3,読み書き・教科別のつまずき,asd 漢字,1,20,N24,発達特性×勉強・宿題・集中・読み書き等のつまずき
G2,宿題・着手・集中,asd 集中,1,20,N24,発達特性×勉強・宿題・集中・読み書き等のつまずき
G1,勉強法・勉強できない,グレー ゾーン 勉強,1,20,N24,発達特性×勉強・宿題・集中・読み書き等のつまずき
G3,読み書き・教科別のつまずき,ディスレクシア 数学,1,20,N24,発達特性×勉強・宿題・集中・読み書き等のつまずき
G3,読み書き・教科別のつまずき,ディスレクシア 漢字 が 書け ない,1,20,N24,発達特性×勉強・宿題・集中・読み書き等のつまずき
G3,読み書き・教科別のつまずき,ディスレクシア 英語 学習,1,20,N24,発達特性×勉強・宿題・集中・読み書き等のつまずき
G3,読み書き・教科別のつまずき,学習 障害 ひらがな 覚え 方,1,20,N24,発達特性×勉強・宿題・集中・読み書き等のつまずき
G2,宿題・着手・集中,学習 障害 勉強 しない,2,20,N24,発達特性×勉強・宿題・集中・読み書き等のつまずき
G1,勉強法・勉強できない,学習 障害 勉強 できない,1,20,N24,発達特性×勉強・宿題・集中・読み書き等のつまずき
G2,宿題・着手・集中,学習 障害 集中 できない,2,20,N24,発達特性×勉強・宿題・集中・読み書き等のつまずき
G3,読み書き・教科別のつまずき,数字 覚え られ ない 学習 障害,2,20,N24,発達特性×勉強・宿題・集中・読み書き等のつまずき
G1,勉強法・勉強できない,発達 障害 中学生 勉強,2,20,N24,発達特性×勉強・宿題・集中・読み書き等のつまずき
G1,勉強法・勉強できない,発達 障害 勉強 できない 高校生,2,20,N24,発達特性×勉強・宿題・集中・読み書き等のつまずき
G1,勉強法・勉強できない,発達 障害 学習 方法,1,20,N24,発達特性×勉強・宿題・集中・読み書き等のつまずき
G1,勉強法・勉強できない,発達 障害 自宅 学習,1,20,N24,発達特性×勉強・宿題・集中・読み書き等のつまずき
G3,読み書き・教科別のつまずき,発達 障害 英語 勉強 法,1,20,N24,発達特性×勉強・宿題・集中・読み書き等のつまずき
G3,読み書き・教科別のつまずき,発達 障害 英語 学習,1,20,N24,発達特性×勉強・宿題・集中・読み書き等のつまずき
G1,勉強法・勉強できない,発達 障害 高校生 勉強 法,2,20,N24,発達特性×勉強・宿題・集中・読み書き等のつまずき
G3,読み書き・教科別のつまずき,発達障害 英語 学習法 ブログ,1,20,N24,発達特性×勉強・宿題・集中・読み書き等のつまずき
G2,宿題・着手・集中,自 閉 症 宿題 が できない,1,20,N24,発達特性×勉強・宿題・集中・読み書き等のつまずき
G3,読み書き・教科別のつまずき,自 閉 症 数学 苦手,1,20,N24,発達特性×勉強・宿題・集中・読み書き等のつまずき
G3,読み書き・教科別のつまずき,英 単語 覚え られ ない 学習 障害,2,20,N24,発達特性×勉強・宿題・集中・読み書き等のつまずき
G1,勉強法・勉強できない,ADHDに向いている勉強法は？,1,10,N24,発達特性×勉強・宿題・集中・読み書き等のつまずき
G1,勉強法・勉強できない,adhd ながら 勉強,1,10,N24,発達特性×勉強・宿題・集中・読み書き等のつまずき
G2,宿題・着手・集中,adhd やる気 が 出 ない 勉強,1,10,N24,発達特性×勉強・宿題・集中・読み書き等のつまずき
G1,勉強法・勉強できない,adhd 不 注意 優勢 型 勉強,1,10,N24,発達特性×勉強・宿題・集中・読み書き等のつまずき
G1,勉強法・勉強できない,adhd 不 注意 勉強,1,10,N24,発達特性×勉強・宿題・集中・読み書き等のつまずき
G1,勉強法・勉強できない,adhd 中学生 勉強,1,10,N24,発達特性×勉強・宿題・集中・読み書き等のつまずき
G2,宿題・着手・集中,adhd 中学生 宿題,1,10,N24,発達特性×勉強・宿題・集中・読み書き等のつまずき
G3,読み書き・教科別のつまずき,adhd 作文 苦手,1,10,N24,発達特性×勉強・宿題・集中・読み書き等のつまずき
G1,勉強法・勉強できない,adhd 勉強 できない 辛い,1,10,N24,発達特性×勉強・宿題・集中・読み書き等のつまずき
G2,宿題・着手・集中,adhd 勉強 やる気,1,10,N24,発達特性×勉強・宿題・集中・読み書き等のつまずき
G1,勉強法・勉強できない,adhd 勉強 計画,1,10,N24,発達特性×勉強・宿題・集中・読み書き等のつまずき
G2,宿題・着手・集中,adhd 勉強 集中する方法,1,10,N24,発達特性×勉強・宿題・集中・読み書き等のつまずき
G1,勉強法・勉強できない,adhd 学習 法,1,10,N24,発達特性×勉強・宿題・集中・読み書き等のつまずき
G1,勉強法・勉強できない,adhd 家庭 学習,1,10,N24,発達特性×勉強・宿題・集中・読み書き等のつまずき
G2,宿題・着手・集中,adhd 宿題 を させる 方法,1,10,N24,発達特性×勉強・宿題・集中・読み書き等のつまずき
G2,宿題・着手・集中,adhd 宿題 工夫,1,10,N24,発達特性×勉強・宿題・集中・読み書き等のつまずき
G2,宿題・着手・集中,adhd 宿題 終わら ない,1,10,N24,発達特性×勉強・宿題・集中・読み書き等のつまずき
G1,勉強法・勉強できない,adhd 小学生 勉強,1,10,N24,発達特性×勉強・宿題・集中・読み書き等のつまずき
G2,宿題・着手・集中,adhd 小学生 宿題,1,10,N24,発達特性×勉強・宿題・集中・読み書き等のつまずき
G1,勉強法・勉強できない,adhd 自宅 学習,1,10,N24,発達特性×勉強・宿題・集中・読み書き等のつまずき
G3,読み書き・教科別のつまずき,adhd 読み書き,1,10,N24,発達特性×勉強・宿題・集中・読み書き等のつまずき
G2,宿題・着手・集中,adhd 過 集中 勉強,1,10,N24,発達特性×勉強・宿題・集中・読み書き等のつまずき
G1,勉強法・勉強できない,adhd 高校生 勉強,1,10,N24,発達特性×勉強・宿題・集中・読み書き等のつまずき
G1,勉強法・勉強できない,asd 中学生 勉強,1,10,N24,発達特性×勉強・宿題・集中・読み書き等のつまずき
G2,宿題・着手・集中,asd 宿題,1,10,N24,発達特性×勉強・宿題・集中・読み書き等のつまずき
G2,宿題・着手・集中,asd 宿題 しない,1,10,N24,発達特性×勉強・宿題・集中・読み書き等のつまずき
G3,読み書き・教科別のつまずき,asd 暗記,1,10,N24,発達特性×勉強・宿題・集中・読み書き等のつまずき
G3,読み書き・教科別のつまずき,asd 算数,1,10,N24,発達特性×勉強・宿題・集中・読み書き等のつまずき
G1,勉強法・勉強できない,ld 学習 法,1,10,N24,発達特性×勉強・宿題・集中・読み書き等のつまずき
G1,勉強法・勉強できない,ld 書く こと が 苦手,1,10,N24,発達特性×勉強・宿題・集中・読み書き等のつまずき
G3,読み書き・教科別のつまずき,ld 漢字 指導 法,1,10,N24,発達特性×勉強・宿題・集中・読み書き等のつまずき
G3,読み書き・教科別のつまずき,ld 英 単語 覚え 方,1,10,N24,発達特性×勉強・宿題・集中・読み書き等のつまずき
G3,読み書き・教科別のつまずき,ld 読み書き 支援,1,10,N24,発達特性×勉強・宿題・集中・読み書き等のつまずき
G1,勉強法・勉強できない,ld 音読,1,10,N24,発達特性×勉強・宿題・集中・読み書き等のつまずき
G1,勉強法・勉強できない,ld 音読 支援,1,10,N24,発達特性×勉強・宿題・集中・読み書き等のつまずき
G1,勉強法・勉強できない,アスペルガー 勉強 嫌い,1,10,N24,発達特性×勉強・宿題・集中・読み書き等のつまずき
G1,勉強法・勉強できない,アスペルガー 勉強 苦手,1,10,N24,発達特性×勉強・宿題・集中・読み書き等のつまずき
G1,勉強法・勉強できない,アスペルガー 学習,1,10,N24,発達特性×勉強・宿題・集中・読み書き等のつまずき
G1,勉強法・勉強できない,アスペルガー 学習 方法,1,10,N24,発達特性×勉強・宿題・集中・読み書き等のつまずき
G2,宿題・着手・集中,アスペルガー 宿題 しない,1,10,N24,発達特性×勉強・宿題・集中・読み書き等のつまずき
G3,読み書き・教科別のつまずき,アスペルガー 漢字 苦手,1,10,N24,発達特性×勉強・宿題・集中・読み書き等のつまずき
G1,勉強法・勉強できない,アスペルガー 症候群 勉強 できない,1,10,N24,発達特性×勉強・宿題・集中・読み書き等のつまずき
G1,勉強法・勉強できない,アスペルガー 症候群 勉強 方法,1,10,N24,発達特性×勉強・宿題・集中・読み書き等のつまずき
G3,読み書き・教科別のつまずき,ディスレクシア 勉強,1,10,N24,発達特性×勉強・宿題・集中・読み書き等のつまずき
G3,読み書き・教科別のつまずき,ディスレクシア 国語,1,10,N24,発達特性×勉強・宿題・集中・読み書き等のつまずき
G3,読み書き・教科別のつまずき,ディスレクシア 学習,1,10,N24,発達特性×勉強・宿題・集中・読み書き等のつまずき
G3,読み書き・教科別のつまずき,ディスレクシア 計算,1,10,N24,発達特性×勉強・宿題・集中・読み書き等のつまずき
G3,読み書き・教科別のつまずき,ディスレクシア 読み書き,1,10,N24,発達特性×勉強・宿題・集中・読み書き等のつまずき
G1,勉強法・勉強できない,勉強 が 苦手 発達 障害,1,10,N24,発達特性×勉強・宿題・集中・読み書き等のつまずき
G1,勉強法・勉強できない,多 動 勉強,1,10,N24,発達特性×勉強・宿題・集中・読み書き等のつまずき
G1,勉強法・勉強できない,多 動 性 障害 勉強,1,10,N24,発達特性×勉強・宿題・集中・読み書き等のつまずき
G1,勉強法・勉強できない,多動症 勉強,1,10,N24,発達特性×勉強・宿題・集中・読み書き等のつまずき
G3,読み書き・教科別のつまずき,学習 障害 中学生 数学,1,10,N24,発達特性×勉強・宿題・集中・読み書き等のつまずき
G1,勉強法・勉強できない,学習 障害 勉強 嫌い,1,10,N24,発達特性×勉強・宿題・集中・読み書き等のつまずき
G1,勉強法・勉強できない,学習 障害 勉強 法 中学,1,10,N24,発達特性×勉強・宿題・集中・読み書き等のつまずき
G3,読み書き・教科別のつまずき,学習 障害 国語 が 出来 ない,1,10,N24,発達特性×勉強・宿題・集中・読み書き等のつまずき
G1,勉強法・勉強できない,学習 障害 家庭 学習,1,10,N24,発達特性×勉強・宿題・集中・読み書き等のつまずき
G2,宿題・着手・集中,学習 障害 宿題,1,10,N24,発達特性×勉強・宿題・集中・読み書き等のつまずき
G2,宿題・着手・集中,学習 障害 宿題 が できない,1,10,N24,発達特性×勉強・宿題・集中・読み書き等のつまずき
G1,勉強法・勉強できない,学習 障害 小学生 勉強 法,1,10,N24,発達特性×勉強・宿題・集中・読み書き等のつまずき
G1,勉強法・勉強できない,学習 障害 推論 苦手,1,10,N24,発達特性×勉強・宿題・集中・読み書き等のつまずき
G3,読み書き・教科別のつまずき,学習 障害 暗記,1,10,N24,発達特性×勉強・宿題・集中・読み書き等のつまずき
G3,読み書き・教科別のつまずき,学習 障害 漢字 が 読め ない,1,10,N24,発達特性×勉強・宿題・集中・読み書き等のつまずき
G3,読み書き・教科別のつまずき,学習 障害 算数 勉強 の 仕方,1,10,N24,発達特性×勉強・宿題・集中・読み書き等のつまずき
G1,勉強法・勉強できない,学習 障害 自宅 学習,1,10,N24,発達特性×勉強・宿題・集中・読み書き等のつまずき
G3,読み書き・教科別のつまずき,学習 障害 読み 苦手,1,10,N24,発達特性×勉強・宿題・集中・読み書き等のつまずき
G3,読み書き・教科別のつまずき,学習 障害 読み書き が 苦手,1,10,N24,発達特性×勉強・宿題・集中・読み書き等のつまずき
G1,勉強法・勉強できない,広汎 性 発達 障害 学習,1,10,N24,発達特性×勉強・宿題・集中・読み書き等のつまずき
G1,勉強法・勉強できない,注意 欠陥 障害 勉強,1,10,N24,発達特性×勉強・宿題・集中・読み書き等のつまずき
G1,勉強法・勉強できない,注意 欠陥 障害 勉強 方法,1,10,N24,発達特性×勉強・宿題・集中・読み書き等のつまずき
G3,読み書き・教科別のつまずき,発達 性 ディスレクシア 漢字,1,10,N24,発達特性×勉強・宿題・集中・読み書き等のつまずき
G1,勉強法・勉強できない,発達 障害 の 中学生 学習 させる に は,1,10,N24,発達特性×勉強・宿題・集中・読み書き等のつまずき
G1,勉強法・勉強できない,発達 障害 グレー ゾーン 勉強 できない,1,10,N24,発達特性×勉強・宿題・集中・読み書き等のつまずき
G1,勉強法・勉強できない,発達 障害 グレー ゾーン 勉強 法,1,10,N24,発達特性×勉強・宿題・集中・読み書き等のつまずき
G1,勉強法・勉強できない,発達 障害 テスト 勉強,1,10,N24,発達特性×勉強・宿題・集中・読み書き等のつまずき
G1,勉強法・勉強できない,発達 障害 中学 勉強,1,10,N24,発達特性×勉強・宿題・集中・読み書き等のつまずき
G1,勉強法・勉強できない,発達 障害 中学生 家庭 学習,1,10,N24,発達特性×勉強・宿題・集中・読み書き等のつまずき
G1,勉強法・勉強できない,発達 障害 児 勉強,1,10,N24,発達特性×勉強・宿題・集中・読み書き等のつまずき
G1,勉強法・勉強できない,発達 障害 勉強 を 嫌がる,1,10,N24,発達特性×勉強・宿題・集中・読み書き等のつまずき
G2,宿題・着手・集中,発達 障害 夏休み の 宿題,1,10,N24,発達特性×勉強・宿題・集中・読み書き等のつまずき
G2,宿題・着手・集中,発達 障害 夏休み 宿題 できない,1,10,N24,発達特性×勉強・宿題・集中・読み書き等のつまずき
G1,勉強法・勉強できない,発達 障害 学習 しない,1,10,N24,発達特性×勉強・宿題・集中・読み書き等のつまずき
G1,勉強法・勉強できない,発達 障害 学習 法,1,10,N24,発達特性×勉強・宿題・集中・読み書き等のつまずき
G1,勉強法・勉強できない,発達 障害 家庭 学習,1,10,N24,発達特性×勉強・宿題・集中・読み書き等のつまずき
G3,読み書き・教科別のつまずき,発達 障害 小学生 算数,1,10,N24,発達特性×勉強・宿題・集中・読み書き等のつまずき
G1,勉強法・勉強できない,発達 障害 文字 が 苦手,1,10,N24,発達特性×勉強・宿題・集中・読み書き等のつまずき
G3,読み書き・教科別のつまずき,発達 障害 漢字 覚え られ ない,1,10,N24,発達特性×勉強・宿題・集中・読み書き等のつまずき
G3,読み書き・教科別のつまずき,発達 障害 英語 勉強,1,10,N24,発達特性×勉強・宿題・集中・読み書き等のつまずき
G3,読み書き・教科別のつまずき,発達 障害 英語 学習 法,1,10,N24,発達特性×勉強・宿題・集中・読み書き等のつまずき
G1,勉強法・勉強できない,発達 障害 視覚 優位 勉強 法,1,10,N24,発達特性×勉強・宿題・集中・読み書き等のつまずき
G1,勉強法・勉強できない,発達 障害 高校生 勉強,1,10,N24,発達特性×勉強・宿題・集中・読み書き等のつまずき
G2,宿題・着手・集中,発達 障害 高校生 宿題 しない,1,10,N24,発達特性×勉強・宿題・集中・読み書き等のつまずき
G3,読み書き・教科別のつまずき,算数 が できない 学習 障害,1,10,N24,発達特性×勉強・宿題・集中・読み書き等のつまずき
G3,読み書き・教科別のつまずき,算数 苦手 学習 障害,1,10,N24,発達特性×勉強・宿題・集中・読み書き等のつまずき
G3,読み書き・教科別のつまずき,算数 障害 指 で 計算,1,10,N24,発達特性×勉強・宿題・集中・読み書き等のつまずき
G1,勉強法・勉強できない,自 閉 症 児 学習,1,10,N24,発達特性×勉強・宿題・集中・読み書き等のつまずき
G2,宿題・着手・集中,自 閉 症 勉強 しない,1,10,N24,発達特性×勉強・宿題・集中・読み書き等のつまずき
G3,読み書き・教科別のつまずき,英語 の 単語 が 覚え られ ない 発達 障害,1,10,N24,発達特性×勉強・宿題・集中・読み書き等のつまずき
G3,読み書き・教科別のつまずき,英語 覚え られ ない 学習 障害,1,10,N24,発達特性×勉強・宿題・集中・読み書き等のつまずき
G3,読み書き・教科別のつまずき,読み書き 障害 勉強 法,1,10,N24,発達特性×勉強・宿題・集中・読み書き等のつまずき
G1,勉強法・勉強できない,識字 障害 勉強 法,1,10,N24,発達特性×勉強・宿題・集中・読み書き等のつまずき
G2,宿題・着手・集中,ADHDで勉強に集中する方法は？,1,0,N24,発達特性×勉強・宿題・集中・読み書き等のつまずき
G2,宿題・着手・集中,ADHDの中学生が宿題に取りかからないのはなぜですか？,1,0,N24,発達特性×勉強・宿題・集中・読み書き等のつまずき
G2,宿題・着手・集中,ADHDの中学生は勉強に集中できない？,1,0,N24,発達特性×勉強・宿題・集中・読み書き等のつまずき
G1,勉強法・勉強できない,ADHDの小学生は勉強ができないのはなぜですか？,1,0,N24,発達特性×勉強・宿題・集中・読み書き等のつまずき
G1,勉強法・勉強できない,ADHDは授業についていけない？,1,0,N24,発達特性×勉強・宿題・集中・読み書き等のつまずき
G2,宿題・着手・集中,ASDの子どもは宿題をやらないのはなぜ？,1,0,N24,発達特性×勉強・宿題・集中・読み書き等のつまずき
G1,勉強法・勉強できない,adhd asd 勉強 できない,1,0,N24,発達特性×勉強・宿題・集中・読み書き等のつまずき
G1,勉強法・勉強できない,adhd 勉強 できない 中学生 知恵袋,1,0,N24,発達特性×勉強・宿題・集中・読み書き等のつまずき
G1,勉強法・勉強できない,adhd 勉強 できない 高校生 知恵袋,1,0,N24,発達特性×勉強・宿題・集中・読み書き等のつまずき
G2,宿題・着手・集中,adhd 勉強 集中 できない 知恵袋,1,0,N24,発達特性×勉強・宿題・集中・読み書き等のつまずき
G2,宿題・着手・集中,adhd 家 で 勉強 しない,1,0,N24,発達特性×勉強・宿題・集中・読み書き等のつまずき
G2,宿題・着手・集中,adhd 授業 集中する方法,1,0,N24,発達特性×勉強・宿題・集中・読み書き等のつまずき
G2,宿題・着手・集中,asd 勉強 集中 できない,1,0,N24,発達特性×勉強・宿題・集中・読み書き等のつまずき
G3,読み書き・教科別のつまずき,ld 学習 障害 指導 法 読み書き,1,0,N24,発達特性×勉強・宿題・集中・読み書き等のつまずき
G2,宿題・着手・集中,グレー ゾーン 勉強 しない,2,0,N24,発達特性×勉強・宿題・集中・読み書き等のつまずき
G1,勉強法・勉強できない,グレー ゾーン 勉強 遅れ 取り戻す,1,0,N24,発達特性×勉強・宿題・集中・読み書き等のつまずき
G1,勉強法・勉強できない,グレー ゾーン 学習,1,0,N24,発達特性×勉強・宿題・集中・読み書き等のつまずき
G2,宿題・着手・集中,グレー ゾーン 家 で 勉強 しない,1,0,N24,発達特性×勉強・宿題・集中・読み書き等のつまずき
G1,勉強法・勉強できない,グレー ゾーン 授業 ついていけ ない,1,0,N24,発達特性×勉強・宿題・集中・読み書き等のつまずき
G3,読み書き・教科別のつまずき,グレー ゾーン 読み書き,1,0,N24,発達特性×勉強・宿題・集中・読み書き等のつまずき
G1,勉強法・勉強できない,グレーゾーン 中学生 勉強,1,0,N24,発達特性×勉強・宿題・集中・読み書き等のつまずき
G1,勉強法・勉強できない,グレーゾーンの中学生の勉強方法は？,1,0,N24,発達特性×勉強・宿題・集中・読み書き等のつまずき
G3,読み書き・教科別のつまずき,国語 読解力 発達障害,1,0,N24,発達特性×勉強・宿題・集中・読み書き等のつまずき
G1,勉強法・勉強できない,学習 障害 勉強 遅れ 取り戻す,1,0,N24,発達特性×勉強・宿題・集中・読み書き等のつまずき
G2,宿題・着手・集中,学習 障害 家 で 勉強 しない,1,0,N24,発達特性×勉強・宿題・集中・読み書き等のつまずき
G1,勉強法・勉強できない,学習 障害 授業 ついていけ ない,1,0,N24,発達特性×勉強・宿題・集中・読み書き等のつまずき
G1,勉強法・勉強できない,定期 テスト 対策 発達 障害,1,0,N24,発達特性×勉強・宿題・集中・読み書き等のつまずき
G2,宿題・着手・集中,宿題を しない 子 発達障害,1,0,N24,発達特性×勉強・宿題・集中・読み書き等のつまずき
G2,宿題・着手・集中,授業中 集中できない 発達障害,1,0,N24,発達特性×勉強・宿題・集中・読み書き等のつまずき
G1,勉強法・勉強できない,発達 グレー 勉強,1,0,N24,発達特性×勉強・宿題・集中・読み書き等のつまずき
G2,宿題・着手・集中,発達 障害 テスト 勉強 しない,1,0,N24,発達特性×勉強・宿題・集中・読み書き等のつまずき
G1,勉強法・勉強できない,発達 障害 テスト 勉強 できない,1,0,N24,発達特性×勉強・宿題・集中・読み書き等のつまずき
G1,勉強法・勉強できない,発達 障害 中学生 テスト 勉強,1,0,N24,発達特性×勉強・宿題・集中・読み書き等のつまずき
G1,勉強法・勉強できない,発達障害 勉強 ついていけ ない,1,0,N24,発達特性×勉強・宿題・集中・読み書き等のつまずき
G1,勉強法・勉強できない,発達障害 勉強 できない 知恵袋,2,0,N24,発達特性×勉強・宿題・集中・読み書き等のつまずき
G2,宿題・着手・集中,発達障害 勉強 集中できない,1,0,N24,発達特性×勉強・宿題・集中・読み書き等のつまずき
G2,宿題・着手・集中,発達障害 勉強しない 小学生,1,0,N24,発達特性×勉強・宿題・集中・読み書き等のつまずき
G1,勉強法・勉強できない,発達障害 勉強できない 小学生,3,0,N24,発達特性×勉強・宿題・集中・読み書き等のつまずき
G2,宿題・着手・集中,発達障害 宿題 やらない,1,0,N24,発達特性×勉強・宿題・集中・読み書き等のつまずき
G2,宿題・着手・集中,発達障害 宿題 泣き叫ぶ,1,0,N24,発達特性×勉強・宿題・集中・読み書き等のつまずき
G2,宿題・着手・集中,発達障害 宿題 癇癪,1,0,N24,発達特性×勉強・宿題・集中・読み書き等のつまずき
G1,勉強法・勉強できない,発達障害 小学生 勉強,1,0,N24,発達特性×勉強・宿題・集中・読み書き等のつまずき
G1,勉強法・勉強できない,発達障害 小学生 勉強方法,1,0,N24,発達特性×勉強・宿題・集中・読み書き等のつまずき
G3,読み書き・教科別のつまずき,発達障害 算数 苦手,1,0,N24,発達特性×勉強・宿題・集中・読み書き等のつまずき
G2,宿題・着手・集中,発達障害 集中できない 子供,1,0,N24,発達特性×勉強・宿題・集中・読み書き等のつまずき
G3,読み書き・教科別のつまずき,発達障害で算数ができないのは？,1,0,N24,発達特性×勉強・宿題・集中・読み書き等のつまずき
G1,勉強法・勉強できない,発達障害の中学生の勉強法は？,2,0,N24,発達特性×勉強・宿題・集中・読み書き等のつまずき
G3,読み書き・教科別のつまずき,算数 文章題 苦手 発達障害,1,0,N24,発達特性×勉強・宿題・集中・読み書き等のつまずき
G3,読み書き・教科別のつまずき,自閉症 読み書き,1,0,N24,発達特性×勉強・宿題・集中・読み書き等のつまずき
G5,学校に行けない時期の学び,adhd 不 登校 中学生,3,90,N37,発達特性×不登校（学習・家庭教師・遅れ）
G5,学校に行けない時期の学び,adhd 不 登校 小学生,2,80,N37,発達特性×不登校（学習・家庭教師・遅れ）
G5,学校に行けない時期の学び,発達 障害 不 登校 中学生,1,70,N37,発達特性×不登校（学習・家庭教師・遅れ）
G5,学校に行けない時期の学び,adhd 不 登校 高校,2,40,N37,発達特性×不登校（学習・家庭教師・遅れ）
G5,学校に行けない時期の学び,発達 障害 不 登校 高校生,1,10,N37,発達特性×不登校（学習・家庭教師・遅れ）
G5,学校に行けない時期の学び,グレー ゾーン 不 登校 オンライン 家庭 教師,1,0,N37,発達特性×不登校（学習・家庭教師・遅れ）
G5,学校に行けない時期の学び,グレー ゾーン 不 登校 塾,1,0,N37,発達特性×不登校（学習・家庭教師・遅れ）
G5,学校に行けない時期の学び,グレー ゾーン 不 登校 家庭 教師,1,0,N37,発達特性×不登校（学習・家庭教師・遅れ）
G5,学校に行けない時期の学び,グレーゾーン 中学生 不登校,1,0,N37,発達特性×不登校（学習・家庭教師・遅れ）
G5,学校に行けない時期の学び,不登校 発達障害 小学生 ブログ,1,0,N37,発達特性×不登校（学習・家庭教師・遅れ）
G5,学校に行けない時期の学び,学習 障害 不 登校 家庭 教師,1,0,N37,発達特性×不登校（学習・家庭教師・遅れ）
G5,学校に行けない時期の学び,学習障害 不登校,1,0,N37,発達特性×不登校（学習・家庭教師・遅れ）
G5,学校に行けない時期の学び,学習障害 不登校 中学,1,0,N37,発達特性×不登校（学習・家庭教師・遅れ）
G5,学校に行けない時期の学び,学習障害 不登校 小学生,1,0,N37,発達特性×不登校（学習・家庭教師・遅れ）
G5,学校に行けない時期の学び,家庭教師 不登校 発達障害,2,0,N37,発達特性×不登校（学習・家庭教師・遅れ）
G5,学校に行けない時期の学び,発達障害 不登校 勉強,1,0,N37,発達特性×不登校（学習・家庭教師・遅れ）
G5,学校に行けない時期の学び,発達障害 不登校 勉強 しない,1,0,N37,発達特性×不登校（学習・家庭教師・遅れ）
G5,学校に行けない時期の学び,発達障害 不登校 塾,1,0,N37,発達特性×不登校（学習・家庭教師・遅れ）
G5,学校に行けない時期の学び,発達障害 不登校 小学生,1,0,N37,発達特性×不登校（学習・家庭教師・遅れ）
G5,学校に行けない時期の学び,発達障害の中学生が不登校になったらどうすればいいですか？,1,0,N37,発達特性×不登校（学習・家庭教師・遅れ）
G5,学校に行けない時期の学び,発達障害の高校生が不登校になったらどうすればいいですか？,1,0,N37,発達特性×不登校（学習・家庭教師・遅れ）
G5,学校に行けない時期の学び,自閉症 不登校 小学生,1,0,N37,発達特性×不登校（学習・家庭教師・遅れ）