campaign,ad_group,keyword,match_type,priority,phase,avg_monthly_searches,kwp_low_bid,kwp_high_bid,initial_max_cpc,required_cvr_at_initial_cpc,required_cvr_at_kwp_low,reason,source
CP01_発達特性×家庭教師,発達特性×家庭教師,発達障害 家庭教師 口コミ,完全一致,S,1,110,305,968,110,1.08%,3.00%,発達特性＋家庭教師でサービス意図が直結,keywords_unique.csv
CP01_発達特性×家庭教師,発達特性×家庭教師,発達障害 家庭教師おすすめ,完全一致,S,1,110,334,2236,120,1.18%,3.29%,発達特性＋家庭教師でサービス意図が直結,keywords_unique.csv
CP01_発達特性×家庭教師,発達特性×家庭教師,家庭教師 発達障害 ランキング,フレーズ一致,S,1,90,344,1651,120,1.18%,3.39%,発達特性＋家庭教師でサービス意図が直結,keywords_unique.csv
CP02_不登校×家庭教師,不登校×家庭教師,家庭教師 不登校 おすすめ,フレーズ一致,S,1,70,222,1080,80,0.79%,2.19%,不登校＋家庭教師でサービス意図が直結,keywords_unique.csv
CP01_発達特性×家庭教師,発達特性×家庭教師,発達障害 家庭教師 料金,フレーズ一致,S,1,50,172,889,60,0.59%,1.69%,発達特性＋家庭教師でサービス意図が直結,keywords_unique.csv
CP01_発達特性×家庭教師,発達特性×家庭教師,学習障害 家庭教師 おすすめ,フレーズ一致,S,1,40,394,1529,120,1.18%,3.88%,発達特性＋家庭教師でサービス意図が直結,keywords_unique.csv
CP02_不登校×家庭教師,不登校×家庭教師,家庭教師 不登校 評判,フレーズ一致,S,1,30,331,966,120,1.18%,3.26%,不登校＋家庭教師でサービス意図が直結,keywords_unique.csv
CP01_発達特性×家庭教師,発達特性×家庭教師,発達障害 家庭教師,完全一致,A,1,880,300,1322,90,0.89%,2.95%,発達特性＋家庭教師でサービス意図が直結,keywords_unique.csv
CP02_不登校×家庭教師,不登校×家庭教師,家庭教師 不登校,完全一致,A,1,720,297,1234,90,0.89%,2.93%,不登校＋家庭教師でサービス意図が直結,keywords_unique.csv
CP02_不登校×家庭教師,不登校×家庭教師,不登校 オンライン家庭教師,完全一致,A,1,140,270,1012,80,0.79%,2.66%,不登校＋家庭教師でサービス意図が直結,keywords_unique.csv
CP01_発達特性×家庭教師,発達特性×家庭教師,学習障害 家庭教師,完全一致,A,1,110,377,1615,100,0.98%,3.71%,発達特性＋家庭教師でサービス意図が直結,keywords_unique.csv
CP01_発達特性×家庭教師,発達特性×家庭教師,ADHD 家庭教師,フレーズ一致,A,1,90,452,1704,100,0.98%,4.45%,発達特性＋家庭教師でサービス意図が直結,keywords_unique.csv
CP02_不登校×家庭教師,不登校×家庭教師,家庭教師 不登校専門,フレーズ一致,A,1,70,287,1126,90,0.89%,2.83%,不登校＋家庭教師でサービス意図が直結,keywords_unique.csv
CP02_不登校×家庭教師,不登校×家庭教師,家庭教師 不登校 小学生,フレーズ一致,A,1,70,346,1636,100,0.98%,3.41%,不登校＋家庭教師でサービス意図が直結,keywords_unique.csv
CP01_発達特性×家庭教師,発達特性×家庭教師,発達障害 オンライン家庭教師,フレーズ一致,A,1,40,296,1011,90,0.89%,2.92%,発達特性＋家庭教師でサービス意図が直結,keywords_unique.csv
CP01_発達特性×家庭教師,発達特性×家庭教師,自閉症 家庭教師,フレーズ一致,A,1,30,268,1653,80,0.79%,2.64%,発達特性＋家庭教師でサービス意図が直結,keywords_unique.csv
CP01_発達特性×家庭教師,発達特性×家庭教師,グレーゾーン 家庭教師,フレーズ一致,A,1,30,295,1099,90,0.89%,2.91%,発達特性＋家庭教師でサービス意図が直結,keywords_unique.csv
CP02_不登校×家庭教師,不登校×家庭教師,家庭教師 不登校 中学生,フレーズ一致,A,1,30,425,1719,100,0.98%,4.19%,不登校＋家庭教師でサービス意図が直結,keywords_unique.csv
CP01_発達特性×家庭教師,発達特性×家庭教師,asd 家庭教師,フレーズ一致,A,1,20,257,825,80,0.79%,2.53%,発達特性＋家庭教師でサービス意図が直結,keywords_unique.csv
CP01_発達特性×家庭教師,発達特性×家庭教師,発達障害 家庭教師 オンライン,フレーズ一致,A,1,20,268,856,80,0.79%,2.64%,発達特性＋家庭教師でサービス意図が直結,keywords_unique.csv
CP01_発達特性×家庭教師,発達特性×家庭教師,発達障害 グレーゾーン 家庭教師,フレーズ一致,A,1,10,89,958,50,0.49%,0.88%,発達特性＋家庭教師でサービス意図が直結,keywords_unique.csv
CP01_発達特性×家庭教師,発達特性×家庭教師,ADHD オンライン家庭教師,フレーズ一致,A,1,10,337,1231,100,0.98%,3.32%,発達特性＋家庭教師でサービス意図が直結,keywords_unique.csv
CP01_発達特性×家庭教師,発達特性×家庭教師,発達障害 小学生 家庭教師,フレーズ一致,A,1,10,436,767,100,0.98%,4.29%,発達特性＋家庭教師でサービス意図が直結,keywords_unique.csv
CP02_不登校×家庭教師,不登校×家庭教師,オンライン家庭教師 中学生 不登校,フレーズ一致,A,1,10,633,1628,100,0.98%,6.23%,不登校＋家庭教師でサービス意図が直結,keywords_unique.csv
CP02_不登校×家庭教師,不登校×家庭教師,家庭教師 不登校対応,フレーズ一致,A,1,10,,,50,0.49%,,不登校＋家庭教師でサービス意図が直結,keywords_unique.csv
CP04_競合商標,公文式,公文 発達障害,完全一致,S,1,390,117,372,30,0.30%,1.15%,競合名＋発達/不登校で乗り換え意図が近い,competitor_keywords.csv
CP04_競合商標,公文式,くもん 発達障害,完全一致,S,1,390,117,372,30,0.30%,1.15%,競合名＋発達/不登校で乗り換え意図が近い,competitor_keywords.csv
CP04_競合商標,スマイルゼミ,スマイルゼミ 不登校,完全一致,S,1,320,266,6052,70,0.69%,2.62%,競合名＋発達/不登校で乗り換え意図が近い,competitor_keywords.csv
CP04_競合商標,ティントル,ティントル,完全一致,S,1,170,182,582,50,0.49%,1.79%,発達特性との相性／不登校専門 家庭教師,competitor_keywords.csv
CP04_競合商標,進研ゼミ,進研ゼミ 不登校,完全一致,S,1,170,188,990,50,0.49%,1.85%,競合名＋発達/不登校で乗り換え意図が近い,competitor_keywords.csv
CP04_競合商標,すらら,すらら 不登校,完全一致,S,1,140,150,601,40,0.39%,1.48%,競合名＋発達/不登校で乗り換え意図が近い,competitor_keywords.csv
CP04_競合商標,スマイルゼミ,スマイルゼミ 発達障害,完全一致,S,1,140,157,4219,40,0.39%,1.55%,競合名＋発達/不登校で乗り換え意図が近い,competitor_keywords.csv
CP04_競合商標,公文式,発達障害 公文 辞めたい,完全一致,S,1,90,77,524,30,0.30%,0.76%,競合名＋発達/不登校で乗り換え意図が近い,competitor_keywords.csv
CP04_競合商標,スクールIE,スクールie 発達障害,完全一致,S,1,90,,,30,0.30%,,競合名＋発達/不登校で乗り換え意図が近い,competitor_keywords.csv
CP04_競合商標,進研ゼミ,進研ゼミ 発達障害,完全一致,S,1,70,120,443,30,0.30%,1.18%,競合名＋発達/不登校で乗り換え意図が近い,competitor_keywords.csv
CP04_競合商標,ティントル,ティントル 口コミ,完全一致,S,1,70,243,532,60,0.59%,2.39%,評判・第三者評価／不登校専門 家庭教師,competitor_keywords.csv
CP04_競合商標,すらら,すらら 発達障害 料金,完全一致,S,1,50,113,379,30,0.30%,1.11%,競合名＋発達/不登校で乗り換え意図が近い,competitor_keywords.csv
CP04_競合商標,公文式,公文 発達障害児 対応,完全一致,S,1,50,116,463,30,0.30%,1.14%,競合名＋発達/不登校で乗り換え意図が近い,competitor_keywords.csv
CP04_競合商標,スタディサプリ,スタディサプリ 不登校,完全一致,S,1,50,137,366,30,0.30%,1.35%,競合名＋発達/不登校で乗り換え意図が近い,competitor_keywords.csv
CP04_競合商標,個別教室のトライ | 家庭教師のトライ,個別教室のトライ 不登校,完全一致,S,1,50,142,337,40,0.39%,1.40%,競合名＋発達/不登校で乗り換え意図が近い,competitor_keywords.csv
CP04_競合商標,すらら,発達障害 タブレット学習 すらら,完全一致,S,1,50,169,721,40,0.39%,1.66%,競合名＋発達/不登校で乗り換え意図が近い,competitor_keywords.csv
CP04_競合商標,家庭教師のトライ,家庭教師のトライ 発達障害 口コミ,完全一致,S,1,50,215,413,50,0.49%,2.12%,競合名＋発達/不登校で乗り換え意図が近い,competitor_keywords.csv
CP04_競合商標,進研ゼミ,進研ゼミ 発達障害支援サイト,完全一致,S,1,40,113,437,30,0.30%,1.11%,競合名＋発達/不登校で乗り換え意図が近い,competitor_keywords.csv
CP04_競合商標,個別指導の明光義塾,明光義塾 不登校,完全一致,S,1,40,147,1252,40,0.39%,1.45%,競合名＋発達/不登校で乗り換え意図が近い,competitor_keywords.csv
CP04_競合商標,個別教室のトライ | 家庭教師のトライ,個別教室のトライ 発達障害,完全一致,S,1,40,148,270,40,0.39%,1.46%,競合名＋発達/不登校で乗り換え意図が近い,competitor_keywords.csv
CP04_競合商標,学研教室,学研教室 発達障害,完全一致,S,1,30,130,361,30,0.30%,1.28%,競合名＋発達/不登校で乗り換え意図が近い,competitor_keywords.csv
CP04_競合商標,公文式,公文 学習障害,完全一致,S,1,30,140,591,40,0.39%,1.38%,競合名＋発達/不登校で乗り換え意図が近い,competitor_keywords.csv
CP04_競合商標,公文式,くもん 学習障害,完全一致,S,1,30,140,591,40,0.39%,1.38%,競合名＋発達/不登校で乗り換え意図が近い,competitor_keywords.csv
CP04_競合商標,公文式,公文 ADHD,完全一致,S,1,30,145,404,40,0.39%,1.43%,競合名＋発達/不登校で乗り換え意図が近い,competitor_keywords.csv
CP04_競合商標,公文式,くもん ADHD,完全一致,S,1,30,145,404,40,0.39%,1.43%,競合名＋発達/不登校で乗り換え意図が近い,competitor_keywords.csv
CP04_競合商標,スタディサプリ,スタサプ 不登校,完全一致,S,1,30,150,477,40,0.39%,1.48%,競合名＋発達/不登校で乗り換え意図が近い,competitor_keywords.csv
CP04_競合商標,メガジュン,メガジュン 料金,完全一致,S,1,30,199,300,50,0.49%,1.96%,料金・契約／発達障害専門 家庭教師,competitor_keywords.csv
CP04_競合商標,プロ家庭教師のジャンプ,家庭 教師 の ジャンプ 評判,完全一致,S,1,30,221,905,60,0.59%,2.18%,評判・第三者評価／発達障害専門 家庭教師,competitor_keywords.csv
CP04_競合商標,プロ家庭教師のジャンプ,家庭 教師 ジャンプ 評判,完全一致,S,1,30,221,905,60,0.59%,2.18%,評判・第三者評価／発達障害専門 家庭教師,competitor_keywords.csv
CP04_競合商標,家庭教師のコーチング1,コーチング 1 口コミ,完全一致,S,1,30,266,1651,70,0.69%,2.62%,評判・第三者評価／発達障害専門 家庭教師,competitor_keywords.csv
CP04_競合商標,すらら,すらら 不登校 口コミ,完全一致,S,1,30,276,662,70,0.69%,2.72%,競合名＋発達/不登校で乗り換え意図が近い,competitor_keywords.csv
CP04_競合商標,家庭教師のコーチング1,個別 指導 コーチング 1 評判,完全一致,S,1,30,298,1087,70,0.69%,2.94%,評判・第三者評価／発達障害専門 家庭教師,competitor_keywords.csv
CP04_競合商標,公文式,公文 不登校,完全一致,S,1,30,,,30,0.30%,,競合名＋発達/不登校で乗り換え意図が近い,competitor_keywords.csv
CP04_競合商標,公文式,くもん 不登校,完全一致,S,1,30,,,30,0.30%,,競合名＋発達/不登校で乗り換え意図が近い,competitor_keywords.csv
CP04_競合商標,トライ式高等学院 | 家庭教師のトライ,トライ式高等学院 不登校,完全一致,S,1,20,98,309,30,0.30%,0.97%,競合名＋発達/不登校で乗り換え意図が近い,competitor_keywords.csv
CP04_競合商標,公文式,公文 発達障害児,完全一致,S,1,20,99,414,30,0.30%,0.98%,競合名＋発達/不登校で乗り換え意図が近い,competitor_keywords.csv
CP04_競合商標,学研WILL学園,will学園 発達障害,完全一致,S,1,20,113,468,30,0.30%,1.11%,競合名＋発達/不登校で乗り換え意図が近い,competitor_keywords.csv
CP04_競合商標,森塾,森塾 不登校,完全一致,S,1,20,127,247,30,0.30%,1.25%,競合名＋発達/不登校で乗り換え意図が近い,competitor_keywords.csv
CP04_競合商標,武田塾,武田塾 不登校,完全一致,S,1,20,130,651,30,0.30%,1.28%,競合名＋発達/不登校で乗り換え意図が近い,competitor_keywords.csv
CP04_競合商標,森塾,森塾 発達障害,完全一致,S,1,20,144,582,40,0.39%,1.42%,競合名＋発達/不登校で乗り換え意図が近い,competitor_keywords.csv
CP04_競合商標,トライ式高等学院 | 家庭教師のトライ,トライ式高等学院 発達障害,完全一致,S,1,20,153,732,40,0.39%,1.51%,競合名＋発達/不登校で乗り換え意図が近い,competitor_keywords.csv
CP04_競合商標,ティントル,ティントル 料金,完全一致,S,1,20,198,301,50,0.49%,1.95%,料金・契約／不登校専門 家庭教師,competitor_keywords.csv
CP04_競合商標,スマイルゼミ,スマイルゼミ 学習障害,完全一致,S,1,20,241,3982,60,0.59%,2.37%,競合名＋発達/不登校で乗り換え意図が近い,competitor_keywords.csv
CP04_競合商標,家庭教師のノーバス,家庭教師 ノーバス 発達障害,完全一致,S,1,20,275,674,70,0.69%,2.71%,競合名＋発達/不登校で乗り換え意図が近い,competitor_keywords.csv
CP04_競合商標,プロ家庭教師のジャンプ,家庭 教師 ジャンプ 口コミ,完全一致,S,1,20,282,882,70,0.69%,2.78%,評判・第三者評価／発達障害専門 家庭教師,competitor_keywords.csv
