王道LP｜最終稿 v3（親目線反映版）,,,,,
最終方針,v2を親目線で再読して修正。①比較表の◎○を廃止し事実比較へ ②FV→比較の間に短い感情ブリッジ ③最初のCTA直下で『その後どうなるか』を先出し ④診断なし・グレーゾーンOKを早めに解消 ⑤本人がまだ乗り気でない家庭向けに『1回目を保護者面談にできる』を前倒し。,,,,
文体,『わかります』『大丈夫』を乱発せず、家庭で起きる場面を具体的に言う。親を責めない。決断を急かさない。こちらが味方だと感じられる距離感を優先。,,,,
,,,,,
順番,セクション,パーツ,最終稿,実装メモ,根拠/出典
01,FV,mt-prbar,PR　本ページはプロモーションを含みます　｜　更新日：2026年10月5日,,
01,FV,フック,「また、勉強のことで怒ってしまった。」,小さめ。引用風。,VOC起点
01,FV,H1,"教えているのに、なぜか進まない。
そんな毎日を、親子だけで抱え込まなくても。",固定。,VOC起点
01,FV,本文,"宿題が進まない。集中が続かない。
何度説明しても、同じところで止まってしまう。

それは「やる気」だけではなく、今の学び方がお子さんに合っていないこともあります。",短く。,
01,FV,サービス説明,"発達障害・グレーゾーンなど、
一人ひとりの“つまずき方”に合わせて学ぶオンライン家庭教師「ソウガク」",,ソウガク公式
01,FV,早期安心1,診断がなくても、グレーゾーンでも相談できます。,CTA直前または直下の小バッジ。,公式FAQ
01,FV,mt-cta,無料体験で相談してみる,主要CTA①。追従の起点。,
01,FV,CTA直下の安心,"無料体験は2回まで。
1回目を保護者と担当教師の面談にすることもできます。
体験後の無理な勧誘はしないと公式FAQに明記されています。",『押したら何が起きる？』をFVで解消。,公式FAQ
,,,,,
02,感情ブリッジ,本文,"毎日そばで見ているからこそ、
「何が合っていないんだろう」と分からなくなることがあります。

家庭教師を探しても、「マンツーマン」「個別対応」という言葉はどこも似ています。
だからこそ、名前や知名度より、“何を見て、どう支えてくれるか”で比べてみました。",比較への橋。長くしない。,VOC＋編集判断
02,比較導入,mt-h2,"発達特性のあるお子さんの家庭教師、
「1対1」だけで選んでいませんか？",,
02,比較導入,本文,"見るなら、この3つです。

・お子さんの特性を理解してもらえるか
・「どこで止まっているか」から学び方を考えてもらえるか
・家庭での困りごとも相談できるか",,比較調査
02,比較表,mt-scroll / mt-table,比較ポイント｜ソウガク｜家庭教師のランナー｜家庭教師のトライ｜家庭教師のサクシード,◎○は使わない。各社の公式事実だけを並べる。,
02,比較表,mt-table,発達特性への位置づけ｜発達障害・グレーゾーン専門｜発達障害サポートコースあり｜発達障害の指導経験がある教師を選定可能｜LD・ADHD・ASDサポートコースあり,,各社公式
02,比較表,mt-table,先生側の支援体制｜発達支援専門機関による教師研修＋マニュアル研修｜特性を共有し、指導方法をレクチャー｜教育プランナーが教師選定・学習をサポート｜発達支援経験が豊富な教師から選抜,,各社公式
02,比較表,mt-table,つまずき把握→学び方の設計｜専門家開発のアセスメント→個別指導計画｜体験内容をもとに指導カルテ｜つまずきの原因までさかのぼり個別設計｜特性をヒアリングし個別カリキュラム,,各社公式
02,比較表,mt-table,保護者への継続サポート｜毎回の指導報告＋教師/本部チャット＋保護者向け勉強会・相談窓口｜保護者LINE＋本部から定期確認｜教育プランナー＋定期面談｜専任スタッフが相談対応,,各社公式
02,比較表,mt-table,入会前に確認できること｜2回まで無料体験。体験後に個別指導計画｜90分無料体験｜無料学習相談｜無料体験,,各社公式
02,比較表,注記,※2026年10月5日時点の各社公式サイトで確認できた内容を、当サイトが整理したものです。サービス内容・条件は変更される場合があります。,,
02,比較後,mt-conclusion,"比べてみると、どのサービスにも良さがあります。

そのうえで今回の3つの基準を重視すると、ソウガクは、
「発達特性を前提にした教師研修」
「アセスメントから個別指導計画」
「毎回の報告や保護者の相談先」
まで、ひとつの流れとして確認できます。

“発達障害に対応できるか”だけでなく、最初からその子の特性を前提に仕組みが作られているか。ここが、今回いちばん見てほしい違いです。",記号ではなく読者が事実から理解する。,各社公式＋編集判断
,,,,,
03,選び方,mt-h2,発達特性のある子の家庭教師選びで、見てほしい3つのこと,,MEXT/NISE＋VOC
03,選び方,mt-h3,1. 「何が苦手か」より、「どこで止まっているか」を見てくれるか,,
03,選び方,本文,"読むところで止まるのか。書くことが大変なのか。始めるまでに時間がかかるのか。

同じ「勉強が苦手」でも、困っている場所は違います。
最初から決まったやり方に当てはめるより、まず“どこで止まっているか”を見てくれるかを確認したいところです。",,MEXT/NISE
03,選び方,mt-h3,2. 「いい先生がいるか」だけでなく、先生を支える仕組みがあるか,,
03,選び方,本文,"相性のいい先生は大切です。
でも、発達特性への理解を先生個人の経験だけに任せるのは少し不安です。

研修があるか。指導方針が共有されるか。先生自身が困ったときに相談できる体制があるか。
そこまで見ておくと、担当による差も小さくしやすくなります。",,
03,選び方,mt-h3,3. 授業が終わったあとも、親が相談できるか,,
03,選び方,本文,"授業が始まっても、家での悩みは残ります。

「今週は宿題を嫌がっている」
「家ではこんな様子だけど、授業ではどうなんだろう」

そんな変化を共有できるか。親がまた一人で先生役に戻らなくていい仕組みがあるかも、見ておきたいポイントです。",,
03,選び方,まとめ,"この3つで見ると、
「マンツーマンだから」ではなく、
“この子の困り方を見つけて、合う方法を考え、家庭と一緒に続けられるか”で選べます。",,
,,,,,
04,ランキング,mt-h2,発達特性への学習サポートを重視する家庭教師 おすすめ3選,,
04,ランキング,評価基準,各社公式情報をもとに、①発達特性を前提にした支援設計、②つまずき把握と個別の学び方づくり、③保護者との継続的な連携を重視して編集部が独自評価しています。2026年10月5日時点。,比較表は事実、ランキングは独自評価として分離。,各社公式
04,ランキング,mt-podium,"🥇 ソウガク｜発達特性を前提に、見立て・教師研修・家庭支援までつながる
🥈 家庭教師のランナー｜勉強が苦手な子への柔軟な対応と家庭サポート
🥉 家庭教師のサクシード｜LD・ADHD・ASD専用コースで個別対応",,
04,ランキング1位,mt-spec,"ソウガク
・発達障害・グレーゾーン専門
・発達支援専門機関による教師研修
・専門家開発のアセスメント→個別指導計画
・毎回の指導報告＋教師/本部チャット
・保護者向け勉強会・相談窓口
・2回まで無料体験。体験後に個別指導計画",1位だけ厚く。,ソウガク公式
04,ランキング1位,向いている家庭,一般的な塾や家庭教師が合わなかった／どう教えればいいか分からなくなってきた／親子だけで勉強を抱え込みたくない,,
04,ランキング2位,本文,家庭教師のランナー：発達障害サポートコースがあり、特性に応じて指導方針を組む。担当教師への情報共有や本部への相談もしやすい。,,ランナー公式
04,ランキング3位,本文,家庭教師のサクシード：LD・ADHD・ASDの専用コース。専門スタッフが特性を聞き、発達支援経験のある教師を選抜して個別カリキュラムを組む。,,サクシード公式
04,ランキング,補足,大手の安心感や教師の選択肢、進路支援まで幅広く重視するなら家庭教師のトライも有力です。今回は『発達特性を前提にした学習支援』を軸に順位をつけています。,他社も正当に扱う。,トライ公式
04,ランキング後,mt-cta,無料体験で「この子に合う学び方」を相談してみる,主要CTA②。,
,,,,,
05,感情ブリッジ,mt-h2,勉強のことを、家の中だけで抱え続けなくてもいい。,,
05,感情ブリッジ,本文,"教材を変えた。
塾を探した。
毎日声をかけた。

「今日は怒らないようにしよう」と思ったのに、また言い合いになってしまった。

子どものことが心配だからこそ、つい言ってしまう。
うまくいかない日が続くと、親のほうも疲れてきます。

そんなとき、親がもっと上手に教えられるようになることだけが答えではありません。
家庭の外に、お子さんの困り方を一緒に見てくれる人を増やす。それも一つの方法です。",,VOC
05,体験談,mt-review,"「私がずっと見なくては」というプレッシャーが軽くなった。

ADHDの診断があり、家で勉強を見ると親子で言い合いになっていた小学4年生のお子さん。ソウガク公式サイトでは、週1回のオンライン学習が習慣になり、保護者自身も『ずっと自分が見なければ』という負担が軽くなったことが助かった、という声が紹介されています。",公式体験談を要約。個人差注記。,ソウガク公式 voice
,,,,,
06,オンライン不安,mt-h2,「家でも集中できないのに、オンラインで大丈夫？」,,
06,オンライン不安,本文,"無理に「大丈夫です」とは言いません。
子どもによって、先生との相性も、画面越しの授業が合うかどうかも違うからです。

だから、入会してから悩むのではなく、先に体験で見ておく。
先生と話せるか。途中で嫌にならないか。声かけで戻れそうか。
そこを実際に確かめるのがいちばんです。",,
06,本人の気持ち,mt-info,"もし、お子さん本人がまだ家庭教師に乗り気ではないなら、最初から本人を無理に参加させなくても、1回目の無料体験を保護者と担当教師の面談にすることができます。

まず親だけで、今困っていることや、お子さんへの接し方を話してから、2回目のレッスンを考えることもできます。",『本人が嫌でも受講可』とは言わない。公式で確認できる範囲だけ。,公式FAQ
06,体験談,mt-review,"最初は画面の前に座っているのも難しかった。

特別支援学級に通う中学2年生のお子さんについて、最初の体験では落ち着いて座るのが難しかったものの、先生が時間をかけて関係をつくり、今では授業の時間を楽しみにしているという声が公式サイトに掲載されています。",公式体験談を要約。,ソウガク公式 voice
06,体験談,mt-review,"集中が切れそうなときも、先生の声かけで戻れた。

小学5年生のお子さんの保護者からは、集中が切れそうな場面でも先生の声かけで再び学習に向かう様子があり、本人も授業を楽しみにしているという声が掲載されています。",,ソウガク公式 voice
,,,,,
07,無料体験,mt-h2,合うかどうかは、入会を決める前に確かめていい。,,
07,無料体験,本文,"ソウガクの無料体験は2回まで。
1回目を保護者と先生の面談にして、そこで話した内容をもとに、2回目でお子さんの授業を受けることもできます。

体験を担当するのは、入会後に実際に担当する予定の先生です。
ページだけでは分からない相性まで見てから決められます。",,公式FAQ
07,無料体験,mt-timeline,"1. 無料体験を申し込む
2. 教務担当が今の様子や困りごとをヒアリング
3. 無料体験を受ける（2回まで）
4. お子さん用の個別指導計画を受け取る
5. 合いそうなら入会を検討",,ソウガク公式
07,無料体験,寄り添い,"「家庭教師を始める」と、今ここで決めなくて大丈夫です。

まずは、今どこで困っているのか。
どんな先生なら話せそうか。
どんな進め方なら続けられそうか。

一度、親子の外にいる人と整理してみる。
そのくらいの気持ちで、体験を使っていいと思います。",,
07,無料体験,mt-cta,まずは無料体験で「この子に合う学び方」を一緒に整理してみる,主要CTA③。,
07,無料体験,CTA補足,無料体験は2回まで／1回目を保護者面談にもできる／入会後の担当予定教師が体験を担当／体験後に個別指導計画,,
,,,,,
08,料金,mt-h2,料金のことも、あとから不安にならないように。,,
08,料金,本文,"子どもに合いそうでも、続けられる金額かどうかは大事です。

「あとから教材費が増えないかな」
「結局、月にいくらかかるんだろう」

申し込む前に、ここも見ておきましょう。",,
08,料金,mt-spec,"小学生：25分×月4回 13,200円／50分×月4回 22,000円
中学生：35分×月4回 18,480円／60分×月4回 26,400円
高校生：35分×月4回 21,560円／60分×月4回 29,920円
※すべて税込",,ソウガク公式 fee
08,料金,mt-points,保証金0円／月会費0円／更新費0円／教師交代費0円／受験生割増なし／学年内の料金UPなし／高額教材販売なし／科目数による料金UPなし,,ソウガク公式 fee
08,料金,mt-caution,"入会金22,000円（税込）は別途かかります。キャンペーンや各種割引は時期・条件で変わる場合があるため、最新条件は公式サイトで確認してください。",母子父子家庭優遇は公式ページ間に記載差があるため率を出さない。,公式fee/FAQ
08,料金,締め,"安いかどうかだけではなく、無理なく続けられるか。
料金も含めて「うちには合いそうか」を、体験のあとで考えて大丈夫です。",,
,,,,,
09,FAQ,mt-h2,申し込む前に、気になること,,
09,FAQ,mt-faq,"Q. 診断がついていなくても受けられますか？
A. はい。診断がなくても、グレーゾーンでも受講できます。診断名の申告や手帳・受給者証の提出も不要です。",,公式FAQ
09,FAQ,mt-faq,"Q. 子どもがまだ家庭教師に乗り気ではありません。まず親だけで相談できますか？
A. 無料体験は2回まで受けられ、1回目を保護者と担当教師の面談にすることができます。まず今の困りごとやお子さんの様子を伝えてから、2回目のレッスンを考えられます。",本人が拒否していても受講可能、とは断定しない。,公式FAQ
09,FAQ,mt-faq,"Q. 集中力が続かなくても大丈夫？
A. 集中が続きにくいお子さん向けに25分コースがあります。会話やゲーム要素も取り入れながら進める工夫があります。",,公式FAQ
09,FAQ,mt-faq,"Q. 先生が合わなかったら？
A. 教師の交代は何度でも無料です。担当教師の性別希望も伝えられます。",,公式FAQ
09,FAQ,mt-faq,"Q. 授業中、親はずっとそばにいる必要がありますか？
A. 初回はできる限り同席をお願いしていますが、その後は保護者が家にいなくても受講できます。指導内容は専用アプリで確認できます。",,公式FAQ
09,FAQ,mt-faq,"Q. 体験後にしつこく勧誘されませんか？
A. 公式FAQでは、体験後の無理な勧誘は一切しないと案内されています。",,公式FAQ
09,FAQ,mt-faq,"Q. 教材費などは別にかかりますか？
A. 提携ICT教材や無料プリントを使うため、原則として教材購入は不要です。学習最適化ツールも月謝以外の追加費用はかからないと案内されています。",,公式FAQ
,,,,,
10,最終CTA,mt-h2,ここまで読んでも、まだ迷っていて大丈夫です。,,
10,最終CTA,本文,"お子さんのことだから、簡単には決められないと思います。

「本当に合うのかな」
「また続かなかったらどうしよう」
「先生との相性は大丈夫かな」

その不安を、ページだけで全部消すことはできません。

だから、まず実際の先生と話して、お子さんの様子を見てもらう。
「ちょっと違うな」と思えば、入会しなくていい。
「この先生なら話せそう」「このやり方なら続けられるかも」と思えたら、そのときに考えればいいと思います。",,
10,最終CTA,締め,"勉強のことを、これからも親子だけで何とかし続けなくてもいい。

お子さんに合う学び方を探す最初の一歩として、無料体験を使ってみてください。",,
10,最終CTA,mt-cta,"＼入会を決める前に、まず2回の無料体験から／
ソウガクの無料体験を申し込む",主要CTA④。,
10,最終CTA,補足,無料体験は2回まで／1回目を保護者面談にもできる／入会後の担当予定教師が体験を担当／体験後に個別指導計画,,
10,注記,lp-foot,"※本ページにはプロモーションが含まれます。料金・キャンペーン・サービス内容は変更される場合があります。申込前に公式サイトの最新情報をご確認ください。
※体験談はソウガク公式サイトに掲載された利用者の声を編集部で要約したもので、感じ方や成果には個人差があります。",,