sheet_row,keyword,判定,投入,cluster_id,cluster_size,代表KW,検索意図,検索者推定,LP,理由,確信度,portfolio,brand,average_monthly_searches,low_top_of_page_bid,high_top_of_page_bid,competition,intent_category,discovery_source
6216,トライ 二 谷 友里恵,REVIEW,代表,C17468,2,トライ 二 谷 友里恵,競合指名・周辺,保護者（推定）,B,「トライ」＋地名等（トライの教室か別物か不明）,低,④インテント,,390,,,LOW,ブランド・指名検索,KWP_KeywordSeed || KWP_CompetitorKeywordSeed
6225,二 谷 友里恵 トライ,REVIEW,重複（代表に統合）,C17468,2,トライ 二 谷 友里恵,競合指名・周辺,保護者（推定）,B,「トライ」＋地名等（トライの教室か別物か不明）,低,④インテント,,390,,,LOW,ブランド・指名検索,KWP_KeywordSeed || KWP_CompetitorKeywordSeed
6226,二 谷 友里恵 トライ グループ,REVIEW,代表,C13527,1,二 谷 友里恵 トライ グループ,競合指名・周辺,保護者（推定）,B,「トライ」＋地名等（トライの教室か別物か不明）,低,④インテント,,90,,,LOW,ブランド・指名検索,KWP_KeywordSeed || KWP_CompetitorKeywordSeed
13841,トライ 福岡,REVIEW,代表,C18210,2,トライ 福岡,競合指名・周辺,保護者（推定）,B,「トライ」＋地名等（トライの教室か別物か不明）,低,④インテント,,50,150.0,221.0,MEDIUM,ブランド・指名検索 | 地域・近くで探す,KWP_UrlSeed || KWP_SiteSeed
13847,トライ 名古屋,REVIEW,代表,C17857,2,トライ 名古屋,競合指名・周辺,保護者（推定）,B,「トライ」＋地名等（トライの教室か別物か不明）,低,④インテント,,70,107.0,212.0,MEDIUM,ブランド・指名検索 | 地域・近くで探す,KWP_UrlSeed
13854,トライ 長崎,REVIEW,代表,C18255,2,トライ 長崎,競合指名・周辺,保護者（推定）,B,「トライ」＋地名等（トライの教室か別物か不明）,低,④インテント,,50,132.0,237.0,MEDIUM,ブランド・指名検索,KWP_UrlSeed
13857,トライ 高崎,REVIEW,代表,C18095,1,トライ 高崎,競合指名・周辺,保護者（推定）,B,「トライ」＋地名等（トライの教室か別物か不明）,低,④インテント,,70,136.0,287.0,MEDIUM,ブランド・指名検索,KWP_UrlSeed
13865,トライ 岐阜,REVIEW,代表,C18094,2,トライ 岐阜,競合指名・周辺,保護者（推定）,B,「トライ」＋地名等（トライの教室か別物か不明）,低,④インテント,,50,127.0,297.0,LOW,ブランド・指名検索,KWP_UrlSeed
13866,トライ 宮崎,REVIEW,代表,C17990,2,トライ 宮崎,競合指名・周辺,保護者（推定）,B,「トライ」＋地名等（トライの教室か別物か不明）,低,④インテント,,40,109.0,212.0,MEDIUM,ブランド・指名検索,KWP_UrlSeed
13868,トライ 横浜,REVIEW,代表,C18188,2,トライ 横浜,競合指名・周辺,保護者（推定）,B,「トライ」＋地名等（トライの教室か別物か不明）,低,④インテント,,90,91.0,212.0,LOW,ブランド・指名検索 | 地域・近くで探す,KWP_UrlSeed
13871,トライ 大阪,REVIEW,代表,C17919,2,トライ 大阪,競合指名・周辺,保護者（推定）,B,「トライ」＋地名等（トライの教室か別物か不明）,低,④インテント,,50,116.0,213.0,MEDIUM,ブランド・指名検索 | 地域・近くで探す,KWP_UrlSeed || KWP_SiteSeed
13872,トライ 登録,REVIEW,代表,C18203,1,トライ 登録,競合指名・周辺,保護者（推定）,B,「トライ」＋地名等（トライの教室か別物か不明）,低,④インテント,,20,81.0,320.0,MEDIUM,ブランド・指名検索,KWP_UrlSeed || KWP_SiteSeed
13875,トライ 場所,REVIEW,代表,C17871,1,トライ 場所,競合指名・周辺,保護者（推定）,B,「トライ」＋地名等（トライの教室か別物か不明）,低,④インテント,,30,115.0,211.0,LOW,ブランド・指名検索,KWP_UrlSeed || KWP_SiteSeed
13877,トライ 時間,REVIEW,代表,C18155,1,トライ 時間,競合指名・周辺,保護者（推定）,B,「トライ」＋地名等（トライの教室か別物か不明）,低,④インテント,,50,67.0,210.0,LOW,ブランド・指名検索,KWP_UrlSeed || KWP_SiteSeed || KWP_CompetitorKeywordSeed
13884,トライ 松阪,REVIEW,代表,C18165,1,トライ 松阪,競合指名・周辺,保護者（推定）,B,「トライ」＋地名等（トライの教室か別物か不明）,低,④インテント,,40,84.0,212.0,MEDIUM,ブランド・指名検索,KWP_UrlSeed
13887,高崎 トライ,REVIEW,代表,C18266,1,高崎 トライ,競合指名・周辺,保護者（推定）,B,「トライ」＋地名等（トライの教室か別物か不明）,低,④インテント,,10,87.0,210.0,LOW,ブランド・指名検索,KWP_UrlSeed
13896,トライ 大学,REVIEW,代表,C17913,1,トライ 大学,競合指名・周辺,保護者（推定）,B,「トライ」＋地名等（トライの教室か別物か不明）,低,④インテント,,20,,,LOW,受験・進路 | ブランド・指名検索,KWP_UrlSeed || KWP_SiteSeed
13897,トライ zoom,REVIEW,代表,C06925,1,トライ zoom,競合指名・周辺,保護者（推定）,B,「トライ」＋地名等（トライの教室か別物か不明）,低,④インテント,,10,,,LOW,ブランド・指名検索,KWP_UrlSeed || KWP_SiteSeed
13898,トライ web,REVIEW,代表,C06371,1,トライ web,競合指名・周辺,保護者（推定）,B,「トライ」＋地名等（トライの教室か別物か不明）,低,④インテント,,10,,,MEDIUM,ブランド・指名検索,KWP_UrlSeed || KWP_SiteSeed
13904,名古屋 トライ,REVIEW,重複（代表に統合）,C17857,2,トライ 名古屋,競合指名・周辺,保護者（推定）,B,「トライ」＋地名等（トライの教室か別物か不明）,低,④インテント,,70,107.0,212.0,MEDIUM,ブランド・指名検索 | 地域・近くで探す,KWP_UrlSeed
13905,長崎 トライ,REVIEW,重複（代表に統合）,C18255,2,トライ 長崎,競合指名・周辺,保護者（推定）,B,「トライ」＋地名等（トライの教室か別物か不明）,低,④インテント,,50,132.0,237.0,MEDIUM,ブランド・指名検索,KWP_UrlSeed
13910,横浜 トライ,REVIEW,重複（代表に統合）,C18188,2,トライ 横浜,競合指名・周辺,保護者（推定）,B,「トライ」＋地名等（トライの教室か別物か不明）,低,④インテント,,90,91.0,212.0,LOW,ブランド・指名検索 | 地域・近くで探す,KWP_UrlSeed
13912,広島 トライ,REVIEW,代表,C18097,1,広島 トライ,競合指名・周辺,保護者（推定）,B,「トライ」＋地名等（トライの教室か別物か不明）,低,④インテント,,10,207.0,242.0,MEDIUM,ブランド・指名検索 | 地域・近くで探す,KWP_UrlSeed
13914,福岡 トライ,REVIEW,重複（代表に統合）,C18210,2,トライ 福岡,競合指名・周辺,保護者（推定）,B,「トライ」＋地名等（トライの教室か別物か不明）,低,④インテント,,50,150.0,221.0,MEDIUM,ブランド・指名検索 | 地域・近くで探す,KWP_UrlSeed || KWP_SiteSeed
13915,宮崎 トライ,REVIEW,重複（代表に統合）,C17990,2,トライ 宮崎,競合指名・周辺,保護者（推定）,B,「トライ」＋地名等（トライの教室か別物か不明）,低,④インテント,,10,102.0,273.0,MEDIUM,ブランド・指名検索,KWP_UrlSeed
13917,トライ 集団,REVIEW,代表,C18258,1,トライ 集団,競合指名・周辺,保護者（推定）,B,「トライ」＋地名等（トライの教室か別物か不明）,低,④インテント,,10,,,LOW,ブランド・指名検索,KWP_UrlSeed || KWP_SiteSeed
13918,トライ 質問,REVIEW,代表,C18245,1,トライ 質問,競合指名・周辺,保護者（推定）,B,「トライ」＋地名等（トライの教室か別物か不明）,低,④インテント,,20,,,LOW,ブランド・指名検索,KWP_UrlSeed || KWP_SiteSeed
13919,山形 トライ,REVIEW,代表,C18093,1,山形 トライ,競合指名・周辺,保護者（推定）,B,「トライ」＋地名等（トライの教室か別物か不明）,低,④インテント,,50,147.0,212.0,LOW,ブランド・指名検索,KWP_UrlSeed
13921,岐阜 トライ,REVIEW,重複（代表に統合）,C18094,2,トライ 岐阜,競合指名・周辺,保護者（推定）,B,「トライ」＋地名等（トライの教室か別物か不明）,低,④インテント,,50,127.0,297.0,LOW,ブランド・指名検索,KWP_UrlSeed
13937,大分 トライ,REVIEW,代表,C17912,1,大分 トライ,競合指名・周辺,保護者（推定）,B,「トライ」＋地名等（トライの教室か別物か不明）,低,④インテント,,10,112.0,211.0,LOW,ブランド・指名検索,KWP_UrlSeed
13939,トライ 契約,REVIEW,代表,C17932,1,トライ 契約,競合指名・周辺,保護者（推定）,B,「トライ」＋地名等（トライの教室か別物か不明）,低,④インテント,,10,,,MEDIUM,比較検討・料金・申込 | ブランド・指名検索,KWP_UrlSeed || KWP_SiteSeed
13942,トライ 土日,REVIEW,代表,C17868,1,トライ 土日,競合指名・周辺,保護者（推定）,B,「トライ」＋地名等（トライの教室か別物か不明）,低,④インテント,,10,,,LOW,ブランド・指名検索,KWP_UrlSeed
13943,京都 トライ,REVIEW,代表,C17474,1,京都 トライ,競合指名・周辺,保護者（推定）,B,「トライ」＋地名等（トライの教室か別物か不明）,低,④インテント,,70,185.0,287.0,MEDIUM,ブランド・指名検索 | 地域・近くで探す,KWP_UrlSeed || KWP_SiteSeed
13945,トライ 面談,REVIEW,代表,C18260,1,トライ 面談,競合指名・周辺,保護者（推定）,B,「トライ」＋地名等（トライの教室か別物か不明）,低,④インテント,,30,172.0,286.0,LOW,比較検討・料金・申込 | ブランド・指名検索,KWP_UrlSeed || KWP_SiteSeed
13946,大阪 トライ,REVIEW,重複（代表に統合）,C17919,2,トライ 大阪,競合指名・周辺,保護者（推定）,B,「トライ」＋地名等（トライの教室か別物か不明）,低,④インテント,,50,116.0,213.0,MEDIUM,ブランド・指名検索 | 地域・近くで探す,KWP_UrlSeed || KWP_SiteSeed
13957,東京 トライ,REVIEW,代表,C18162,1,東京 トライ,競合指名・周辺,保護者（推定）,B,「トライ」＋地名等（トライの教室か別物か不明）,低,④インテント,,20,,,LOW,ブランド・指名検索 | 地域・近くで探す,KWP_UrlSeed
13966,トライ line,REVIEW,代表,C05129,1,トライ line,競合指名・周辺,保護者（推定）,B,「トライ」＋地名等（トライの教室か別物か不明）,低,④インテント,,10,,,LOW,ブランド・指名検索,KWP_UrlSeed || KWP_SiteSeed
15855,トライ 種類,REVIEW,代表,C18211,1,トライ 種類,競合指名・周辺,保護者（推定）,B,「トライ」＋地名等（トライの教室か別物か不明）,低,④インテント,,10,,,MEDIUM,ブランド・指名検索 | 特性そのものを調べる（とは・特徴・チェック）,KWP_UrlSeed
17037,トライ リモート,REVIEW,代表,C17389,1,トライ リモート,競合指名・周辺,保護者（推定）,B,「トライ」＋地名等（トライの教室か別物か不明）,低,④インテント,,10,,,MEDIUM,ブランド・指名検索,KWP_UrlSeed || KWP_SiteSeed
17101,三鷹 トライ,REVIEW,代表,C17405,1,三鷹 トライ,競合指名・周辺,保護者（推定）,B,「トライ」＋地名等（トライの教室か別物か不明）,低,④インテント,,50,147.0,273.0,MEDIUM,ブランド・指名検索,KWP_UrlSeed
19349,トライ 金額,REVIEW,代表,C18253,1,トライ 金額,競合指名・周辺,保護者（推定）,B,「トライ」＋地名等（トライの教室か別物か不明）,低,④インテント,,110,85.0,210.0,MEDIUM,比較検討・料金・申込 | ブランド・指名検索,KWP_UrlSeed || KWP_CompetitorKeywordSeed
19350,トライ キャンペーン,REVIEW,代表,C13187,1,トライ キャンペーン,競合指名・周辺,保護者（推定）,B,「トライ」＋地名等（トライの教室か別物か不明）,低,④インテント,,110,111.0,344.0,MEDIUM,比較検討・料金・申込 | ブランド・指名検索,KWP_UrlSeed || KWP_SiteSeed || CompetitorMatrix
19351,トライ 月額,REVIEW,代表,C18159,1,トライ 月額,競合指名・周辺,保護者（推定）,B,「トライ」＋地名等（トライの教室か別物か不明）,低,④インテント,,50,76.0,210.0,MEDIUM,比較検討・料金・申込 | ブランド・指名検索,KWP_UrlSeed || KWP_CompetitorKeywordSeed
19354,トライ 動画,REVIEW,代表,C17800,1,トライ 動画,競合指名・周辺,保護者（推定）,B,「トライ」＋地名等（トライの教室か別物か不明）,低,④インテント,,390,,,LOW,ブランド・指名検索,KWP_UrlSeed || KWP_SiteSeed
19365,トライ お金,REVIEW,代表,C07836,1,トライ お金,競合指名・周辺,保護者（推定）,B,「トライ」＋地名等（トライの教室か別物か不明）,低,④インテント,,10,81.0,211.0,MEDIUM,ブランド・指名検索,KWP_UrlSeed
19379,トライ 紹介,REVIEW,代表,C18215,1,トライ 紹介,競合指名・周辺,保護者（推定）,B,「トライ」＋地名等（トライの教室か別物か不明）,低,④インテント,,10,91.0,274.0,LOW,ブランド・指名検索,KWP_UrlSeed || KWP_SiteSeed
19389,トライ 映像,REVIEW,代表,C18153,1,トライ 映像,競合指名・周辺,保護者（推定）,B,「トライ」＋地名等（トライの教室か別物か不明）,低,④インテント,,30,,,LOW,ブランド・指名検索,KWP_UrlSeed || KWP_SiteSeed
19398,トライ スタンダード,REVIEW,代表,C15423,1,トライ スタンダード,競合指名・周辺,保護者（推定）,B,「トライ」＋地名等（トライの教室か別物か不明）,低,④インテント,,10,,,LOW,ブランド・指名検索,KWP_UrlSeed
19399,トライ 休み,REVIEW,代表,C17485,1,トライ 休み,競合指名・周辺,保護者（推定）,B,「トライ」＋地名等（トライの教室か別物か不明）,低,④インテント,,20,,,LOW,ブランド・指名検索,KWP_UrlSeed
19401,トライ セレクト,REVIEW,代表,C15960,1,トライ セレクト,競合指名・周辺,保護者（推定）,B,「トライ」＋地名等（トライの教室か別物か不明）,低,④インテント,,10,,,LOW,ブランド・指名検索,KWP_UrlSeed || KWP_SiteSeed
19413,トライ コーチング,REVIEW,代表,C18293,1,トライ コーチング,競合指名・周辺,保護者（推定）,B,「トライ」＋地名等（トライの教室か別物か不明）,低,④インテント,,10,102.0,1002.0,LOW,ブランド・指名検索 | 習い事・トレーニング,KWP_UrlSeed
19425,try 動画,REVIEW,代表,C06229,1,try 動画,競合指名・周辺,保護者（推定）,B,「トライ」＋地名等（トライの教室か別物か不明）,低,④インテント,,30,364.0,368.0,LOW,ブランド・指名検索,KWP_UrlSeed
19454,try works,REVIEW,代表,C06254,1,try works,競合指名・周辺,保護者（推定）,B,「トライ」＋地名等（トライの教室か別物か不明）,低,④インテント,,18100,102.0,631.0,LOW,未分類,KWP_UrlSeed
19472,トライ 応募,REVIEW,代表,C18106,1,トライ 応募,競合指名・周辺,保護者（推定）,B,「トライ」＋地名等（トライの教室か別物か不明）,低,④インテント,,10,,,HIGH,ブランド・指名検索,KWP_UrlSeed || KWP_SiteSeed
19473,トライ 日曜日,REVIEW,代表,C18149,1,トライ 日曜日,競合指名・周辺,保護者（推定）,B,「トライ」＋地名等（トライの教室か別物か不明）,低,④インテント,,40,,,LOW,比較検討・料金・申込 | ブランド・指名検索,KWP_UrlSeed || KWP_SiteSeed
19477,トライ 土曜日,REVIEW,代表,C17869,1,トライ 土曜日,競合指名・周辺,保護者（推定）,B,「トライ」＋地名等（トライの教室か別物か不明）,低,④インテント,,20,,,LOW,比較検討・料金・申込 | ブランド・指名検索,KWP_UrlSeed
19492,トライ ゴールデンウィーク,REVIEW,代表,C14145,1,トライ ゴールデンウィーク,競合指名・周辺,保護者（推定）,B,「トライ」＋地名等（トライの教室か別物か不明）,低,④インテント,,30,,,LOW,ブランド・指名検索,KWP_UrlSeed
19496,トライ 短期,REVIEW,代表,C18207,1,トライ 短期,競合指名・周辺,保護者（推定）,B,「トライ」＋地名等（トライの教室か別物か不明）,低,④インテント,,10,159.0,491.0,MEDIUM,ブランド・指名検索,KWP_UrlSeed || KWP_SiteSeed
19501,トライ 案件,REVIEW,代表,C18183,1,トライ 案件,競合指名・周辺,保護者（推定）,B,「トライ」＋地名等（トライの教室か別物か不明）,低,④インテント,,10,,,LOW,ブランド・指名検索,KWP_UrlSeed || KWP_SiteSeed
19508,トライ 演習,REVIEW,代表,C18195,1,トライ 演習,競合指名・周辺,保護者（推定）,B,「トライ」＋地名等（トライの教室か別物か不明）,低,④インテント,,30,,,LOW,ブランド・指名検索,KWP_UrlSeed || KWP_SiteSeed
19519,トライ コールセンター,REVIEW,代表,C14136,1,トライ コールセンター,競合指名・周辺,保護者（推定）,B,「トライ」＋地名等（トライの教室か別物か不明）,低,④インテント,,30,,,LOW,ブランド・指名検索,KWP_UrlSeed
19520,トライ 休日,REVIEW,代表,C17491,1,トライ 休日,競合指名・周辺,保護者（推定）,B,「トライ」＋地名等（トライの教室か別物か不明）,低,④インテント,,10,,,LOW,ブランド・指名検索,KWP_UrlSeed
19527,トライ 返金 されない,REVIEW,代表,C08360,1,トライ 返金 されない,競合指名・周辺,保護者（推定）,B,「トライ」＋地名等（トライの教室か別物か不明）,低,④インテント,,30,,,LOW,ブランド・指名検索,KWP_UrlSeed
19529,トライ メール,REVIEW,代表,C17381,1,トライ メール,競合指名・周辺,保護者（推定）,B,「トライ」＋地名等（トライの教室か別物か不明）,低,④インテント,,10,,,LOW,ブランド・指名検索,KWP_UrlSeed
19557,奈良 トライ,REVIEW,代表,C17931,1,奈良 トライ,競合指名・周辺,保護者（推定）,B,「トライ」＋地名等（トライの教室か別物か不明）,低,④インテント,,40,174.0,259.0,LOW,ブランド・指名検索,KWP_UrlSeed
19562,try トライ,REVIEW,代表,C06224,1,try トライ,競合指名・周辺,保護者（推定）,B,「トライ」＋地名等（トライの教室か別物か不明）,低,④インテント,,30,,,LOW,ブランド・指名検索,KWP_UrlSeed
19566,トライ フリー ダイヤル,REVIEW,代表,C17280,1,トライ フリー ダイヤル,競合指名・周辺,保護者（推定）,B,「トライ」＋地名等（トライの教室か別物か不明）,低,④インテント,,40,49.0,456.0,LOW,ブランド・指名検索,KWP_UrlSeed
19572,トライ 休み の 連絡,REVIEW,代表,C17488,1,トライ 休み の 連絡,競合指名・周辺,保護者（推定）,B,「トライ」＋地名等（トライの教室か別物か不明）,低,④インテント,,40,,,LOW,ブランド・指名検索,KWP_UrlSeed
19583,トライ 連絡 来 ない,REVIEW,代表,C10326,1,トライ 連絡 来 ない,競合指名・周辺,保護者（推定）,B,「トライ」＋地名等（トライの教室か別物か不明）,低,④インテント,,20,,,LOW,ブランド・指名検索,KWP_UrlSeed
27632,無線 トライ バンド,REVIEW,代表,C17270,1,無線 トライ バンド,競合指名・周辺,保護者（推定）,B,「トライ」＋地名等（トライの教室か別物か不明）,低,④インテント,,10,,,LOW,ブランド・指名検索,KWP_KeywordSeed
27909,トライ ホームページ,REVIEW,代表,C17370,1,トライ ホームページ,競合指名・周辺,保護者（推定）,B,「トライ」＋地名等（トライの教室か別物か不明）,低,④インテント,,70,86.0,212.0,LOW,ブランド・指名検索,KWP_SiteSeed || CompetitorMatrix
27912,トライ 熊本,REVIEW,代表,C18198,1,トライ 熊本,競合指名・周辺,保護者（推定）,B,「トライ」＋地名等（トライの教室か別物か不明）,低,④インテント,,260,149.0,241.0,LOW,ブランド・指名検索,KWP_SiteSeed
27916,トライ hp,REVIEW,代表,C03641,1,トライ hp,競合指名・周辺,保護者（推定）,B,「トライ」＋地名等（トライの教室か別物か不明）,低,④インテント,,10,,,LOW,ブランド・指名検索,KWP_SiteSeed
27917,トライ 近く,REVIEW,代表,C18247,2,トライ 近く,競合指名・周辺,保護者（推定）,B,「トライ」＋地名等（トライの教室か別物か不明）,低,④インテント,,320,139.0,352.0,LOW,ブランド・指名検索 | 地域・近くで探す,KWP_SiteSeed
27920,トライ 山口,REVIEW,代表,C18092,1,トライ 山口,競合指名・周辺,保護者（推定）,B,「トライ」＋地名等（トライの教室か別物か不明）,低,④インテント,,20,77.0,211.0,LOW,ブランド・指名検索,KWP_SiteSeed
27925,トライ 会社,REVIEW,代表,C17494,1,トライ 会社,競合指名・周辺,保護者（推定）,B,「トライ」＋地名等（トライの教室か別物か不明）,低,④インテント,,70,,,LOW,ブランド・指名検索,KWP_SiteSeed
27926,トライ 正月,REVIEW,代表,C18189,1,トライ 正月,競合指名・周辺,保護者（推定）,B,「トライ」＋地名等（トライの教室か別物か不明）,低,④インテント,,10,,,LOW,ブランド・指名検索,KWP_SiteSeed
27929,トライ チューター,REVIEW,代表,C18298,1,トライ チューター,競合指名・周辺,保護者（推定）,B,「トライ」＋地名等（トライの教室か別物か不明）,低,④インテント,,10,,,LOW,ブランド・指名検索,KWP_SiteSeed
27938,トライ ページ,REVIEW,代表,C17368,1,トライ ページ,競合指名・周辺,保護者（推定）,B,「トライ」＋地名等（トライの教室か別物か不明）,低,④インテント,,10,,,LOW,ブランド・指名検索,KWP_SiteSeed
30657,トライ 式,REVIEW,代表,C18098,1,トライ 式,競合指名・周辺,保護者（推定）,B,「トライ」＋地名等（トライの教室か別物か不明）,低,④インテント,,590,90.0,215.0,MEDIUM,ブランド・指名検索,KWP_CompetitorKeywordSeed
30662,近く の トライ,REVIEW,重複（代表に統合）,C18247,2,トライ 近く,競合指名・周辺,保護者（推定）,B,「トライ」＋地名等（トライの教室か別物か不明）,低,④インテント,,320,140.0,353.0,LOW,ブランド・指名検索 | 地域・近くで探す,KWP_CompetitorKeywordSeed
30674,トライ 式 高等,REVIEW,代表,C18101,1,トライ 式 高等,競合指名・周辺,保護者（推定）,B,「トライ」＋地名等（トライの教室か別物か不明）,低,④インテント,,110,60.0,181.0,LOW,ブランド・指名検索,KWP_CompetitorKeywordSeed
30675,トライ 太田 川,REVIEW,代表,C17928,1,トライ 太田 川,競合指名・周辺,保護者（推定）,B,「トライ」＋地名等（トライの教室か別物か不明）,低,④インテント,,40,86.0,211.0,LOW,ブランド・指名検索,KWP_CompetitorKeywordSeed
30678,トライ 池袋,REVIEW,代表,C18191,1,トライ 池袋,競合指名・周辺,保護者（推定）,B,「トライ」＋地名等（トライの教室か別物か不明）,低,④インテント,,140,116.0,212.0,LOW,ブランド・指名検索,KWP_CompetitorKeywordSeed
30679,トライ 新 百合 ヶ 丘,REVIEW,代表,C17400,1,トライ 新 百合 ヶ 丘,競合指名・周辺,保護者（推定）,B,「トライ」＋地名等（トライの教室か別物か不明）,低,④インテント,,90,126.0,256.0,LOW,ブランド・指名検索,KWP_CompetitorKeywordSeed
30680,トライ 西明石,REVIEW,代表,C18229,1,トライ 西明石,競合指名・周辺,保護者（推定）,B,「トライ」＋地名等（トライの教室か別物か不明）,低,④インテント,,50,135.0,234.0,MEDIUM,ブランド・指名検索,KWP_CompetitorKeywordSeed
30683,トライ たま プラーザ,REVIEW,代表,C09192,1,トライ たま プラーザ,競合指名・周辺,保護者（推定）,B,「トライ」＋地名等（トライの教室か別物か不明）,低,④インテント,,50,71.0,215.0,LOW,ブランド・指名検索,KWP_CompetitorKeywordSeed
30685,トライ 天王寺,REVIEW,代表,C17920,1,トライ 天王寺,競合指名・周辺,保護者（推定）,B,「トライ」＋地名等（トライの教室か別物か不明）,低,④インテント,,320,138.0,242.0,LOW,ブランド・指名検索,KWP_CompetitorKeywordSeed
30686,トライ 自由が丘,REVIEW,代表,C18218,1,トライ 自由が丘,競合指名・周辺,保護者（推定）,B,「トライ」＋地名等（トライの教室か別物か不明）,低,④インテント,,170,130.0,270.0,LOW,ブランド・指名検索,KWP_CompetitorKeywordSeed
30689,トライ 千里 中央,REVIEW,代表,C17428,1,トライ 千里 中央,競合指名・周辺,保護者（推定）,B,「トライ」＋地名等（トライの教室か別物か不明）,低,④インテント,,110,119.0,243.0,MEDIUM,ブランド・指名検索,KWP_CompetitorKeywordSeed
30693,トライ 御器所,REVIEW,代表,C18103,1,トライ 御器所,競合指名・周辺,保護者（推定）,B,「トライ」＋地名等（トライの教室か別物か不明）,低,④インテント,,40,134.0,211.0,LOW,ブランド・指名検索,KWP_CompetitorKeywordSeed
30694,トライ 藤が丘,REVIEW,代表,C18225,1,トライ 藤が丘,競合指名・周辺,保護者（推定）,B,「トライ」＋地名等（トライの教室か別物か不明）,低,④インテント,,70,102.0,274.0,LOW,ブランド・指名検索,KWP_CompetitorKeywordSeed
30695,トライ 宮の沢,REVIEW,代表,C17988,1,トライ 宮の沢,競合指名・周辺,保護者（推定）,B,「トライ」＋地名等（トライの教室か別物か不明）,低,④インテント,,40,136.0,212.0,LOW,ブランド・指名検索,KWP_CompetitorKeywordSeed
30697,トライ 丹波 橋,REVIEW,代表,C17462,1,トライ 丹波 橋,競合指名・周辺,保護者（推定）,B,「トライ」＋地名等（トライの教室か別物か不明）,低,④インテント,,50,90.0,214.0,MEDIUM,ブランド・指名検索,KWP_CompetitorKeywordSeed
30700,トライ 京橋,REVIEW,代表,C17473,1,トライ 京橋,競合指名・周辺,保護者（推定）,B,「トライ」＋地名等（トライの教室か別物か不明）,低,④インテント,,70,127.0,242.0,LOW,ブランド・指名検索,KWP_CompetitorKeywordSeed
30702,トライ 世界 史,REVIEW,代表,C17425,2,トライ 世界 史,競合指名・周辺,保護者（推定）,B,「トライ」＋地名等（トライの教室か別物か不明）,低,④インテント,,1000,,,LOW,ブランド・指名検索,KWP_CompetitorKeywordSeed
30703,トライ ふじみ野,REVIEW,代表,C10755,1,トライ ふじみ野,競合指名・周辺,保護者（推定）,B,「トライ」＋地名等（トライの教室か別物か不明）,低,④インテント,,30,106.0,277.0,LOW,ブランド・指名検索,KWP_CompetitorKeywordSeed
30704,トライ 西船橋,REVIEW,代表,C18231,1,トライ 西船橋,競合指名・周辺,保護者（推定）,B,「トライ」＋地名等（トライの教室か別物か不明）,低,④インテント,,90,128.0,214.0,LOW,ブランド・指名検索,KWP_CompetitorKeywordSeed
30706,トライ 星置,REVIEW,代表,C18152,1,トライ 星置,競合指名・周辺,保護者（推定）,B,「トライ」＋地名等（トライの教室か別物か不明）,低,④インテント,,30,97.0,246.0,MEDIUM,ブランド・指名検索,KWP_CompetitorKeywordSeed
30707,トライ 錦糸 町,REVIEW,代表,C18254,1,トライ 錦糸 町,競合指名・周辺,保護者（推定）,B,「トライ」＋地名等（トライの教室か別物か不明）,低,④インテント,,90,123.0,245.0,LOW,ブランド・指名検索,KWP_CompetitorKeywordSeed
30708,トライ 津田沼,REVIEW,代表,C18192,1,トライ 津田沼,競合指名・周辺,保護者（推定）,B,「トライ」＋地名等（トライの教室か別物か不明）,低,④インテント,,70,156.0,213.0,LOW,ブランド・指名検索,KWP_CompetitorKeywordSeed
30712,トライ 東戸塚,REVIEW,代表,C18163,1,トライ 東戸塚,競合指名・周辺,保護者（推定）,B,「トライ」＋地名等（トライの教室か別物か不明）,低,④インテント,,50,150.0,223.0,LOW,ブランド・指名検索,KWP_CompetitorKeywordSeed
30714,トライ 辻堂,REVIEW,代表,C18246,1,トライ 辻堂,競合指名・周辺,保護者（推定）,B,「トライ」＋地名等（トライの教室か別物か不明）,低,④インテント,,30,164.0,225.0,MEDIUM,ブランド・指名検索,KWP_CompetitorKeywordSeed
30717,トライ 新 石切,REVIEW,代表,C18142,1,トライ 新 石切,競合指名・周辺,保護者（推定）,B,「トライ」＋地名等（トライの教室か別物か不明）,低,④インテント,,20,150.0,229.0,LOW,ブランド・指名検索,KWP_CompetitorKeywordSeed
30718,トライ 住吉,REVIEW,代表,C17498,1,トライ 住吉,競合指名・周辺,保護者（推定）,B,「トライ」＋地名等（トライの教室か別物か不明）,低,④インテント,,30,108.0,212.0,LOW,ブランド・指名検索,KWP_CompetitorKeywordSeed
30719,トライ 行徳,REVIEW,代表,C18226,1,トライ 行徳,競合指名・周辺,保護者（推定）,B,「トライ」＋地名等（トライの教室か別物か不明）,低,④インテント,,110,154.0,212.0,LOW,ブランド・指名検索,KWP_CompetitorKeywordSeed
30722,トライ 長者原,REVIEW,代表,C18257,1,トライ 長者原,競合指名・周辺,保護者（推定）,B,「トライ」＋地名等（トライの教室か別物か不明）,低,④インテント,,20,135.0,214.0,LOW,ブランド・指名検索,KWP_CompetitorKeywordSeed
30723,トライ あざみ野,REVIEW,代表,C06968,1,トライ あざみ野,競合指名・周辺,保護者（推定）,B,「トライ」＋地名等（トライの教室か別物か不明）,低,④インテント,,50,95.0,212.0,LOW,ブランド・指名検索,KWP_CompetitorKeywordSeed
30724,トライ 鳳,REVIEW,代表,C18269,1,トライ 鳳,競合指名・周辺,保護者（推定）,B,「トライ」＋地名等（トライの教室か別物か不明）,低,④インテント,,40,114.0,211.0,LOW,ブランド・指名検索,KWP_CompetitorKeywordSeed
30725,トライ 久米川,REVIEW,代表,C17463,1,トライ 久米川,競合指名・周辺,保護者（推定）,B,「トライ」＋地名等（トライの教室か別物か不明）,低,④インテント,,20,144.0,276.0,MEDIUM,ブランド・指名検索,KWP_CompetitorKeywordSeed
30726,トライ 西院,REVIEW,代表,C18232,1,トライ 西院,競合指名・周辺,保護者（推定）,B,「トライ」＋地名等（トライの教室か別物か不明）,低,④インテント,,40,115.0,260.0,MEDIUM,ブランド・指名検索,KWP_CompetitorKeywordSeed
30727,トライ 西大寺,REVIEW,代表,C18228,1,トライ 西大寺,競合指名・周辺,保護者（推定）,B,「トライ」＋地名等（トライの教室か別物か不明）,低,④インテント,,90,106.0,211.0,LOW,ブランド・指名検索,KWP_CompetitorKeywordSeed
30728,トライ 新 瑞 橋,REVIEW,代表,C18141,2,トライ 新 瑞 橋,競合指名・周辺,保護者（推定）,B,「トライ」＋地名等（トライの教室か別物か不明）,低,④インテント,,50,120.0,214.0,MEDIUM,ブランド・指名検索,KWP_CompetitorKeywordSeed
30729,トライ 葛西,REVIEW,代表,C18224,1,トライ 葛西,競合指名・周辺,保護者（推定）,B,「トライ」＋地名等（トライの教室か別物か不明）,低,④インテント,,110,138.0,211.0,LOW,ブランド・指名検索,KWP_CompetitorKeywordSeed
30730,トライ 月寒 中央,REVIEW,代表,C17430,1,トライ 月寒 中央,競合指名・周辺,保護者（推定）,B,「トライ」＋地名等（トライの教室か別物か不明）,低,④インテント,,20,,,LOW,ブランド・指名検索,KWP_CompetitorKeywordSeed
30731,トライ 梅田,REVIEW,代表,C18185,1,トライ 梅田,競合指名・周辺,保護者（推定）,B,「トライ」＋地名等（トライの教室か別物か不明）,低,④インテント,,90,99.0,212.0,LOW,ブランド・指名検索,KWP_CompetitorKeywordSeed
30735,トライ 堺東,REVIEW,代表,C17874,1,トライ 堺東,競合指名・周辺,保護者（推定）,B,「トライ」＋地名等（トライの教室か別物か不明）,低,④インテント,,30,93.0,211.0,LOW,ブランド・指名検索,KWP_CompetitorKeywordSeed
30736,トライ 六甲 道,REVIEW,代表,C17780,1,トライ 六甲 道,競合指名・周辺,保護者（推定）,B,「トライ」＋地名等（トライの教室か別物か不明）,低,④インテント,,30,114.0,280.0,MEDIUM,ブランド・指名検索,KWP_CompetitorKeywordSeed
30738,トライ 西 神南,REVIEW,代表,C18208,1,トライ 西 神南,競合指名・周辺,保護者（推定）,B,「トライ」＋地名等（トライの教室か別物か不明）,低,④インテント,,20,101.0,212.0,LOW,ブランド・指名検索,KWP_CompetitorKeywordSeed
30739,トライ 浄心,REVIEW,代表,C18193,1,トライ 浄心,競合指名・周辺,保護者（推定）,B,「トライ」＋地名等（トライの教室か別物か不明）,低,④インテント,,10,112.0,211.0,MEDIUM,ブランド・指名検索,KWP_CompetitorKeywordSeed
30740,トライ 茗荷谷,REVIEW,代表,C18223,1,トライ 茗荷谷,競合指名・周辺,保護者（推定）,B,「トライ」＋地名等（トライの教室か別物か不明）,低,④インテント,,30,82.0,211.0,MEDIUM,ブランド・指名検索,KWP_CompetitorKeywordSeed
30743,トライ 徳重,REVIEW,代表,C18105,1,トライ 徳重,競合指名・周辺,保護者（推定）,B,「トライ」＋地名等（トライの教室か別物か不明）,低,④インテント,,20,134.0,478.0,LOW,ブランド・指名検索,KWP_CompetitorKeywordSeed
30744,トライ 新札幌,REVIEW,代表,C18140,2,トライ 新札幌,競合指名・周辺,保護者（推定）,B,「トライ」＋地名等（トライの教室か別物か不明）,低,④インテント,,40,105.0,213.0,MEDIUM,ブランド・指名検索 | 地域・近くで探す,KWP_CompetitorKeywordSeed
30745,トライ 高円寺,REVIEW,代表,C18265,1,トライ 高円寺,競合指名・周辺,保護者（推定）,B,「トライ」＋地名等（トライの教室か別物か不明）,低,④インテント,,30,143.0,237.0,MEDIUM,ブランド・指名検索,KWP_CompetitorKeywordSeed
30746,トライ 本山,REVIEW,代表,C18160,1,トライ 本山,競合指名・周辺,保護者（推定）,B,「トライ」＋地名等（トライの教室か別物か不明）,低,④インテント,,20,106.0,275.0,LOW,ブランド・指名検索,KWP_CompetitorKeywordSeed
30747,トライ 南柏,REVIEW,代表,C17806,1,トライ 南柏,競合指名・周辺,保護者（推定）,B,「トライ」＋地名等（トライの教室か別物か不明）,低,④インテント,,40,94.0,211.0,LOW,ブランド・指名検索,KWP_CompetitorKeywordSeed
30748,トライ 開校 時間,REVIEW,代表,C18156,1,トライ 開校 時間,競合指名・周辺,保護者（推定）,B,「トライ」＋地名等（トライの教室か別物か不明）,低,④インテント,,40,,,LOW,ブランド・指名検索,KWP_CompetitorKeywordSeed
30749,トライ 丸太町,REVIEW,代表,C17461,1,トライ 丸太町,競合指名・周辺,保護者（推定）,B,「トライ」＋地名等（トライの教室か別物か不明）,低,④インテント,,50,126.0,212.0,LOW,ブランド・指名検索,KWP_CompetitorKeywordSeed
30750,トライ 日暮里,REVIEW,代表,C18147,1,トライ 日暮里,競合指名・周辺,保護者（推定）,B,「トライ」＋地名等（トライの教室か別物か不明）,低,④インテント,,40,114.0,264.0,LOW,ブランド・指名検索,KWP_CompetitorKeywordSeed
30751,トライ 小禄,REVIEW,代表,C18090,1,トライ 小禄,競合指名・周辺,保護者（推定）,B,「トライ」＋地名等（トライの教室か別物か不明）,低,④インテント,,50,158.0,508.0,MEDIUM,ブランド・指名検索,KWP_CompetitorKeywordSeed
30754,トライ おおたか の 森,REVIEW,代表,C07331,1,トライ おおたか の 森,競合指名・周辺,保護者（推定）,B,「トライ」＋地名等（トライの教室か別物か不明）,低,④インテント,,50,115.0,230.0,MEDIUM,ブランド・指名検索,KWP_CompetitorKeywordSeed
30755,トライ 北大路,REVIEW,代表,C17803,1,トライ 北大路,競合指名・周辺,保護者（推定）,B,「トライ」＋地名等（トライの教室か別物か不明）,低,④インテント,,50,99.0,267.0,LOW,ブランド・指名検索,KWP_CompetitorKeywordSeed
30757,トライ 布施,REVIEW,代表,C18096,2,トライ 布施,競合指名・周辺,保護者（推定）,B,「トライ」＋地名等（トライの教室か別物か不明）,低,④インテント,,110,118.0,225.0,LOW,ブランド・指名検索,KWP_CompetitorKeywordSeed
30759,トライ 西多賀,REVIEW,代表,C18227,1,トライ 西多賀,競合指名・周辺,保護者（推定）,B,「トライ」＋地名等（トライの教室か別物か不明）,低,④インテント,,40,146.0,308.0,LOW,ブランド・指名検索,KWP_CompetitorKeywordSeed
30761,トライ 四条 烏丸,REVIEW,代表,C17865,1,トライ 四条 烏丸,競合指名・周辺,保護者（推定）,B,「トライ」＋地名等（トライの教室か別物か不明）,低,④インテント,,40,56.0,212.0,LOW,ブランド・指名検索,KWP_CompetitorKeywordSeed
30766,世界 史 トライ,REVIEW,重複（代表に統合）,C17425,2,トライ 世界 史,競合指名・周辺,保護者（推定）,B,「トライ」＋地名等（トライの教室か別物か不明）,低,④インテント,,720,,,LOW,ブランド・指名検索,KWP_CompetitorKeywordSeed
30774,布施 トライ,REVIEW,重複（代表に統合）,C18096,2,トライ 布施,競合指名・周辺,保護者（推定）,B,「トライ」＋地名等（トライの教室か別物か不明）,低,④インテント,,110,118.0,225.0,LOW,ブランド・指名検索,KWP_CompetitorKeywordSeed
30778,edulio トライ,REVIEW,代表,C03486,1,edulio トライ,競合指名・周辺,保護者（推定）,B,「トライ」＋地名等（トライの教室か別物か不明）,低,④インテント,,70,,,LOW,ブランド・指名検索,KWP_CompetitorKeywordSeed
30784,try 世界 史,REVIEW,代表,C06225,2,try 世界 史,競合指名・周辺,保護者（推定）,B,「トライ」＋地名等（トライの教室か別物か不明）,低,④インテント,,140,,,LOW,ブランド・指名検索,KWP_CompetitorKeywordSeed
30787,トライ の,REVIEW,代表,C17259,1,トライ の,競合指名・周辺,保護者（推定）,B,「トライ」＋地名等（トライの教室か別物か不明）,低,④インテント,,20,,,LOW,ブランド・指名検索,KWP_CompetitorKeywordSeed
30789,トライ アンド トライ,REVIEW,代表,C18273,1,トライ アンド トライ,競合指名・周辺,保護者（推定）,B,「トライ」＋地名等（トライの教室か別物か不明）,低,④インテント,,140,,,LOW,ブランド・指名検索,KWP_CompetitorKeywordSeed
30792,トライ セイバン,REVIEW,代表,C18295,1,トライ セイバン,競合指名・周辺,保護者（推定）,B,「トライ」＋地名等（トライの教室か別物か不明）,低,④インテント,,10,,,UNSPECIFIED,ブランド・指名検索,KWP_CompetitorKeywordSeed
30802,世界 史 try,REVIEW,重複（代表に統合）,C06225,2,try 世界 史,競合指名・周辺,保護者（推定）,B,「トライ」＋地名等（トライの教室か別物か不明）,低,④インテント,,70,,,LOW,ブランド・指名検索,KWP_CompetitorKeywordSeed
30804,今川 和哉 トライ,REVIEW,代表,C17475,1,今川 和哉 トライ,競合指名・周辺,保護者（推定）,B,「トライ」＋地名等（トライの教室か別物か不明）,低,④インテント,,90,,,LOW,ブランド・指名検索,KWP_CompetitorKeywordSeed
30831,トライ 兄弟 割引,REVIEW,代表,C17761,1,トライ 兄弟 割引,競合指名・周辺,保護者（推定）,B,「トライ」＋地名等（トライの教室か別物か不明）,低,④インテント,,20,,,LOW,比較検討・料金・申込 | ブランド・指名検索,KWP_CompetitorKeywordSeed
30876,sh figuarts タイプ トライ ドロン,REVIEW,代表,C05790,1,sh figuarts タイプ トライ ドロン,競合指名・周辺,保護者（推定）,B,「トライ」＋地名等（トライの教室か別物か不明）,低,④インテント,,10,,,LOW,ブランド・指名検索,KWP_CompetitorKeywordSeed
30877,sh figuarts 仮面 ライダー ドライブ トライ ドロン,REVIEW,代表,C05791,1,sh figuarts 仮面 ライダー ドライブ トライ ドロン,競合指名・周辺,保護者（推定）,B,「トライ」＋地名等（トライの教室か別物か不明）,低,④インテント,,10,,,UNSPECIFIED,ブランド・指名検索,KWP_CompetitorKeywordSeed
30878,sh フィギュ アーツ トライ ドロン,REVIEW,代表,C05788,1,sh フィギュ アーツ トライ ドロン,競合指名・周辺,保護者（推定）,B,「トライ」＋地名等（トライの教室か別物か不明）,低,④インテント,,20,,,MEDIUM,ブランド・指名検索,KWP_CompetitorKeywordSeed
30879,shf トライ ドロン,REVIEW,代表,C05789,1,shf トライ ドロン,競合指名・周辺,保護者（推定）,B,「トライ」＋地名等（トライの教室か別物か不明）,低,④インテント,,10,,,LOW,ブランド・指名検索,KWP_CompetitorKeywordSeed
30895,トライ ドロン アーツ,REVIEW,代表,C18305,1,トライ ドロン アーツ,競合指名・周辺,保護者（推定）,B,「トライ」＋地名等（トライの教室か別物か不明）,低,④インテント,,10,,,LOW,ブランド・指名検索,KWP_CompetitorKeywordSeed
30958,トライ 受講 料,REVIEW,代表,C17809,1,トライ 受講 料,競合指名・周辺,保護者（推定）,B,「トライ」＋地名等（トライの教室か別物か不明）,低,④インテント,,10,206.0,347.0,MEDIUM,ブランド・指名検索,KWP_CompetitorKeywordSeed
31186,家庭 トライ,REVIEW,代表,C17991,3,家庭 トライ,競合指名・周辺,保護者（推定）,B,「トライ」＋地名等（トライの教室か別物か不明）,低,④インテント,,30,130.0,438.0,MEDIUM,ブランド・指名検索,KWP_CompetitorKeywordSeed
31215,家庭 の トライ,REVIEW,重複（代表に統合）,C17991,3,家庭 トライ,競合指名・周辺,保護者（推定）,B,「トライ」＋地名等（トライの教室か別物か不明）,低,④インテント,,10,250.0,678.0,HIGH,ブランド・指名検索,KWP_CompetitorKeywordSeed
31226,トライ 家庭,REVIEW,重複（代表に統合）,C17991,3,家庭 トライ,競合指名・周辺,保護者（推定）,B,「トライ」＋地名等（トライの教室か別物か不明）,低,④インテント,,30,130.0,438.0,MEDIUM,ブランド・指名検索,KWP_CompetitorKeywordSeed
31440,家庭 教育 の トライ,REVIEW,代表,C18083,1,家庭 教育 の トライ,競合指名・周辺,保護者（推定）,B,「トライ」＋地名等（トライの教室か別物か不明）,低,④インテント,,10,,,LOW,ブランド・指名検索,KWP_CompetitorKeywordSeed
31486,トライ 南仙台,REVIEW,代表,C17807,1,トライ 南仙台,競合指名・周辺,保護者（推定）,B,「トライ」＋地名等（トライの教室か別物か不明）,低,④インテント,,30,157.0,250.0,LOW,ブランド・指名検索 | 地域・近くで探す,KWP_CompetitorKeywordSeed
31488,個人 指導 トライ,REVIEW,代表,C17526,3,個人 指導 トライ,競合指名・周辺,保護者（推定）,B,「トライ」＋地名等（トライの教室か別物か不明）,低,④インテント,,70,166.0,389.0,MEDIUM,ブランド・指名検索,KWP_CompetitorKeywordSeed
31491,トライ 南松本,REVIEW,代表,C17808,1,トライ 南松本,競合指名・周辺,保護者（推定）,B,「トライ」＋地名等（トライの教室か別物か不明）,低,④インテント,,20,105.0,212.0,MEDIUM,ブランド・指名検索,KWP_CompetitorKeywordSeed
31493,トライ 新飯塚,REVIEW,代表,C18144,1,トライ 新飯塚,競合指名・周辺,保護者（推定）,B,「トライ」＋地名等（トライの教室か別物か不明）,低,④インテント,,20,123.0,230.0,LOW,ブランド・指名検索,KWP_CompetitorKeywordSeed
31494,トライ 勝田台,REVIEW,代表,C17801,1,トライ 勝田台,競合指名・周辺,保護者（推定）,B,「トライ」＋地名等（トライの教室か別物か不明）,低,④インテント,,50,117.0,212.0,MEDIUM,ブランド・指名検索,KWP_CompetitorKeywordSeed
31495,トライ 琴似,REVIEW,代表,C18199,1,トライ 琴似,競合指名・周辺,保護者（推定）,B,「トライ」＋地名等（トライの教室か別物か不明）,低,④インテント,,30,126.0,212.0,MEDIUM,ブランド・指名検索,KWP_CompetitorKeywordSeed
31496,トライ 五位堂,REVIEW,代表,C17471,1,トライ 五位堂,競合指名・周辺,保護者（推定）,B,「トライ」＋地名等（トライの教室か別物か不明）,低,④インテント,,20,92.0,229.0,MEDIUM,ブランド・指名検索,KWP_CompetitorKeywordSeed
31498,トライ 北与野,REVIEW,代表,C17802,1,トライ 北与野,競合指名・周辺,保護者（推定）,B,「トライ」＋地名等（トライの教室か別物か不明）,低,④インテント,,20,88.0,229.0,LOW,ブランド・指名検索,KWP_CompetitorKeywordSeed
31499,トライ 松任 駅前,REVIEW,代表,C18164,1,トライ 松任 駅前,競合指名・周辺,保護者（推定）,B,「トライ」＋地名等（トライの教室か別物か不明）,低,④インテント,,20,100.0,288.0,MEDIUM,ブランド・指名検索 | 地域・近くで探す,KWP_CompetitorKeywordSeed
31501,トライ 西春,REVIEW,代表,C18230,1,トライ 西春,競合指名・周辺,保護者（推定）,B,「トライ」＋地名等（トライの教室か別物か不明）,低,④インテント,,20,,,LOW,ブランド・指名検索,KWP_CompetitorKeywordSeed
31504,トライ 板宿,REVIEW,代表,C18166,1,トライ 板宿,競合指名・周辺,保護者（推定）,B,「トライ」＋地名等（トライの教室か別物か不明）,低,④インテント,,30,87.0,211.0,MEDIUM,ブランド・指名検索,KWP_CompetitorKeywordSeed
31505,トライ 国府宮,REVIEW,代表,C17866,1,トライ 国府宮,競合指名・周辺,保護者（推定）,B,「トライ」＋地名等（トライの教室か別物か不明）,低,④インテント,,20,77.0,208.0,MEDIUM,ブランド・指名検索,KWP_CompetitorKeywordSeed
31506,トライ 徳山 駅前,REVIEW,代表,C18104,1,トライ 徳山 駅前,競合指名・周辺,保護者（推定）,B,「トライ」＋地名等（トライの教室か別物か不明）,低,④インテント,,30,,,MEDIUM,ブランド・指名検索 | 地域・近くで探す,KWP_CompetitorKeywordSeed
31507,トライ 福 工大 前,REVIEW,代表,C17795,1,トライ 福 工大 前,競合指名・周辺,保護者（推定）,B,「トライ」＋地名等（トライの教室か別物か不明）,低,④インテント,,10,72.0,407.0,LOW,ブランド・指名検索,KWP_CompetitorKeywordSeed
31510,トライ 大和 八木,REVIEW,代表,C17778,1,トライ 大和 八木,競合指名・周辺,保護者（推定）,B,「トライ」＋地名等（トライの教室か別物か不明）,低,④インテント,,40,87.0,213.0,LOW,ブランド・指名検索,KWP_CompetitorKeywordSeed
31516,トライ 西高屋,REVIEW,代表,C18233,1,トライ 西高屋,競合指名・周辺,保護者（推定）,B,「トライ」＋地名等（トライの教室か別物か不明）,低,④インテント,,20,74.0,210.0,MEDIUM,ブランド・指名検索,KWP_CompetitorKeywordSeed
31517,トライ あいの里,REVIEW,代表,C06955,1,トライ あいの里,競合指名・周辺,保護者（推定）,B,「トライ」＋地名等（トライの教室か別物か不明）,低,④インテント,,50,138.0,226.0,MEDIUM,ブランド・指名検索,KWP_CompetitorKeywordSeed
31519,トライ 城野,REVIEW,代表,C17870,1,トライ 城野,競合指名・周辺,保護者（推定）,B,「トライ」＋地名等（トライの教室か別物か不明）,低,④インテント,,20,118.0,212.0,LOW,ブランド・指名検索,KWP_CompetitorKeywordSeed
31520,トライ 篠ノ井,REVIEW,代表,C18214,1,トライ 篠ノ井,競合指名・周辺,保護者（推定）,B,「トライ」＋地名等（トライの教室か別物か不明）,低,④インテント,,10,,,MEDIUM,ブランド・指名検索,KWP_CompetitorKeywordSeed
31521,トライ 三国 ヶ 丘,REVIEW,代表,C17404,1,トライ 三国 ヶ 丘,競合指名・周辺,保護者（推定）,B,「トライ」＋地名等（トライの教室か別物か不明）,低,④インテント,,20,100.0,211.0,MEDIUM,ブランド・指名検索,KWP_CompetitorKeywordSeed
31522,トライ 新下関,REVIEW,代表,C18143,1,トライ 新下関,競合指名・周辺,保護者（推定）,B,「トライ」＋地名等（トライの教室か別物か不明）,低,④インテント,,20,105.0,212.0,MEDIUM,ブランド・指名検索,KWP_CompetitorKeywordSeed
31523,トライ 諏訪 神社 前,REVIEW,代表,C18241,1,トライ 諏訪 神社 前,競合指名・周辺,保護者（推定）,B,「トライ」＋地名等（トライの教室か別物か不明）,低,④インテント,,10,71.0,212.0,LOW,ブランド・指名検索,KWP_CompetitorKeywordSeed
31524,トライ 羽犬塚,REVIEW,代表,C18217,1,トライ 羽犬塚,競合指名・周辺,保護者（推定）,B,「トライ」＋地名等（トライの教室か別物か不明）,低,④インテント,,30,96.0,223.0,MEDIUM,ブランド・指名検索,KWP_CompetitorKeywordSeed
31527,トライ 直江津,REVIEW,代表,C18204,1,トライ 直江津,競合指名・周辺,保護者（推定）,B,「トライ」＋地名等（トライの教室か別物か不明）,低,④インテント,,10,,,LOW,ブランド・指名検索,KWP_CompetitorKeywordSeed
31531,トライ 香椎,REVIEW,代表,C18261,1,トライ 香椎,競合指名・周辺,保護者（推定）,B,「トライ」＋地名等（トライの教室か別物か不明）,低,④インテント,,10,137.0,223.0,MEDIUM,ブランド・指名検索,KWP_CompetitorKeywordSeed
31542,トライ 桜橋,REVIEW,代表,C18184,1,トライ 桜橋,競合指名・周辺,保護者（推定）,B,「トライ」＋地名等（トライの教室か別物か不明）,低,④インテント,,10,,,UNSPECIFIED,ブランド・指名検索,KWP_CompetitorKeywordSeed
31545,トライ 千早 駅前,REVIEW,代表,C17794,1,トライ 千早 駅前,競合指名・周辺,保護者（推定）,B,「トライ」＋地名等（トライの教室か別物か不明）,低,④インテント,,10,,,LOW,ブランド・指名検索 | 地域・近くで探す,KWP_CompetitorKeywordSeed
31546,個人 指導 の トライ,REVIEW,重複（代表に統合）,C17526,3,個人 指導 トライ,競合指名・周辺,保護者（推定）,B,「トライ」＋地名等（トライの教室か別物か不明）,低,④インテント,,70,166.0,389.0,MEDIUM,ブランド・指名検索,KWP_CompetitorKeywordSeed
31552,トライ 長森,REVIEW,代表,C18256,1,トライ 長森,競合指名・周辺,保護者（推定）,B,「トライ」＋地名等（トライの教室か別物か不明）,低,④インテント,,10,,,LOW,ブランド・指名検索,KWP_CompetitorKeywordSeed
31553,トライ ラソラ,REVIEW,代表,C18320,1,トライ ラソラ,競合指名・周辺,保護者（推定）,B,「トライ」＋地名等（トライの教室か別物か不明）,低,④インテント,,10,86.0,212.0,LOW,ブランド・指名検索,KWP_CompetitorKeywordSeed
31558,トライ 矢上,REVIEW,代表,C18205,1,トライ 矢上,競合指名・周辺,保護者（推定）,B,「トライ」＋地名等（トライの教室か別物か不明）,低,④インテント,,10,,,LOW,ブランド・指名検索,KWP_CompetitorKeywordSeed
31561,トライ 高田 駅前,REVIEW,代表,C18263,1,トライ 高田 駅前,競合指名・周辺,保護者（推定）,B,「トライ」＋地名等（トライの教室か別物か不明）,低,④インテント,,10,,,LOW,ブランド・指名検索 | 地域・近くで探す,KWP_CompetitorKeywordSeed
31565,新 瑞 橋 トライ,REVIEW,重複（代表に統合）,C18141,2,トライ 新 瑞 橋,競合指名・周辺,保護者（推定）,B,「トライ」＋地名等（トライの教室か別物か不明）,低,④インテント,,50,119.0,214.0,MEDIUM,ブランド・指名検索,KWP_CompetitorKeywordSeed
31576,トライ はりまや,REVIEW,代表,C10677,1,トライ はりまや,競合指名・周辺,保護者（推定）,B,「トライ」＋地名等（トライの教室か別物か不明）,低,④インテント,,10,,,LOW,ブランド・指名検索,KWP_CompetitorKeywordSeed
31579,トライ 五稜郭,REVIEW,代表,C17472,1,トライ 五稜郭,競合指名・周辺,保護者（推定）,B,「トライ」＋地名等（トライの教室か別物か不明）,低,④インテント,,10,,,LOW,ブランド・指名検索,KWP_CompetitorKeywordSeed
31598,トライ 滝尾,REVIEW,代表,C18194,1,トライ 滝尾,競合指名・周辺,保護者（推定）,B,「トライ」＋地名等（トライの教室か別物か不明）,低,④インテント,,10,143.0,216.0,MEDIUM,ブランド・指名検索,KWP_CompetitorKeywordSeed
31600,トライ 瓦 町 フラッグ,REVIEW,代表,C17273,1,トライ 瓦 町 フラッグ,競合指名・周辺,保護者（推定）,B,「トライ」＋地名等（トライの教室か別物か不明）,低,④インテント,,20,108.0,212.0,MEDIUM,ブランド・指名検索,KWP_CompetitorKeywordSeed
31601,トライ 神領,REVIEW,代表,C18209,1,トライ 神領,競合指名・周辺,保護者（推定）,B,「トライ」＋地名等（トライの教室か別物か不明）,低,④インテント,,10,,,LOW,ブランド・指名検索,KWP_CompetitorKeywordSeed
31602,トライ 緑丘,REVIEW,代表,C18216,1,トライ 緑丘,競合指名・周辺,保護者（推定）,B,「トライ」＋地名等（トライの教室か別物か不明）,低,④インテント,,20,,,LOW,ブランド・指名検索,KWP_CompetitorKeywordSeed
31608,トライ 近鉄 郡山,REVIEW,代表,C18248,1,トライ 近鉄 郡山,競合指名・周辺,保護者（推定）,B,「トライ」＋地名等（トライの教室か別物か不明）,低,④インテント,,10,,,LOW,ブランド・指名検索,KWP_CompetitorKeywordSeed
31730,新札幌 トライ,REVIEW,重複（代表に統合）,C18140,2,トライ 新札幌,競合指名・周辺,保護者（推定）,B,「トライ」＋地名等（トライの教室か別物か不明）,低,④インテント,,10,85.0,277.0,LOW,ブランド・指名検索 | 地域・近くで探す,KWP_CompetitorKeywordSeed
31808,個人 トライ,REVIEW,代表,C17523,1,個人 トライ,競合指名・周辺,保護者（推定）,B,「トライ」＋地名等（トライの教室か別物か不明）,低,④インテント,,40,178.0,299.0,MEDIUM,ブランド・指名検索,KWP_CompetitorKeywordSeed
31809,トライ 個人 指導,REVIEW,重複（代表に統合）,C17526,3,個人 指導 トライ,競合指名・周辺,保護者（推定）,B,「トライ」＋地名等（トライの教室か別物か不明）,低,④インテント,,70,166.0,389.0,MEDIUM,ブランド・指名検索,KWP_CompetitorKeywordSeed
31811,駅前 トライ,REVIEW,代表,C18262,1,駅前 トライ,競合指名・周辺,保護者（推定）,B,「トライ」＋地名等（トライの教室か別物か不明）,低,④インテント,,30,168.0,392.0,MEDIUM,ブランド・指名検索 | 地域・近くで探す,KWP_CompetitorKeywordSeed
31820,トライ 下館,REVIEW,代表,C17406,1,トライ 下館,競合指名・周辺,保護者（推定）,B,「トライ」＋地名等（トライの教室か別物か不明）,低,④インテント,,10,106.0,211.0,MEDIUM,ブランド・指名検索,KWP_CompetitorKeywordSeed
31844,トライ 与 進,REVIEW,代表,C17423,1,トライ 与 進,競合指名・周辺,保護者（推定）,B,「トライ」＋地名等（トライの教室か別物か不明）,低,④インテント,,10,,,LOW,ブランド・指名検索,KWP_CompetitorKeywordSeed
47397,トライアンフ,REVIEW,代表,C18274,1,トライアンフ,競合指名・周辺,保護者（推定）,B,「トライ」＋地名等（トライの教室か別物か不明）,低,④インテント,,74000,27.0,151.0,LOW,ブランド・指名検索,Google_competitor_suggest
47398,トライワークス,REVIEW,代表,C17397,1,トライワークス,競合指名・周辺,保護者（推定）,B,「トライ」＋地名等（トライの教室か別物か不明）,低,④インテント,,110000,,,LOW,ブランド・指名検索,Google_competitor_suggest
47401,トライトン,REVIEW,代表,C18304,1,トライトン,競合指名・周辺,保護者（推定）,B,「トライ」＋地名等（トライの教室か別物か不明）,低,④インテント,,60500,2.0,23.0,MEDIUM,ブランド・指名検索,Google_competitor_suggest
47402,トライグループ,REVIEW,代表,C13526,1,トライグループ,競合指名・周辺,保護者（推定）,B,「トライ」＋地名等（トライの教室か別物か不明）,低,④インテント,,2900,85.0,328.0,LOW,ブランド・指名検索,Google_competitor_suggest
47404,トライアイズ,REVIEW,代表,C18270,1,トライアイズ,競合指名・周辺,保護者（推定）,B,「トライ」＋地名等（トライの教室か別物か不明）,低,④インテント,,1900,,,LOW,ブランド・指名検索,Google_competitor_suggest
47407,トライ cvc,REVIEW,代表,C03353,1,トライ cvc,競合指名・周辺,保護者（推定）,B,「トライ」＋地名等（トライの教室か別物か不明）,低,④インテント,,10,,,LOW,ブランド・指名検索,Google_competitor_suggest
68021,トライ とは,REVIEW,代表,C09884,1,トライ とは,競合指名・周辺,保護者（推定）,B,「トライ」＋地名等（トライの教室か別物か不明）,低,④インテント,,90,,,LOW,ブランド・指名検索 | 特性そのものを調べる（とは・特徴・チェック）,CompetitorMatrix
46145,発達障害 個別指導計画,REVIEW,代表,C25088,1,発達障害 個別指導計画,サービス探し（特性/不登校×学習支援）,保護者,A,個別の指導計画/支援計画（保護者も関わるが教員側寄り）,低,②顕在,,10,,,UNSPECIFIED,サービス探し（家庭教師・塾・支援） | 学習のやり方・学習課題,Google_suggest
1856,edubal 料金,REVIEW,代表,C03483,1,edubal 料金,学習・学校の一般情報,保護者,C,固有名詞×比較/教育語（教育サービスか要確認）,低,④インテント,,10,,,MEDIUM,比較検討・料金・申込,KWP_KeywordSeed
1895,edubal 口コミ,REVIEW,代表,C03481,1,edubal 口コミ,学習・学校の一般情報,保護者,C,固有名詞×比較/教育語（教育サービスか要確認）,低,④インテント,,10,,,LOW,比較検討・料金・申込,KWP_KeywordSeed
1968,ラクモン 口コミ,REVIEW,代表,C21017,1,ラクモン 口コミ,学習・学校の一般情報,保護者,C,固有名詞×比較/教育語（教育サービスか要確認）,低,④インテント,,70,192.0,679.0,LOW,比較検討・料金・申込,KWP_KeywordSeed
1969,ラクモン 料金,REVIEW,代表,C21018,1,ラクモン 料金,学習・学校の一般情報,保護者,C,固有名詞×比較/教育語（教育サービスか要確認）,低,④インテント,,10,,,LOW,比較検討・料金・申込,KWP_KeywordSeed
2168,マナベスト 料金,REVIEW,代表,C20635,1,マナベスト 料金,学習・学校の一般情報,保護者,C,固有名詞×比較/教育語（教育サービスか要確認）,低,④インテント,,20,211.0,545.0,MEDIUM,比較検討・料金・申込,KWP_KeywordSeed
2230,ジャニアス 料金,REVIEW,代表,C14641,1,ジャニアス 料金,学習・学校の一般情報,保護者,C,固有名詞×比較/教育語（教育サービスか要確認）,低,④インテント,,10,,,MEDIUM,比較検討・料金・申込,KWP_KeywordSeed
2270,マナベスト 入会 金,REVIEW,代表,C20634,1,マナベスト 入会 金,学習・学校の一般情報,保護者,C,固有名詞×比較/教育語（教育サービスか要確認）,低,④インテント,,10,,,UNSPECIFIED,比較検討・料金・申込,KWP_KeywordSeed
2328,ネッティー 料金,REVIEW,代表,C19170,1,ネッティー 料金,学習・学校の一般情報,保護者,C,固有名詞×比較/教育語（教育サービスか要確認）,低,④インテント,,10,,,UNSPECIFIED,比較検討・料金・申込 | 療育・福祉・居場所,KWP_KeywordSeed || KWP_SiteSeed
2534,まつ がく 月謝,REVIEW,代表,C07901,1,まつ がく 月謝,学習・学校の一般情報,保護者,C,固有名詞×比較/教育語（教育サービスか要確認）,低,④インテント,,110,87.0,345.0,MEDIUM,比較検討・料金・申込,KWP_KeywordSeed
2545,コベキャン 料金,REVIEW,代表,C13879,1,コベキャン 料金,学習・学校の一般情報,保護者,C,固有名詞×比較/教育語（教育サービスか要確認）,低,④インテント,,210,165.0,719.0,MEDIUM,比較検討・料金・申込,KWP_KeywordSeed
2647,全教研 エコール 料金,REVIEW,代表,C12106,1,全教研 エコール 料金,学習・学校の一般情報,保護者,C,固有名詞×比較/教育語（教育サービスか要確認）,低,④インテント,,70,149.0,518.0,LOW,比較検討・料金・申込,KWP_KeywordSeed
2824,ニスコ パーソナル 料金,REVIEW,代表,C19140,2,ニスコ パーソナル 料金,学習・学校の一般情報,保護者,C,固有名詞×比較/教育語（教育サービスか要確認）,低,④インテント,,140,86.0,380.0,MEDIUM,比較検討・料金・申込,KWP_KeywordSeed
2915,慶 林 館 料金,REVIEW,代表,C31891,1,慶 林 館 料金,学習・学校の一般情報,保護者,C,固有名詞×比較/教育語（教育サービスか要確認）,低,④インテント,,20,99.0,631.0,MEDIUM,比較検討・料金・申込,KWP_KeywordSeed
2955,秀 英 パス 料金,REVIEW,代表,C19450,1,秀 英 パス 料金,学習・学校の一般情報,保護者,C,固有名詞×比較/教育語（教育サービスか要確認）,低,④インテント,,30,99.0,506.0,LOW,比較検討・料金・申込,KWP_KeywordSeed
3154,ノートス 料金,REVIEW,代表,C17244,1,ノートス 料金,学習・学校の一般情報,保護者,C,固有名詞×比較/教育語（教育サービスか要確認）,低,④インテント,,20,105.0,240.0,MEDIUM,比較検討・料金・申込 | 一般の学校・学習情報（特性語なし）,KWP_KeywordSeed
3217,秀 英 pas 料金,REVIEW,代表,C05557,1,秀 英 pas 料金,学習・学校の一般情報,保護者,C,固有名詞×比較/教育語（教育サービスか要確認）,低,④インテント,,20,,,LOW,比較検討・料金・申込,KWP_KeywordSeed
3247,グノリンク 料金,REVIEW,代表,C13511,1,グノリンク 料金,学習・学校の一般情報,保護者,C,固有名詞×比較/教育語（教育サービスか要確認）,低,④インテント,,10,,,LOW,比較検討・料金・申込,KWP_KeywordSeed
3391,meiko muse 料金,REVIEW,代表,C05358,1,meiko muse 料金,学習・学校の一般情報,保護者,C,固有名詞×比較/教育語（教育サービスか要確認）,低,④インテント,,10,,,LOW,比較検討・料金・申込,KWP_KeywordSeed || KWP_CompetitorKeywordSeed
3412,イールート 料金,REVIEW,代表,C11840,1,イールート 料金,学習・学校の一般情報,保護者,C,固有名詞×比較/教育語（教育サービスか要確認）,低,④インテント,,20,121.0,414.0,MEDIUM,比較検討・料金・申込,KWP_KeywordSeed
3463,ニスコ パーソナル 月謝,REVIEW,重複（代表に統合）,C19140,2,ニスコ パーソナル 料金,学習・学校の一般情報,保護者,C,固有名詞×比較/教育語（教育サービスか要確認）,低,④インテント,,10,,,UNSPECIFIED,比較検討・料金・申込,KWP_KeywordSeed
3483,ミライズ コベツ 料金,REVIEW,代表,C20725,1,ミライズ コベツ 料金,学習・学校の一般情報,保護者,C,固有名詞×比較/教育語（教育サービスか要確認）,低,④インテント,,10,,,UNSPECIFIED,比較検討・料金・申込,KWP_KeywordSeed
3559,合格 メソッド with ie 料金,REVIEW,代表,C06701,1,合格 メソッド with ie 料金,学習・学校の一般情報,保護者,C,固有名詞×比較/教育語（教育サービスか要確認）,低,④インテント,,0,,,UNSPECIFIED,比較検討・料金・申込 | 受験・進路,KWP_KeywordSeed || KWP_CompetitorKeywordSeed
3601,市 進 ウイング ネット 料金,REVIEW,代表,C12014,1,市 進 ウイング ネット 料金,学習・学校の一般情報,保護者,C,固有名詞×比較/教育語（教育サービスか要確認）,低,④インテント,,10,,,UNSPECIFIED,比較検討・料金・申込,KWP_KeywordSeed
3978,wais iv 費用,REVIEW,代表,C06336,1,wais iv 費用,学習・学校の一般情報,保護者,C,固有名詞×比較/教育語（教育サービスか要確認）,低,④インテント,,320,65.0,267.0,LOW,比較検討・料金・申込 | 知能検査・検査結果,KWP_KeywordSeed
4009,wais iii 値段,REVIEW,代表,C06319,1,wais iii 値段,学習・学校の一般情報,保護者（推定）,C,固有名詞×比較/教育語（教育サービスか要確認）,低,④インテント,,10,,,LOW,比較検討・料金・申込 | 知能検査・検査結果,KWP_KeywordSeed
7947,まつ がく 高い,REVIEW,代表,C07902,1,まつ がく 高い,学習・学校の一般情報,保護者（推定）,C,固有名詞×比較/教育語（教育サービスか要確認）,低,④インテント,,10,,,MEDIUM,比較検討・料金・申込,KWP_KeywordSeed
13171,wais iii 費用,REVIEW,代表,C06322,1,wais iii 費用,学習・学校の一般情報,保護者,C,固有名詞×比較/教育語（教育サービスか要確認）,低,④インテント,,20,,,LOW,比較検討・料金・申込 | 知能検査・検査結果,KWP_KeywordSeed
13275,体験 無料,REVIEW,代表,C24287,1,体験 無料,学習・学校の一般情報,保護者,C,固有名詞×比較/教育語（教育サービスか要確認）,低,④インテント,,1600,261.0,999.0,MEDIUM,比較検討・料金・申込,KWP_UrlSeed
13329,オンライン 語学 おすすめ,REVIEW,代表,C07396,1,オンライン 語学 おすすめ,学習・学校の一般情報,保護者（推定）,C,固有名詞×比較/教育語（教育サービスか要確認）,低,①王道,,10,144.0,519.0,MEDIUM,サービス探し（家庭教師・塾・支援） | 比較検討・料金・申込,KWP_UrlSeed
14079,清風 口コミ,REVIEW,代表,C27510,1,清風 口コミ,学習・学校の一般情報,保護者,C,固有名詞×比較/教育語（教育サービスか要確認）,低,④インテント,,30,,,LOW,比較検討・料金・申込,KWP_UrlSeed
14733,エデュケア 料金,REVIEW,代表,C12119,1,エデュケア 料金,学習・学校の一般情報,保護者,C,固有名詞×比較/教育語（教育サービスか要確認）,低,④インテント,,10,,,LOW,比較検討・料金・申込,KWP_UrlSeed
14787,エレファース 口コミ,REVIEW,代表,C12129,1,エレファース 口コミ,学習・学校の一般情報,保護者,C,固有名詞×比較/教育語（教育サービスか要確認）,低,④インテント,,10,,,LOW,比較検討・料金・申込,KWP_UrlSeed
15324,ベスト 料金,REVIEW,代表,C20370,1,ベスト 料金,学習・学校の一般情報,保護者,C,固有名詞×比較/教育語（教育サービスか要確認）,低,④インテント,,10,,,LOW,比較検討・料金・申込,KWP_UrlSeed
15370,ステップ 料金,REVIEW,代表,C15756,1,ステップ 料金,学習・学校の一般情報,保護者,C,固有名詞×比較/教育語（教育サービスか要確認）,低,④インテント,,90,136.0,360.0,LOW,比較検討・料金・申込,KWP_UrlSeed
15379,ステップ 体験,REVIEW,代表,C15720,1,ステップ 体験,学習・学校の一般情報,保護者,C,固有名詞×比較/教育語（教育サービスか要確認）,低,④インテント,,20,350.0,709.0,MEDIUM,比較検討・料金・申込,KWP_UrlSeed
15384,fit net study 口コミ,REVIEW,代表,C03528,1,fit net study 口コミ,学習・学校の一般情報,保護者,C,固有名詞×比較/教育語（教育サービスか要確認）,低,④インテント,,10,,,LOW,比較検討・料金・申込,KWP_UrlSeed
15417,ステップ 口コミ,REVIEW,代表,C15734,1,ステップ 口コミ,学習・学校の一般情報,保護者,C,固有名詞×比較/教育語（教育サービスか要確認）,低,④インテント,,170,,,LOW,比較検討・料金・申込,KWP_UrlSeed
15444,step 体験,REVIEW,代表,C05837,1,step 体験,学習・学校の一般情報,保護者,C,固有名詞×比較/教育語（教育サービスか要確認）,低,④インテント,,10,,,MEDIUM,比較検討・料金・申込,KWP_UrlSeed || KWP_SiteSeed
15445,step 口コミ,REVIEW,代表,C05841,1,step 口コミ,学習・学校の一般情報,保護者,C,固有名詞×比較/教育語（教育サービスか要確認）,低,④インテント,,110,,,LOW,比較検討・料金・申込,KWP_UrlSeed
15449,step 料金,REVIEW,代表,C05848,2,step 料金,学習・学校の一般情報,保護者,C,固有名詞×比較/教育語（教育サービスか要確認）,低,④インテント,,30,,,LOW,比較検討・料金・申込,KWP_UrlSeed
15450,step 費用,REVIEW,代表,C05850,1,step 費用,学習・学校の一般情報,保護者,C,固有名詞×比較/教育語（教育サービスか要確認）,低,④インテント,,10,,,LOW,比較検討・料金・申込,KWP_UrlSeed
15452,ステップ 評判,REVIEW,代表,C15759,1,ステップ 評判,学習・学校の一般情報,保護者,C,固有名詞×比較/教育語（教育サービスか要確認）,低,④インテント,,140,,,LOW,比較検討・料金・申込,KWP_UrlSeed
16620,大学 選び方,REVIEW,代表,C30427,1,大学 選び方,学習・学校の一般情報,保護者（推定）,C,固有名詞×比較/教育語（教育サービスか要確認）,低,④インテント,,3600,32.0,265.0,LOW,比較検討・料金・申込 | 受験・進路,KWP_UrlSeed
16626,大学 選ぶ,REVIEW,代表,C30429,1,大学 選ぶ,学習・学校の一般情報,保護者（推定）,C,固有名詞×比較/教育語（教育サービスか要確認）,低,④インテント,,40,80.0,328.0,LOW,受験・進路,KWP_UrlSeed
16671,大学 おすすめ,REVIEW,代表,C07721,1,大学 おすすめ,学習・学校の一般情報,保護者（推定）,C,固有名詞×比較/教育語（教育サービスか要確認）,低,④インテント,,1900,54.0,278.0,LOW,比較検討・料金・申込 | 受験・進路,KWP_UrlSeed
17051,めい しゅう じゅ く 料金,REVIEW,代表,C08725,1,めい しゅう じゅ く 料金,学習・学校の一般情報,保護者,C,固有名詞×比較/教育語（教育サービスか要確認）,低,④インテント,,10,,,LOW,比較検討・料金・申込,KWP_UrlSeed
17584,キャンパス 口コミ,REVIEW,代表,C13174,1,キャンパス 口コミ,学習・学校の一般情報,保護者,C,固有名詞×比較/教育語（教育サービスか要確認）,低,④インテント,,30,,,LOW,比較検討・料金・申込,KWP_UrlSeed
17599,プリント 比較,REVIEW,代表,C20153,1,プリント 比較,教材・通信・アプリ,保護者（推定）,C,固有名詞×比較/教育語（教育サービスか要確認）,低,①王道,,70,,,LOW,比較検討・料金・申込 | 教材・通信教育,KWP_UrlSeed
17613,ランドセル 評価 ランキング,REVIEW,代表,C07514,1,ランドセル 評価 ランキング,学習・学校の一般情報,保護者（推定）,C,固有名詞×比較/教育語（教育サービスか要確認）,低,④インテント,,10,,,HIGH,比較検討・料金・申込,KWP_UrlSeed
17626,アルファ 口コミ,REVIEW,代表,C11632,1,アルファ 口コミ,学習・学校の一般情報,保護者,C,固有名詞×比較/教育語（教育サービスか要確認）,低,④インテント,,30,,,LOW,比較検討・料金・申込,KWP_UrlSeed
17628,アルファ 評判,REVIEW,代表,C11636,1,アルファ 評判,学習・学校の一般情報,保護者,C,固有名詞×比較/教育語（教育サービスか要確認）,低,④インテント,,10,,,LOW,比較検討・料金・申込,KWP_UrlSeed
17636,alpha 評判,REVIEW,代表,C02609,1,alpha 評判,学習・学校の一般情報,保護者,C,固有名詞×比較/教育語（教育サービスか要確認）,低,④インテント,,10,,,LOW,比較検討・料金・申込,KWP_UrlSeed
17640,クラベ 評判,REVIEW,代表,C13473,1,クラベ 評判,学習・学校の一般情報,保護者,C,固有名詞×比較/教育語（教育サービスか要確認）,低,④インテント,,10,,,LOW,比較検討・料金・申込,KWP_UrlSeed
17645,新潟 口コミ,REVIEW,代表,C27505,1,新潟 口コミ,学習・学校の一般情報,保護者,C,固有名詞×比較/教育語（教育サービスか要確認）,低,④インテント,,10,,,LOW,比較検討・料金・申込,KWP_UrlSeed
17648,ファースト 評判,REVIEW,代表,C19785,1,ファースト 評判,学習・学校の一般情報,保護者,C,固有名詞×比較/教育語（教育サービスか要確認）,低,④インテント,,10,,,LOW,比較検討・料金・申込,KWP_UrlSeed
17649,ファースト 口コミ,REVIEW,代表,C19738,1,ファースト 口コミ,学習・学校の一般情報,保護者,C,固有名詞×比較/教育語（教育サービスか要確認）,低,④インテント,,40,,,LOW,比較検討・料金・申込,KWP_UrlSeed
17654,アルク 評判,REVIEW,代表,C11625,1,アルク 評判,学習・学校の一般情報,保護者,C,固有名詞×比較/教育語（教育サービスか要確認）,低,④インテント,,30,,,LOW,比較検討・料金・申込,KWP_UrlSeed
17655,口コミ 無料,REVIEW,代表,C27511,1,口コミ 無料,学習・学校の一般情報,保護者,C,固有名詞×比較/教育語（教育サービスか要確認）,低,④インテント,,10,,,LOW,比較検討・料金・申込,KWP_UrlSeed
17658,education first 評判,REVIEW,代表,C03485,1,education first 評判,学習・学校の一般情報,保護者,C,固有名詞×比較/教育語（教育サービスか要確認）,低,④インテント,,10,,,UNSPECIFIED,比較検討・料金・申込,KWP_UrlSeed
17659,オンリー 評判,REVIEW,代表,C12672,1,オンリー 評判,学習・学校の一般情報,保護者,C,固有名詞×比較/教育語（教育サービスか要確認）,低,④インテント,,10,,,LOW,比較検討・料金・申込,KWP_UrlSeed
17727,予習 効果,REVIEW,代表,C23736,1,予習 効果,学習・学校の一般情報,保護者（推定）,C,固有名詞×比較/教育語（教育サービスか要確認）,低,④インテント,,20,,,LOW,学習のやり方・学習課題,KWP_UrlSeed
17784,てら ぴぁ ぽ けっ と 評判,REVIEW,代表,C09440,1,てら ぴぁ ぽ けっ と 評判,学習・学校の一般情報,保護者,C,固有名詞×比較/教育語（教育サービスか要確認）,低,④インテント,,320,,,LOW,比較検討・料金・申込,KWP_UrlSeed
18280,前立腺 効果,REVIEW,代表,C26162,1,前立腺 効果,学習・学校の一般情報,保護者（推定）,C,固有名詞×比較/教育語（教育サービスか要確認）,低,④インテント,,10,,,LOW,未分類,KWP_UrlSeed
19239,遊び 効果,REVIEW,代表,C26214,1,遊び 効果,学習・学校の一般情報,保護者（推定）,C,固有名詞×比較/教育語（教育サービスか要確認）,低,④インテント,,20,,,LOW,未分類,KWP_UrlSeed
19318,中高生 おすすめ,REVIEW,代表,C07565,1,中高生 おすすめ,学習・学校の一般情報,保護者（推定）,C,固有名詞×比較/教育語（教育サービスか要確認）,低,④インテント,,10,,,LOW,比較検討・料金・申込,KWP_UrlSeed
19412,スタンダード 値段,REVIEW,重複（代表に統合）,C15442,2,スタンダード 料金,学習・学校の一般情報,保護者（推定）,C,固有名詞×比較/教育語（教育サービスか要確認）,低,④インテント,,20,242.0,1187.0,LOW,比較検討・料金・申込,KWP_UrlSeed
19484,ユリウス 料金,REVIEW,代表,C20996,3,ユリウス 料金,学習・学校の一般情報,保護者,C,固有名詞×比較/教育語（教育サービスか要確認）,低,④インテント,,140,55.0,373.0,LOW,比較検討・料金・申込,KWP_UrlSeed
19549,ユリウス 月謝,REVIEW,重複（代表に統合）,C20996,3,ユリウス 料金,学習・学校の一般情報,保護者,C,固有名詞×比較/教育語（教育サービスか要確認）,低,④インテント,,20,,,LOW,比較検討・料金・申込,KWP_UrlSeed
19551,ユリウス 値段,REVIEW,重複（代表に統合）,C20996,3,ユリウス 料金,学習・学校の一般情報,保護者（推定）,C,固有名詞×比較/教育語（教育サービスか要確認）,低,④インテント,,20,,,LOW,比較検討・料金・申込,KWP_UrlSeed
19560,ユリウス 費用,REVIEW,代表,C20999,1,ユリウス 費用,学習・学校の一般情報,保護者,C,固有名詞×比較/教育語（教育サービスか要確認）,低,④インテント,,30,97.0,491.0,MEDIUM,比較検討・料金・申込,KWP_UrlSeed
19977,スタンダード 料金,REVIEW,代表,C15442,2,スタンダード 料金,学習・学校の一般情報,保護者,C,固有名詞×比較/教育語（教育サービスか要確認）,低,④インテント,,30,108.0,1190.0,LOW,比較検討・料金・申込,KWP_UrlSeed || KWP_SiteSeed
20027,スタディ 沖縄 料金,REVIEW,代表,C15348,1,スタディ 沖縄 料金,学習・学校の一般情報,保護者,C,固有名詞×比較/教育語（教育サービスか要確認）,低,④インテント,,10,168.0,571.0,MEDIUM,比較検討・料金・申込,KWP_UrlSeed
20240,合格 大学,REVIEW,代表,C27547,1,合格 大学,学習・学校の一般情報,保護者（推定）,C,固有名詞×比較/教育語（教育サービスか要確認）,低,④インテント,,30,,,LOW,受験・進路,KWP_UrlSeed
20249,浅野 合格,REVIEW,代表,C27556,1,浅野 合格,学習・学校の一般情報,保護者（推定）,C,固有名詞×比較/教育語（教育サービスか要確認）,低,④インテント,,10,,,LOW,受験・進路,KWP_UrlSeed
20923,ゆう しん じゅ く 口コミ,REVIEW,代表,C08737,1,ゆう しん じゅ く 口コミ,学習・学校の一般情報,保護者,C,固有名詞×比較/教育語（教育サービスか要確認）,低,④インテント,,10,,,LOW,比較検討・料金・申込,KWP_UrlSeed
20934,step 評判,REVIEW,代表,C05849,1,step 評判,学習・学校の一般情報,保護者,C,固有名詞×比較/教育語（教育サービスか要確認）,低,④インテント,,110,,,LOW,比較検討・料金・申込,KWP_UrlSeed
21001,コベキャン 口コミ,REVIEW,代表,C13877,1,コベキャン 口コミ,学習・学校の一般情報,保護者,C,固有名詞×比較/教育語（教育サービスか要確認）,低,④インテント,,170,133.0,719.0,MEDIUM,比較検討・料金・申込,KWP_UrlSeed
21708,合格 インタビュー,REVIEW,代表,C11808,1,合格 インタビュー,学習・学校の一般情報,保護者（推定）,C,固有名詞×比較/教育語（教育サービスか要確認）,低,④インテント,,30,,,LOW,受験・進路,KWP_UrlSeed
22375,電話 で の お 問い合わせ,REVIEW,代表,C07325,1,電話 で の お 問い合わせ,学習・学校の一般情報,保護者（推定）,C,固有名詞×比較/教育語（教育サービスか要確認）,低,④インテント,,590,,,LOW,比較検討・料金・申込,KWP_UrlSeed
22381,お 問い合わせ と は 電話,REVIEW,代表,C07318,1,お 問い合わせ と は 電話,特性理解・診断,保護者（推定）,C,固有名詞×比較/教育語（教育サービスか要確認）,低,④インテント,,20,,,LOW,比較検討・料金・申込 | 特性そのものを調べる（とは・特徴・チェック）,KWP_UrlSeed
22382,お 問い合わせ 電話 番号,REVIEW,代表,C07324,1,お 問い合わせ 電話 番号,学習・学校の一般情報,保護者（推定）,C,固有名詞×比較/教育語（教育サービスか要確認）,低,④インテント,,170,,,LOW,比較検討・料金・申込 | 利用中・会員の手続き,KWP_UrlSeed
22457,clinics 料金,REVIEW,代表,C03337,1,clinics 料金,学習・学校の一般情報,保護者,C,固有名詞×比較/教育語（教育サービスか要確認）,低,④インテント,,10,3433.0,9156.0,LOW,比較検討・料金・申込,KWP_UrlSeed
22460,メンクリ 料金,REVIEW,代表,C13480,1,メンクリ 料金,学習・学校の一般情報,保護者,C,固有名詞×比較/教育語（教育サービスか要確認）,低,④インテント,,20,109.0,673.0,MEDIUM,比較検討・料金・申込,KWP_UrlSeed
22674,北海道 函館 体験,REVIEW,代表,C24216,1,北海道 函館 体験,学習・学校の一般情報,保護者,C,固有名詞×比較/教育語（教育サービスか要確認）,低,④インテント,,20,,,HIGH,比較検討・料金・申込,KWP_UrlSeed
22693,大館 体験,REVIEW,代表,C24254,1,大館 体験,学習・学校の一般情報,保護者,C,固有名詞×比較/教育語（教育サービスか要確認）,低,④インテント,,20,,,HIGH,比較検討・料金・申込,KWP_UrlSeed
23040,名古屋 大阪 値段,REVIEW,代表,C27591,1,名古屋 大阪 値段,学習・学校の一般情報,保護者（推定）,C,固有名詞×比較/教育語（教育サービスか要確認）,低,④インテント,,20,,,LOW,比較検討・料金・申込 | 地域・近くで探す,KWP_UrlSeed
23051,大阪 値段,REVIEW,代表,C30449,1,大阪 値段,学習・学校の一般情報,保護者（推定）,C,固有名詞×比較/教育語（教育サービスか要確認）,低,④インテント,,40,,,LOW,比較検討・料金・申込 | 地域・近くで探す,KWP_UrlSeed
23132,キャンパス 評判,REVIEW,代表,C13182,1,キャンパス 評判,学習・学校の一般情報,保護者,C,固有名詞×比較/教育語（教育サービスか要確認）,低,④インテント,,10,,,LOW,比較検討・料金・申込,KWP_UrlSeed
23289,プログラム おすすめ,REVIEW,代表,C07497,1,プログラム おすすめ,学習・学校の一般情報,保護者（推定）,C,固有名詞×比較/教育語（教育サービスか要確認）,低,④インテント,,20,,,LOW,比較検討・料金・申込,KWP_UrlSeed
23513,サイエイ 口コミ,REVIEW,代表,C12091,1,サイエイ 口コミ,学習・学校の一般情報,保護者,C,固有名詞×比較/教育語（教育サービスか要確認）,低,④インテント,,10,,,LOW,比較検討・料金・申込,KWP_UrlSeed
23514,サイエイ ふじみ野 口コミ,REVIEW,代表,C10753,1,サイエイ ふじみ野 口コミ,学習・学校の一般情報,保護者,C,固有名詞×比較/教育語（教育サービスか要確認）,低,④インテント,,10,,,MEDIUM,比較検討・料金・申込,KWP_UrlSeed
23792,小児科 問い合わせ,REVIEW,代表,C27665,1,小児科 問い合わせ,学習・学校の一般情報,保護者（推定）,C,固有名詞×比較/教育語（教育サービスか要確認）,低,④インテント,,10,97.0,357.0,MEDIUM,比較検討・料金・申込 | 特性理解・診断・医療,KWP_UrlSeed
23969,オンライン 安い,REVIEW,代表,C12576,1,オンライン 安い,学習・学校の一般情報,保護者（推定）,C,固有名詞×比較/教育語（教育サービスか要確認）,低,④インテント,,10,,,LOW,サービス探し（家庭教師・塾・支援） | 比較検討・料金・申込,KWP_UrlSeed
24148,vr 体験 とは,REVIEW,代表,C06279,1,vr 体験 とは,特性理解・診断,保護者,C,固有名詞×比較/教育語（教育サービスか要確認）,低,④インテント,,10,,,LOW,比較検討・料金・申込 | 特性そのものを調べる（とは・特徴・チェック）,KWP_UrlSeed
24159,vr 感想,REVIEW,代表,C06280,1,vr 感想,学習・学校の一般情報,保護者（推定）,C,固有名詞×比較/教育語（教育サービスか要確認）,低,④インテント,,30,,,LOW,比較検討・料金・申込,KWP_UrlSeed
24410,blogger 評判,REVIEW,代表,C03307,1,blogger 評判,学習・学校の一般情報,保護者,C,固有名詞×比較/教育語（教育サービスか要確認）,低,④インテント,,30,,,LOW,比較検討・料金・申込,KWP_UrlSeed
24747,qqkids 口コミ,REVIEW,代表,C05719,1,qqkids 口コミ,学習・学校の一般情報,保護者,C,固有名詞×比較/教育語（教育サービスか要確認）,低,④インテント,,10,171.0,1179.0,HIGH,比較検討・料金・申込 | 教材・通信教育,KWP_UrlSeed
24927,go fluent 料金,REVIEW,代表,C03620,1,go fluent 料金,学習・学校の一般情報,保護者,C,固有名詞×比較/教育語（教育サービスか要確認）,低,④インテント,,10,297.0,1218.0,LOW,比較検討・料金・申込,KWP_UrlSeed
24961,go fluent 評判,REVIEW,代表,C03621,1,go fluent 評判,学習・学校の一般情報,保護者,C,固有名詞×比較/教育語（教育サービスか要確認）,低,④インテント,,20,148.0,911.0,LOW,比較検討・料金・申込,KWP_UrlSeed
24996,qq イングリッシュ 料金,REVIEW,代表,C05691,1,qq イングリッシュ 料金,学習・学校の一般情報,保護者,C,固有名詞×比較/教育語（教育サービスか要確認）,低,④インテント,,140,82.0,372.0,LOW,比較検討・料金・申込,KWP_UrlSeed
25111,ハツオン 口コミ,REVIEW,代表,C19414,1,ハツオン 口コミ,学習・学校の一般情報,保護者,C,固有名詞×比較/教育語（教育サービスか要確認）,低,④インテント,,10,,,LOW,比較検討・料金・申込,KWP_UrlSeed
25225,ネイティブ イングリッシュ 口コミ,REVIEW,代表,C11802,1,ネイティブ イングリッシュ 口コミ,学習・学校の一般情報,保護者,C,固有名詞×比較/教育語（教育サービスか要確認）,低,④インテント,,20,19.0,346.0,LOW,比較検討・料金・申込,KWP_UrlSeed
25446,rems 効果,REVIEW,代表,C05723,1,rems 効果,学習・学校の一般情報,保護者（推定）,C,固有名詞×比較/教育語（教育サービスか要確認）,低,④インテント,,20,,,LOW,未分類,KWP_UrlSeed
26419,ゼット 会 評判,REVIEW,代表,C16021,1,ゼット 会 評判,学習・学校の一般情報,保護者,C,固有名詞×比較/教育語（教育サービスか要確認）,低,④インテント,,10,152.0,1136.0,MEDIUM,比較検討・料金・申込,KWP_KeywordSeed
26425,ピグマ 口コミ,REVIEW,代表,C19691,1,ピグマ 口コミ,学習・学校の一般情報,保護者,C,固有名詞×比較/教育語（教育サービスか要確認）,低,④インテント,,10,,,LOW,比較検討・料金・申込,KWP_KeywordSeed
26427,ブンブン どり む 比較,REVIEW,代表,C10123,1,ブンブン どり む 比較,学習・学校の一般情報,保護者（推定）,C,固有名詞×比較/教育語（教育サービスか要確認）,低,④インテント,,10,,,LOW,比較検討・料金・申込,KWP_KeywordSeed
26428,ブンブン どり む 評判,REVIEW,代表,C10124,1,ブンブン どり む 評判,学習・学校の一般情報,保護者,C,固有名詞×比較/教育語（教育サービスか要確認）,低,④インテント,,10,,,UNSPECIFIED,比較検討・料金・申込,KWP_KeywordSeed
26430,ワンダー ボックス 評判,REVIEW,代表,C21538,1,ワンダー ボックス 評判,学習・学校の一般情報,保護者,C,固有名詞×比較/教育語（教育サービスか要確認）,低,④インテント,,10,,,LOW,比較検討・料金・申込,KWP_KeywordSeed
26478,評判 の 良い 口腔 外科,REVIEW,代表,C27519,1,評判 の 良い 口腔 外科,学習・学校の一般情報,保護者,C,固有名詞×比較/教育語（教育サービスか要確認）,低,④インテント,,590,88.0,236.0,MEDIUM,比較検討・料金・申込,KWP_KeywordSeed
26480,ナスコミ 口コミ,REVIEW,代表,C18521,1,ナスコミ 口コミ,学習・学校の一般情報,保護者,C,固有名詞×比較/教育語（教育サービスか要確認）,低,④インテント,,140,209.0,548.0,LOW,比較検討・料金・申込 | 療育・福祉・居場所,KWP_KeywordSeed
26506,口腔 外科 評判 いい,REVIEW,代表,C07210,1,口腔 外科 評判 いい,学習・学校の一般情報,保護者,C,固有名詞×比較/教育語（教育サービスか要確認）,低,④インテント,,170,111.0,277.0,MEDIUM,比較検討・料金・申込,KWP_KeywordSeed
26534,岩垂 純一 診療 所 口コミ,REVIEW,代表,C27499,1,岩垂 純一 診療 所 口コミ,学習・学校の一般情報,保護者,C,固有名詞×比較/教育語（教育サービスか要確認）,低,④インテント,,70,,,LOW,比較検討・料金・申込,KWP_KeywordSeed
26691,チクバ 外科 評判,REVIEW,代表,C16339,1,チクバ 外科 評判,学習・学校の一般情報,保護者,C,固有名詞×比較/教育語（教育サービスか要確認）,低,④インテント,,170,,,LOW,比較検討・料金・申込,KWP_KeywordSeed
26702,メンタル ケア わかく さ 評判,REVIEW,代表,C08365,1,メンタル ケア わかく さ 評判,学習・学校の一般情報,保護者,C,固有名詞×比較/教育語（教育サービスか要確認）,低,④インテント,,70,,,LOW,比較検討・料金・申込,KWP_KeywordSeed
26852,医者 口コミ,REVIEW,代表,C26841,1,医者 口コミ,学習・学校の一般情報,保護者,C,固有名詞×比較/教育語（教育サービスか要確認）,低,④インテント,,70,,,LOW,比較検討・料金・申込,KWP_KeywordSeed
26910,四国 が ん センター 評判,REVIEW,代表,C07909,1,四国 が ん センター 評判,学習・学校の一般情報,保護者,C,固有名詞×比較/教育語（教育サービスか要確認）,低,④インテント,,210,,,LOW,比較検討・料金・申込,KWP_KeywordSeed
26980,好生 館 口コミ,REVIEW,代表,C27471,1,好生 館 口コミ,学習・学校の一般情報,保護者,C,固有名詞×比較/教育語（教育サービスか要確認）,低,④インテント,,10,,,LOW,比較検討・料金・申込,KWP_KeywordSeed
27001,小児科 評判 いい,REVIEW,代表,C07215,1,小児科 評判 いい,学習・学校の一般情報,保護者,C,固有名詞×比較/教育語（教育サービスか要確認）,低,④インテント,,30,,,LOW,比較検討・料金・申込 | 特性理解・診断・医療,KWP_KeywordSeed
27068,徳 洲 会 口コミ,REVIEW,代表,C24076,1,徳 洲 会 口コミ,学習・学校の一般情報,保護者,C,固有名詞×比較/教育語（教育サービスか要確認）,低,④インテント,,70,,,LOW,比較検討・料金・申込,KWP_KeywordSeed
27069,徳 洲 会 口腔 外科 評判,REVIEW,代表,C24077,1,徳 洲 会 口腔 外科 評判,学習・学校の一般情報,保護者,C,固有名詞×比較/教育語（教育サービスか要確認）,低,④インテント,,70,,,LOW,比較検討・料金・申込,KWP_KeywordSeed
27078,徳 洲 会 評判 悪い,REVIEW,代表,C24089,1,徳 洲 会 評判 悪い,学習・学校の一般情報,保護者,C,固有名詞×比較/教育語（教育サービスか要確認）,低,④インテント,,20,,,LOW,比較検討・料金・申込,KWP_KeywordSeed
27102,成田 徳 洲 会 評判,REVIEW,代表,C24090,1,成田 徳 洲 会 評判,学習・学校の一般情報,保護者,C,固有名詞×比較/教育語（教育サービスか要確認）,低,④インテント,,10,,,LOW,比較検討・料金・申込,KWP_KeywordSeed
27146,星ヶ丘 マタニティ 口コミ,REVIEW,代表,C20576,1,星ヶ丘 マタニティ 口コミ,学習・学校の一般情報,保護者,C,固有名詞×比較/教育語（教育サービスか要確認）,低,④インテント,,30,,,LOW,比較検討・料金・申込,KWP_KeywordSeed
27259,民医連 評判,REVIEW,代表,C32503,1,民医連 評判,学習・学校の一般情報,保護者,C,固有名詞×比較/教育語（教育サービスか要確認）,低,④インテント,,30,,,LOW,比較検討・料金・申込,KWP_KeywordSeed
27261,水光会 評判,REVIEW,代表,C32505,1,水光会 評判,学習・学校の一般情報,保護者,C,固有名詞×比較/教育語（教育サービスか要確認）,低,④インテント,,20,,,LOW,比較検討・料金・申込,KWP_KeywordSeed
27315,済生会 評判,REVIEW,代表,C32528,1,済生会 評判,学習・学校の一般情報,保護者,C,固有名詞×比較/教育語（教育サービスか要確認）,低,④インテント,,40,,,LOW,比較検討・料金・申込,KWP_KeywordSeed
27316,済生会 評判 悪い,REVIEW,代表,C31848,1,済生会 評判 悪い,学習・学校の一般情報,保護者,C,固有名詞×比較/教育語（教育サービスか要確認）,低,④インテント,,170,,,LOW,比較検討・料金・申込,KWP_KeywordSeed
27447,苑田 会 評判,REVIEW,代表,C24092,1,苑田 会 評判,学習・学校の一般情報,保護者,C,固有名詞×比較/教育語（教育サービスか要確認）,低,④インテント,,40,,,LOW,比較検討・料金・申込,KWP_KeywordSeed
27643,合理 的 配慮 おすすめ,REVIEW,代表,C07658,1,合理 的 配慮 おすすめ,学習・学校の一般情報,保護者（推定）,C,固有名詞×比較/教育語（教育サービスか要確認）,低,④インテント,,,,,UNSPECIFIED,比較検討・料金・申込 | 合理的配慮・学校との連携,KWP_KeywordSeed
27644,合理 的 配慮 口コミ,REVIEW,代表,C27417,1,合理 的 配慮 口コミ,学習・学校の一般情報,保護者,C,固有名詞×比較/教育語（教育サービスか要確認）,低,④インテント,,,,,UNSPECIFIED,比較検討・料金・申込 | 合理的配慮・学校との連携,KWP_KeywordSeed
27645,合理 的 配慮 料金,REVIEW,代表,C27566,1,合理 的 配慮 料金,学習・学校の一般情報,保護者,C,固有名詞×比較/教育語（教育サービスか要確認）,低,④インテント,,,,,UNSPECIFIED,比較検討・料金・申込 | 合理的配慮・学校との連携,KWP_KeywordSeed
27646,合理 的 配慮 無料 体験,REVIEW,代表,C24224,1,合理 的 配慮 無料 体験,学習・学校の一般情報,保護者,C,固有名詞×比較/教育語（教育サービスか要確認）,低,④インテント,,,,,UNSPECIFIED,比較検討・料金・申込 | 合理的配慮・学校との連携,KWP_KeywordSeed
27678,ほけん 百花 口コミ,REVIEW,代表,C10776,1,ほけん 百花 口コミ,学習・学校の一般情報,保護者,C,固有名詞×比較/教育語（教育サービスか要確認）,低,④インテント,,140,81.0,534.0,LOW,比較検討・料金・申込,KWP_KeywordSeed
27696,ベリー ベスト 法律 事務 所 料金 高い,REVIEW,代表,C20293,1,ベリー ベスト 法律 事務 所 料金 高い,学習・学校の一般情報,保護者,C,固有名詞×比較/教育語（教育サービスか要確認）,低,④インテント,,1300,205.0,625.0,LOW,比較検討・料金・申込,KWP_KeywordSeed
27731,アトム 法律 事務 所 料金,REVIEW,代表,C11562,1,アトム 法律 事務 所 料金,学習・学校の一般情報,保護者,C,固有名詞×比較/教育語（教育サービスか要確認）,低,④インテント,,170,198.0,399.0,MEDIUM,比較検討・料金・申込,KWP_KeywordSeed
27732,法律 事務 所 料金,REVIEW,代表,C23750,1,法律 事務 所 料金,学習・学校の一般情報,保護者,C,固有名詞×比較/教育語（教育サービスか要確認）,低,④インテント,,10,181.0,909.0,MEDIUM,比較検討・料金・申込,KWP_KeywordSeed
27753,名城 法律 事務 所 料金,REVIEW,代表,C23748,1,名城 法律 事務 所 料金,学習・学校の一般情報,保護者,C,固有名詞×比較/教育語（教育サービスか要確認）,低,④インテント,,50,132.0,558.0,LOW,比較検討・料金・申込,KWP_KeywordSeed
27756,アヴァンス 法務 事務 所 料金,REVIEW,代表,C11659,1,アヴァンス 法務 事務 所 料金,学習・学校の一般情報,保護者,C,固有名詞×比較/教育語（教育サービスか要確認）,低,④インテント,,10,434.0,1528.0,HIGH,比較検討・料金・申込,KWP_KeywordSeed
27763,カケコム 料金,REVIEW,代表,C12704,1,カケコム 料金,学習・学校の一般情報,保護者,C,固有名詞×比較/教育語（教育サービスか要確認）,低,④インテント,,10,,,LOW,比較検討・料金・申込,KWP_KeywordSeed
27765,ニッセイ ライフ プラザ 口コミ,REVIEW,代表,C19142,1,ニッセイ ライフ プラザ 口コミ,学習・学校の一般情報,保護者,C,固有名詞×比較/教育語（教育サービスか要確認）,低,④インテント,,10,,,LOW,比較検討・料金・申込,KWP_KeywordSeed
27776,山下 江 法律 事務 所 料金,REVIEW,代表,C23749,1,山下 江 法律 事務 所 料金,学習・学校の一般情報,保護者,C,固有名詞×比較/教育語（教育サービスか要確認）,低,④インテント,,30,80.0,271.0,LOW,比較検討・料金・申込,KWP_KeywordSeed
28110,ネッティー 評判,REVIEW,代表,C19171,1,ネッティー 評判,学習・学校の一般情報,保護者,C,固有名詞×比較/教育語（教育サービスか要確認）,低,④インテント,,10,,,MEDIUM,比較検討・料金・申込 | 療育・福祉・居場所,KWP_SiteSeed
28144,netty 口コミ,REVIEW,代表,C05384,1,netty 口コミ,学習・学校の一般情報,保護者,C,固有名詞×比較/教育語（教育サービスか要確認）,低,④インテント,,10,,,UNSPECIFIED,比較検討・料金・申込,KWP_SiteSeed
28145,netty 評判,REVIEW,代表,C05385,1,netty 評判,学習・学校の一般情報,保護者,C,固有名詞×比較/教育語（教育サービスか要確認）,低,④インテント,,10,,,LOW,比較検討・料金・申込,KWP_SiteSeed
28366,ネッティー 口コミ,REVIEW,代表,C19168,1,ネッティー 口コミ,学習・学校の一般情報,保護者,C,固有名詞×比較/教育語（教育サービスか要確認）,低,④インテント,,10,,,LOW,比較検討・料金・申込 | 療育・福祉・居場所,KWP_SiteSeed
29069,sensay 評判,REVIEW,代表,C05786,1,sensay 評判,学習・学校の一般情報,保護者,C,固有名詞×比較/教育語（教育サービスか要確認）,低,④インテント,,20,,,LOW,比較検討・料金・申込,KWP_SiteSeed
29077,ランナー 口コミ,REVIEW,代表,C21045,1,ランナー 口コミ,学習・学校の一般情報,保護者,C,固有名詞×比較/教育語（教育サービスか要確認）,低,④インテント,,10,,,LOW,比較検討・料金・申込,KWP_SiteSeed
29085,sensay 口コミ,REVIEW,代表,C05782,1,sensay 口コミ,学習・学校の一般情報,保護者,C,固有名詞×比較/教育語（教育サービスか要確認）,低,④インテント,,40,,,LOW,比較検討・料金・申込,KWP_SiteSeed
29216,v 模擬 申し込み 方法,REVIEW,代表,C06270,1,v 模擬 申し込み 方法,学習・学校の一般情報,保護者（推定）,C,固有名詞×比較/教育語（教育サービスか要確認）,低,④インテント,,170,126.0,461.0,LOW,比較検討・料金・申込,KWP_SiteSeed
29557,都立 ランキング,REVIEW,代表,C07803,1,都立 ランキング,学習・学校の一般情報,保護者（推定）,C,固有名詞×比較/教育語（教育サービスか要確認）,低,④インテント,,210,,,LOW,比較検討・料金・申込 | 受験・進路,KWP_SiteSeed
29746,スヌーズレン 効果,REVIEW,代表,C15789,1,スヌーズレン 効果,学習・学校の一般情報,保護者（推定）,C,固有名詞×比較/教育語（教育サービスか要確認）,低,④インテント,,70,,,LOW,療育・福祉・居場所,KWP_SiteSeed
29895,ココルポート 料金,REVIEW,代表,C13801,1,ココルポート 料金,学習・学校の一般情報,保護者,C,固有名詞×比較/教育語（教育サービスか要確認）,低,④インテント,,20,,,MEDIUM,比較検討・料金・申込 | 療育・福祉・居場所,KWP_SiteSeed
29897,ハビー 口コミ,REVIEW,代表,C19415,1,ハビー 口コミ,学習・学校の一般情報,保護者,C,固有名詞×比較/教育語（教育サービスか要確認）,低,④インテント,,50,,,LOW,比較検討・料金・申込,KWP_SiteSeed
29913,マナビー 評判,REVIEW,代表,C20591,1,マナビー 評判,学習・学校の一般情報,保護者,C,固有名詞×比較/教育語（教育サービスか要確認）,低,④インテント,,50,85.0,1265.0,LOW,比較検討・料金・申込,KWP_SiteSeed
29924,ハビー 料金,REVIEW,代表,C19418,1,ハビー 料金,学習・学校の一般情報,保護者,C,固有名詞×比較/教育語（教育サービスか要確認）,低,④インテント,,10,,,LOW,比較検討・料金・申込,KWP_SiteSeed
29955,kaien 評判,REVIEW,代表,C05088,1,kaien 評判,学習・学校の一般情報,保護者,C,固有名詞×比較/教育語（教育サービスか要確認）,低,④インテント,,110,100.0,457.0,LOW,比較検討・料金・申込 | 療育・福祉・居場所,KWP_SiteSeed
29999,kaien 口コミ,REVIEW,代表,C05087,1,kaien 口コミ,学習・学校の一般情報,保護者,C,固有名詞×比較/教育語（教育サービスか要確認）,低,④インテント,,70,191.0,408.0,LOW,比較検討・料金・申込 | 療育・福祉・居場所,KWP_SiteSeed
30079,ハビー 評判,REVIEW,代表,C19420,1,ハビー 評判,学習・学校の一般情報,保護者,C,固有名詞×比較/教育語（教育サービスか要確認）,低,④インテント,,20,,,LOW,比較検討・料金・申込,KWP_SiteSeed
30082,リコリタ 評判,REVIEW,代表,C21108,1,リコリタ 評判,学習・学校の一般情報,保護者,C,固有名詞×比較/教育語（教育サービスか要確認）,低,④インテント,,10,,,UNSPECIFIED,比較検討・料金・申込,KWP_SiteSeed
30171,精神病 仕事 おすすめ,REVIEW,代表,C07597,1,精神病 仕事 おすすめ,学習・学校の一般情報,保護者（推定）,C,固有名詞×比較/教育語（教育サービスか要確認）,低,④インテント,,20,116.0,244.0,MEDIUM,比較検討・料金・申込 | 保護者の関わり・悩み,KWP_SiteSeed
30187,躁鬱 仕事 おすすめ,REVIEW,代表,C07599,1,躁鬱 仕事 おすすめ,学習・学校の一般情報,保護者（推定）,C,固有名詞×比較/教育語（教育サービスか要確認）,低,④インテント,,50,210.0,925.0,HIGH,比較検討・料金・申込 | 保護者の関わり・悩み,KWP_SiteSeed
30652,step 月謝,REVIEW,重複（代表に統合）,C05848,2,step 料金,学習・学校の一般情報,保護者,C,固有名詞×比較/教育語（教育サービスか要確認）,低,④インテント,,10,,,LOW,比較検討・料金・申込,KWP_SiteSeed
37039,msd d31srm 価格,REVIEW,代表,C00914,1,msd d31srm 価格,学習・学校の一般情報,保護者（推定）,C,固有名詞×比較/教育語（教育サービスか要確認）,低,④インテント,,10,,,LOW,比較検討・料金・申込,KWP_CompetitorKeywordSeed
37040,msq 73cm 価格,REVIEW,代表,C01148,1,msq 73cm 価格,学習・学校の一般情報,保護者（推定）,C,固有名詞×比較/教育語（教育サービスか要確認）,低,④インテント,,10,,,HIGH,比較検討・料金・申込,KWP_CompetitorKeywordSeed
37041,msq 77mcm 価格,REVIEW,代表,C01149,1,msq 77mcm 価格,学習・学校の一般情報,保護者（推定）,C,固有名詞×比較/教育語（教育サービスか要確認）,低,④インテント,,10,,,UNSPECIFIED,比較検討・料金・申込,KWP_CompetitorKeywordSeed
37042,msr 15mcm 価格,REVIEW,代表,C00460,1,msr 15mcm 価格,学習・学校の一般情報,保護者（推定）,C,固有名詞×比較/教育語（教育サービスか要確認）,低,④インテント,,10,,,HIGH,比較検討・料金・申込,KWP_CompetitorKeywordSeed
37043,msv d22c 価格,REVIEW,代表,C00768,1,msv d22c 価格,学習・学校の一般情報,保護者（推定）,C,固有名詞×比較/教育語（教育サービスか要確認）,低,④インテント,,10,,,UNSPECIFIED,比較検討・料金・申込,KWP_CompetitorKeywordSeed
37044,msv d26c 価格,REVIEW,代表,C00774,1,msv d26c 価格,学習・学校の一般情報,保護者（推定）,C,固有名詞×比較/教育語（教育サービスか要確認）,低,④インテント,,10,,,MEDIUM,比較検討・料金・申込,KWP_CompetitorKeywordSeed
37045,ua f25c l 価格,REVIEW,代表,C00772,1,ua f25c l 価格,学習・学校の一般情報,保護者（推定）,C,固有名詞×比較/教育語（教育サービスか要確認）,低,④インテント,,20,79.0,324.0,HIGH,比較検討・料金・申込,KWP_CompetitorKeywordSeed
37652,グノリンク 口コミ,REVIEW,代表,C13510,1,グノリンク 口コミ,学習・学校の一般情報,保護者,C,固有名詞×比較/教育語（教育サービスか要確認）,低,④インテント,,10,,,LOW,比較検討・料金・申込,KWP_CompetitorKeywordSeed
38937,ie 評判,REVIEW,代表,C04761,1,ie 評判,学習・学校の一般情報,保護者,C,固有名詞×比較/教育語（教育サービスか要確認）,低,④インテント,,10,,,UNSPECIFIED,比較検討・料金・申込,KWP_CompetitorKeywordSeed
39550,vis a vis 口コミ,REVIEW,代表,C06277,1,vis a vis 口コミ,学習・学校の一般情報,保護者,C,固有名詞×比較/教育語（教育サービスか要確認）,低,④インテント,,10,,,LOW,比較検討・料金・申込,KWP_CompetitorKeywordSeed
39572,ヴィザヴィ クッキー 値段,REVIEW,代表,C21562,1,ヴィザヴィ クッキー 値段,学習・学校の一般情報,保護者（推定）,C,固有名詞×比較/教育語（教育サービスか要確認）,低,④インテント,,20,,,LOW,比較検討・料金・申込,KWP_CompetitorKeywordSeed
39601,ビサビ 料金,REVIEW,代表,C19496,1,ビサビ 料金,学習・学校の一般情報,保護者,C,固有名詞×比較/教育語（教育サービスか要確認）,低,④インテント,,10,,,MEDIUM,比較検討・料金・申込,KWP_CompetitorKeywordSeed
39605,ヴィザヴィ ケーキ 値段,REVIEW,代表,C21563,1,ヴィザヴィ ケーキ 値段,学習・学校の一般情報,保護者（推定）,C,固有名詞×比較/教育語（教育サービスか要確認）,低,④インテント,,90,,,LOW,比較検討・料金・申込,KWP_CompetitorKeywordSeed
40702,thomas 料金,REVIEW,代表,C05931,1,thomas 料金,学習・学校の一般情報,保護者,C,固有名詞×比較/教育語（教育サービスか要確認）,低,④インテント,,10,244.0,457.0,HIGH,比較検討・料金・申込,KWP_CompetitorKeywordSeed
41030,夏 だけ タケダ 値段,REVIEW,重複（代表に統合）,C09224,2,夏 だけ タケダ 料金,学習・学校の一般情報,保護者（推定）,C,固有名詞×比較/教育語（教育サービスか要確認）,低,④インテント,,10,,,MEDIUM,比較検討・料金・申込,KWP_CompetitorKeywordSeed
41299,ルート 武田 評判,REVIEW,代表,C21452,1,ルート 武田 評判,学習・学校の一般情報,保護者,C,固有名詞×比較/教育語（教育サービスか要確認）,低,④インテント,,0,,,UNSPECIFIED,比較検討・料金・申込,KWP_CompetitorKeywordSeed
41347,夏 だけ タケダ 料金,REVIEW,代表,C09224,2,夏 だけ タケダ 料金,学習・学校の一般情報,保護者,C,固有名詞×比較/教育語（教育サービスか要確認）,低,④インテント,,390,179.0,467.0,MEDIUM,比較検討・料金・申込,KWP_CompetitorKeywordSeed
41382,かけこみ タケダ 料金,REVIEW,代表,C07863,1,かけこみ タケダ 料金,学習・学校の一般情報,保護者,C,固有名詞×比較/教育語（教育サービスか要確認）,低,④インテント,,30,185.0,711.0,MEDIUM,比較検討・料金・申込,KWP_CompetitorKeywordSeed
41462,夏 だけ タケダ 申し込み,REVIEW,代表,C09225,1,夏 だけ タケダ 申し込み,学習・学校の一般情報,保護者（推定）,C,固有名詞×比較/教育語（教育サービスか要確認）,低,④インテント,,10,187.0,883.0,MEDIUM,比較検討・料金・申込,KWP_CompetitorKeywordSeed
41829,studio one 5 価格,REVIEW,代表,C01011,1,studio one 5 価格,学習・学校の一般情報,保護者（推定）,C,固有名詞×比較/教育語（教育サービスか要確認）,低,④インテント,,10,,,UNSPECIFIED,比較検討・料金・申込,KWP_CompetitorKeywordSeed
41830,studio one 6 価格,REVIEW,代表,C01094,1,studio one 6 価格,学習・学校の一般情報,保護者（推定）,C,固有名詞×比較/教育語（教育サービスか要確認）,低,④インテント,,10,,,LOW,比較検討・料金・申込,KWP_CompetitorKeywordSeed
41831,studio one 価格,REVIEW,重複（代表に統合）,C05853,2,studio one 値段,学習・学校の一般情報,保護者（推定）,C,固有名詞×比較/教育語（教育サービスか要確認）,低,④インテント,,110,150.0,351.0,LOW,比較検討・料金・申込,KWP_CompetitorKeywordSeed
41832,studio one 値段,REVIEW,代表,C05853,2,studio one 値段,学習・学校の一般情報,保護者（推定）,C,固有名詞×比較/教育語（教育サービスか要確認）,低,④インテント,,480,154.0,710.0,LOW,比較検討・料金・申込,KWP_CompetitorKeywordSeed
41833,スタジオ ワン 6 値段,REVIEW,代表,C01111,1,スタジオ ワン 6 値段,学習・学校の一般情報,保護者（推定）,C,固有名詞×比較/教育語（教育サービスか要確認）,低,④インテント,,10,,,UNSPECIFIED,比較検討・料金・申込,KWP_CompetitorKeywordSeed
41834,スタジオ ワン アーティスト 値段,REVIEW,代表,C15295,1,スタジオ ワン アーティスト 値段,学習・学校の一般情報,保護者（推定）,C,固有名詞×比較/教育語（教育サービスか要確認）,低,④インテント,,20,,,LOW,比較検討・料金・申込,KWP_CompetitorKeywordSeed
41835,スタジオ ワン 価格,REVIEW,重複（代表に統合）,C15282,2,スタジオ ワン 値段,学習・学校の一般情報,保護者（推定）,C,固有名詞×比較/教育語（教育サービスか要確認）,低,④インテント,,20,,,LOW,比較検討・料金・申込,KWP_CompetitorKeywordSeed
41836,スタジオ ワン 値段,REVIEW,代表,C15282,2,スタジオ ワン 値段,学習・学校の一般情報,保護者（推定）,C,固有名詞×比較/教育語（教育サービスか要確認）,低,④インテント,,720,191.0,305.0,LOW,比較検討・料金・申込,KWP_CompetitorKeywordSeed
42207,one ok rock ベスト アルバム おすすめ,REVIEW,代表,C05543,1,one ok rock ベスト アルバム おすすめ,学習・学校の一般情報,保護者（推定）,C,固有名詞×比較/教育語（教育サービスか要確認）,低,④インテント,,140,,,LOW,比較検討・料金・申込,KWP_CompetitorKeywordSeed
42464,きずき 工房 評判,REVIEW,代表,C07925,1,きずき 工房 評判,学習・学校の一般情報,保護者,C,固有名詞×比較/教育語（教育サービスか要確認）,低,④インテント,,10,,,LOW,比較検討・料金・申込,KWP_CompetitorKeywordSeed
42475,kizuki 評判,REVIEW,代表,C05114,1,kizuki 評判,学習・学校の一般情報,保護者,C,固有名詞×比較/教育語（教育サービスか要確認）,低,④インテント,,10,,,LOW,比較検討・料金・申込,KWP_CompetitorKeywordSeed
43383,mac スタジオ フィックス パウダー 口コミ,REVIEW,代表,C05294,1,mac スタジオ フィックス パウダー 口コミ,学習・学校の一般情報,保護者,C,固有名詞×比較/教育語（教育サービスか要確認）,低,④インテント,,10,,,HIGH,比較検討・料金・申込,KWP_CompetitorKeywordSeed
44686,キョウコベ 料金,REVIEW,代表,C13210,1,キョウコベ 料金,学習・学校の一般情報,保護者,C,固有名詞×比較/教育語（教育サービスか要確認）,低,④インテント,,20,162.0,497.0,MEDIUM,比較検討・料金・申込,KWP_CompetitorKeywordSeed
44687,キョウコベ 口コミ,REVIEW,代表,C13208,1,キョウコベ 口コミ,学習・学校の一般情報,保護者,C,固有名詞×比較/教育語（教育サービスか要確認）,低,④インテント,,30,,,LOW,比較検討・料金・申込,KWP_CompetitorKeywordSeed
44688,キョウコベ 評判,REVIEW,代表,C13211,1,キョウコベ 評判,学習・学校の一般情報,保護者,C,固有名詞×比較/教育語（教育サービスか要確認）,低,④インテント,,10,,,UNSPECIFIED,比較検討・料金・申込,KWP_CompetitorKeywordSeed
47321,珍 萬 虎居 おすすめ,REVIEW,代表,C07780,1,珍 萬 虎居 おすすめ,学習・学校の一般情報,保護者（推定）,C,固有名詞×比較/教育語（教育サービスか要確認）,低,④インテント,,10,,,LOW,比較検討・料金・申込,Google_suggest
47551,クリーニング アスナロ 料金,REVIEW,代表,C11363,1,クリーニング アスナロ 料金,学習・学校の一般情報,保護者,C,固有名詞×比較/教育語（教育サービスか要確認）,低,④インテント,,10,,,LOW,比較検討・料金・申込,Google_competitor_suggest
47894,イット 口コミ,REVIEW,代表,C11700,1,イット 口コミ,学習・学校の一般情報,保護者,C,固有名詞×比較/教育語（教育サービスか要確認）,低,④インテント,,10,,,LOW,比較検討・料金・申込,Google_competitor_suggest
47895,ヒート イット 口コミ,REVIEW,代表,C19478,1,ヒート イット 口コミ,学習・学校の一般情報,保護者,C,固有名詞×比較/教育語（教育サービスか要確認）,低,④インテント,,70,,,LOW,比較検討・料金・申込,Google_competitor_suggest
47896,チャンス イット 口コミ,REVIEW,代表,C11680,1,チャンス イット 口コミ,学習・学校の一般情報,保護者,C,固有名詞×比較/教育語（教育サービスか要確認）,低,④インテント,,50,,,LOW,比較検討・料金・申込,Google_competitor_suggest
47897,米 一途 口コミ 日本酒,REVIEW,代表,C21712,1,米 一途 口コミ 日本酒,学習・学校の一般情報,保護者,C,固有名詞×比較/教育語（教育サービスか要確認）,低,④インテント,,50,,,LOW,比較検討・料金・申込,Google_competitor_suggest
47898,ドクター ゲット イット 口コミ,REVIEW,代表,C18480,1,ドクター ゲット イット 口コミ,学習・学校の一般情報,保護者,C,固有名詞×比較/教育語（教育サービスか要確認）,低,④インテント,,30,,,LOW,比較検討・料金・申込,Google_competitor_suggest
47899,ケティ オー イット 口コミ,REVIEW,代表,C13755,1,ケティ オー イット 口コミ,学習・学校の一般情報,保護者,C,固有名詞×比較/教育語（教育サービスか要確認）,低,④インテント,,20,,,LOW,比較検討・料金・申込,Google_competitor_suggest
47900,レント イット 口コミ,REVIEW,代表,C21515,1,レント イット 口コミ,学習・学校の一般情報,保護者,C,固有名詞×比較/教育語（教育サービスか要確認）,低,④インテント,,20,,,LOW,比較検討・料金・申込,Google_competitor_suggest
47901,イット 評判,REVIEW,代表,C11705,1,イット 評判,学習・学校の一般情報,保護者,C,固有名詞×比較/教育語（教育サービスか要確認）,低,④インテント,,10,,,LOW,比較検討・料金・申込,Google_competitor_suggest
47902,オージス ダスト イット 評判,REVIEW,代表,C12677,1,オージス ダスト イット 評判,学習・学校の一般情報,保護者,C,固有名詞×比較/教育語（教育サービスか要確認）,低,④インテント,,70,,,MEDIUM,比較検討・料金・申込,Google_competitor_suggest
47903,アンド イット 評判,REVIEW,代表,C11658,1,アンド イット 評判,学習・学校の一般情報,保護者,C,固有名詞×比較/教育語（教育サービスか要確認）,低,④インテント,,70,,,LOW,比較検討・料金・申込,Google_competitor_suggest
47904,ビュー イット 評判,REVIEW,代表,C19675,1,ビュー イット 評判,学習・学校の一般情報,保護者,C,固有名詞×比較/教育語（教育サービスか要確認）,低,④インテント,,40,,,LOW,比較検討・料金・申込,Google_competitor_suggest
47905,リンク イット 評判,REVIEW,代表,C11699,1,リンク イット 評判,学習・学校の一般情報,保護者,C,固有名詞×比較/教育語（教育サービスか要確認）,低,④インテント,,30,,,LOW,比較検討・料金・申込,Google_competitor_suggest
47906,フォー イット 評判,REVIEW,代表,C19815,1,フォー イット 評判,学習・学校の一般情報,保護者,C,固有名詞×比較/教育語（教育サービスか要確認）,低,④インテント,,30,,,LOW,比較検討・料金・申込,Google_competitor_suggest
47907,日本 ドライブ イット 評判,REVIEW,代表,C11698,1,日本 ドライブ イット 評判,学習・学校の一般情報,保護者,C,固有名詞×比較/教育語（教育サービスか要確認）,低,④インテント,,20,,,LOW,比較検討・料金・申込,Google_competitor_suggest
47908,チャンス イット 評判,REVIEW,代表,C11681,1,チャンス イット 評判,学習・学校の一般情報,保護者,C,固有名詞×比較/教育語（教育サービスか要確認）,低,④インテント,,30,,,LOW,比較検討・料金・申込,Google_competitor_suggest
47909,ジョブ イット 評判,REVIEW,代表,C14743,1,ジョブ イット 評判,学習・学校の一般情報,保護者,C,固有名詞×比較/教育語（教育サービスか要確認）,低,④インテント,,20,,,LOW,比較検討・料金・申込,Google_competitor_suggest
47911,イット 料金,REVIEW,代表,C11704,1,イット 料金,学習・学校の一般情報,保護者,C,固有名詞×比較/教育語（教育サービスか要確認）,低,④インテント,,10,135.0,380.0,HIGH,比較検討・料金・申込,Google_competitor_suggest
47914,月形 ウイング イット 料金,REVIEW,代表,C11679,1,月形 ウイング イット 料金,学習・学校の一般情報,保護者,C,固有名詞×比較/教育語（教育サービスか要確認）,低,④インテント,,30,,,LOW,比較検討・料金・申込,Google_competitor_suggest
47915,ウイング イット 料金,REVIEW,代表,C11678,1,ウイング イット 料金,学習・学校の一般情報,保護者,C,固有名詞×比較/教育語（教育サービスか要確認）,低,④インテント,,,,,UNSPECIFIED,比較検討・料金・申込,Google_competitor_suggest
48455,とうこべ 口コミ,REVIEW,代表,C08070,1,とうこべ 口コミ,学習・学校の一般情報,保護者,C,固有名詞×比較/教育語（教育サービスか要確認）,低,④インテント,,,,,UNSPECIFIED,比較検討・料金・申込,Google_competitor_suggest
48456,トウコべ 評判,REVIEW,代表,C10769,1,トウコべ 評判,学習・学校の一般情報,保護者,C,固有名詞×比較/教育語（教育サービスか要確認）,低,④インテント,,0,,,UNSPECIFIED,比較検討・料金・申込,Google_competitor_suggest
48590,すまいるぜみ 評判,REVIEW,代表,C08771,1,すまいるぜみ 評判,学習・学校の一般情報,保護者,C,固有名詞×比較/教育語（教育サービスか要確認）,低,④インテント,,480,335.0,8525.0,LOW,比較検討・料金・申込,Google_competitor_suggest
1657,オンライン 家庭 教師 大学生,REVIEW,代表,C12558,3,オンライン 家庭 教師 大学生,サービス探し（家庭教師・塾一般）,不明（保護者 or 講師側）,B,大学生×家庭教師（依頼側か講師側か不明）,低,②顕在,,40,129.0,467.0,HIGH,サービス探し（家庭教師・塾・支援） | 受験・進路 | 大人・大学生（本人）,KWP_KeywordSeed
1768,大学生 オンライン 家庭 教師,REVIEW,重複（代表に統合）,C12558,3,オンライン 家庭 教師 大学生,サービス探し（家庭教師・塾一般）,不明（保護者 or 講師側）,B,大学生×家庭教師（依頼側か講師側か不明）,低,②顕在,,20,138.0,596.0,MEDIUM,サービス探し（家庭教師・塾・支援） | 受験・進路 | 大人・大学生（本人）,KWP_KeywordSeed
1975,大学生 家庭 教師 オンライン,REVIEW,重複（代表に統合）,C12558,3,オンライン 家庭 教師 大学生,サービス探し（家庭教師・塾一般）,不明（保護者 or 講師側）,B,大学生×家庭教師（依頼側か講師側か不明）,低,②顕在,,10,235.0,495.0,HIGH,サービス探し（家庭教師・塾・支援） | 受験・進路 | 大人・大学生（本人）,KWP_KeywordSeed
2151,家庭 教師 相場 大学生,REVIEW,代表,C30432,3,家庭 教師 相場 大学生,サービス比較（家庭教師・塾一般）,不明（保護者 or 講師側）,A,大学生×家庭教師（依頼側か講師側か不明）,低,②顕在,,90,93.0,394.0,LOW,サービス探し（家庭教師・塾・支援） | 比較検討・料金・申込 | 受験・進路 | 大人・大学生（本人）,KWP_KeywordSeed
2293,家庭 教師 大学生 相場,REVIEW,重複（代表に統合）,C30432,3,家庭 教師 相場 大学生,サービス比較（家庭教師・塾一般）,不明（保護者 or 講師側）,A,大学生×家庭教師（依頼側か講師側か不明）,低,②顕在,,90,93.0,394.0,LOW,サービス探し（家庭教師・塾・支援） | 比較検討・料金・申込 | 受験・進路 | 大人・大学生（本人）,KWP_KeywordSeed
2316,大学生 家庭 教師 相場,REVIEW,重複（代表に統合）,C30432,3,家庭 教師 相場 大学生,サービス比較（家庭教師・塾一般）,不明（保護者 or 講師側）,A,大学生×家庭教師（依頼側か講師側か不明）,低,②顕在,,90,93.0,394.0,LOW,サービス探し（家庭教師・塾・支援） | 比較検討・料金・申込 | 受験・進路 | 大人・大学生（本人）,KWP_KeywordSeed
2348,大学生 家庭 教師 おすすめ,REVIEW,代表,C07722,1,大学生 家庭 教師 おすすめ,サービス比較（家庭教師・塾一般）,不明（保護者 or 講師側）,A,大学生×家庭教師（依頼側か講師側か不明）,低,①王道,,10,,,HIGH,サービス探し（家庭教師・塾・支援） | 比較検討・料金・申込 | 受験・進路 | 大人・大学生（本人）,KWP_KeywordSeed
31368,家庭 教師 の トライ 大学生,REVIEW,代表,C17916,1,家庭 教師 の トライ 大学生,競合指名・周辺,不明（保護者 or 講師側）,B,大学生×家庭教師（依頼側か講師側か不明）,低,③B カテゴリ競合,家庭教師のトライ,20,137.0,322.0,MEDIUM,サービス探し（家庭教師・塾・支援） | 受験・進路 | ブランド・指名検索 | 大人・大学生（本人）,KWP_CompetitorKeywordSeed
5260,ビバンセ,REVIEW,代表,C19672,1,ビバンセ,学習・学校の一般情報,保護者（推定）,C,服薬情報（親だが学習支援への距離が遠い）,低,④インテント,,9900,,,LOW,未分類,KWP_KeywordSeed
46742,adhd コンサータ 合わない,REVIEW,代表,C01517,1,adhd コンサータ 合わない,特性理解・診断,保護者（推定）,C,服薬情報（親だが学習支援への距離が遠い）,低,②顕在,,,,,UNSPECIFIED,特性理解・診断・医療 | 合わない・断られた・乗り換え,Google_suggest
47371,処方された薬 合わない 相談,REVIEW,代表,C08344,1,処方された薬 合わない 相談,療育・福祉・居場所,保護者,C,服薬情報（親だが学習支援への距離が遠い）,低,④インテント,,10,,,LOW,比較検討・料金・申込 | 特性理解・診断・医療 | 合わない・断られた・乗り換え,Google_suggest
1659,オンライン 教師,REVIEW,代表,C12635,2,オンライン 教師,学習・学校の一般情報,不明（保護者 or 講師側）,C,講師/先生語のみ（求職者・教員側の可能性）,低,④インテント,,50,103.0,485.0,MEDIUM,サービス探し（家庭教師・塾・支援）,KWP_KeywordSeed
1967,ラクモン 先生,REVIEW,代表,C21016,1,ラクモン 先生,学習・学校の一般情報,不明（保護者 or 講師側）,C,講師/先生語のみ（求職者・教員側の可能性）,低,④インテント,,20,,,LOW,未分類,KWP_KeywordSeed
2007,教師 オンライン,REVIEW,重複（代表に統合）,C12635,2,オンライン 教師,学習・学校の一般情報,不明（保護者 or 講師側）,C,講師/先生語のみ（求職者・教員側の可能性）,低,④インテント,,50,103.0,485.0,MEDIUM,サービス探し（家庭教師・塾・支援）,KWP_KeywordSeed || KWP_SiteSeed
7215,プロ 講師 個別 指導,REVIEW,代表,C20212,2,プロ 講師 個別 指導,サービス探し（家庭教師・塾一般）,不明（保護者 or 講師側）,B,講師/先生語のみ（求職者・教員側の可能性）,低,②顕在,,70,142.0,772.0,MEDIUM,サービス探し（家庭教師・塾・支援）,KWP_KeywordSeed
7448,個別 指導 プロ 講師,REVIEW,重複（代表に統合）,C20212,2,プロ 講師 個別 指導,サービス探し（家庭教師・塾一般）,不明（保護者 or 講師側）,B,講師/先生語のみ（求職者・教員側の可能性）,低,②顕在,,70,142.0,772.0,MEDIUM,サービス探し（家庭教師・塾・支援）,KWP_KeywordSeed
7838,個別 指導 講師,REVIEW,代表,C25105,1,個別 指導 講師,サービス探し（家庭教師・塾一般）,不明（保護者 or 講師側）,B,講師/先生語のみ（求職者・教員側の可能性）,低,②顕在,,30,151.0,435.0,MEDIUM,サービス探し（家庭教師・塾・支援）,KWP_KeywordSeed
8078,秀 英 予備校 有名 講師,REVIEW,代表,C32398,1,秀 英 予備校 有名 講師,サービス探し（家庭教師・塾一般）,不明（保護者 or 講師側）,B,講師/先生語のみ（求職者・教員側の可能性）,低,②顕在,,30,,,LOW,受験・進路,KWP_KeywordSeed
10996,て ぃ 先生 宿題,REVIEW,代表,C07177,1,て ぃ 先生 宿題,家庭学習・親の悩み,不明（保護者 or 講師側）,C,講師/先生語のみ（求職者・教員側の可能性）,低,④インテント,,10,,,LOW,学習のやり方・学習課題,KWP_KeywordSeed
11334,宿題 が 多い 先生,REVIEW,代表,C25296,1,宿題 が 多い 先生,家庭学習・親の悩み,不明（保護者 or 講師側）,C,講師/先生語のみ（求職者・教員側の可能性）,低,④インテント,,10,,,LOW,学習のやり方・学習課題,KWP_KeywordSeed
13288,教師 授業,REVIEW,代表,C31957,1,教師 授業,学習・学校の一般情報,不明（保護者 or 講師側）,C,講師/先生語のみ（求職者・教員側の可能性）,低,④インテント,,30,,,LOW,学習のやり方・学習課題,KWP_UrlSeed || KWP_SiteSeed
13289,教師 科目,REVIEW,代表,C32096,1,教師 科目,学習・学校の一般情報,不明（保護者 or 講師側）,C,講師/先生語のみ（求職者・教員側の可能性）,低,④インテント,,30,,,LOW,一般の学校・学習情報（特性語なし）,KWP_UrlSeed
13319,オンライン 先生,REVIEW,代表,C12477,2,オンライン 先生,学習・学校の一般情報,不明（保護者 or 講師側）,C,講師/先生語のみ（求職者・教員側の可能性）,低,④インテント,,50,69.0,368.0,LOW,サービス探し（家庭教師・塾・支援）,KWP_UrlSeed || KWP_SiteSeed
13403,教師 学力,REVIEW,代表,C30613,1,教師 学力,学習・学校の一般情報,不明（保護者 or 講師側）,C,講師/先生語のみ（求職者・教員側の可能性）,低,④インテント,,10,,,LOW,特性と学力・伸びしろ,KWP_UrlSeed
13406,クラスルーム 教師,REVIEW,代表,C13441,1,クラスルーム 教師,学習・学校の一般情報,不明（保護者 or 講師側）,C,講師/先生語のみ（求職者・教員側の可能性）,低,④インテント,,20,,,LOW,未分類,KWP_UrlSeed
13421,教師 アンケート,REVIEW,代表,C11653,1,教師 アンケート,学習・学校の一般情報,不明（保護者 or 講師側）,C,講師/先生語のみ（求職者・教員側の可能性）,低,④インテント,,10,,,LOW,未分類,KWP_UrlSeed
13422,教師 性格,REVIEW,代表,C31832,1,教師 性格,学習・学校の一般情報,不明（保護者 or 講師側）,C,講師/先生語のみ（求職者・教員側の可能性）,低,④インテント,,40,,,LOW,未分類,KWP_UrlSeed
13423,教師 数学,REVIEW,代表,C32088,2,教師 数学,学習・学校の一般情報,不明（保護者 or 講師側）,C,講師/先生語のみ（求職者・教員側の可能性）,低,④インテント,,590,,,LOW,学習のやり方・学習課題,KWP_UrlSeed
13793,教師 学校,REVIEW,代表,C30683,1,教師 学校,学習・学校の一般情報,不明（保護者 or 講師側）,C,講師/先生語のみ（求職者・教員側の可能性）,低,④インテント,,40,,,LOW,未分類,KWP_UrlSeed || KWP_SiteSeed
13810,教師 勉強,REVIEW,代表,C26476,1,教師 勉強,学習・学校の一般情報,不明（保護者 or 講師側）,C,講師/先生語のみ（求職者・教員側の可能性）,低,④インテント,,20,,,LOW,未分類,KWP_UrlSeed || KWP_SiteSeed
14180,教師 情報,REVIEW,代表,C31854,2,教師 情報,学習・学校の一般情報,不明（保護者 or 講師側）,C,講師/先生語のみ（求職者・教員側の可能性）,低,④インテント,,70,,,LOW,未分類,KWP_UrlSeed
14182,情報 教師,REVIEW,重複（代表に統合）,C31854,2,教師 情報,学習・学校の一般情報,不明（保護者 or 講師側）,C,講師/先生語のみ（求職者・教員側の可能性）,低,④インテント,,70,,,LOW,未分類,KWP_UrlSeed
14188,東京 先生,REVIEW,代表,C25316,1,東京 先生,学習・学校の一般情報,不明（保護者 or 講師側）,C,講師/先生語のみ（求職者・教員側の可能性）,低,④インテント,,30,,,LOW,地域・近くで探す,KWP_UrlSeed
14192,情報 先生,REVIEW,代表,C25311,1,情報 先生,学習・学校の一般情報,不明（保護者 or 講師側）,C,講師/先生語のみ（求職者・教員側の可能性）,低,④インテント,,50,,,LOW,未分類,KWP_UrlSeed
15055,教室 先生,REVIEW,代表,C25314,1,教室 先生,習い事・教室,不明（保護者 or 講師側）,C,講師/先生語のみ（求職者・教員側の可能性）,低,④インテント,,30,,,LOW,未分類,KWP_UrlSeed
15056,勉強 先生,REVIEW,代表,C25284,1,勉強 先生,学習・学校の一般情報,不明（保護者 or 講師側）,C,講師/先生語のみ（求職者・教員側の可能性）,低,④インテント,,50,,,LOW,未分類,KWP_UrlSeed || KWP_SiteSeed
15407,ステップ 先生,REVIEW,代表,C15728,1,ステップ 先生,学習・学校の一般情報,不明（保護者 or 講師側）,C,講師/先生語のみ（求職者・教員側の可能性）,低,④インテント,,30,,,LOW,未分類,KWP_UrlSeed
15414,ステップ 教師,REVIEW,代表,C15754,1,ステップ 教師,学習・学校の一般情報,不明（保護者 or 講師側）,C,講師/先生語のみ（求職者・教員側の可能性）,低,④インテント,,20,,,LOW,未分類,KWP_UrlSeed
15419,step 先生,REVIEW,代表,C05840,1,step 先生,学習・学校の一般情報,不明（保護者 or 講師側）,C,講師/先生語のみ（求職者・教員側の可能性）,低,④インテント,,10,,,LOW,未分類,KWP_UrlSeed
15420,ステップ 先生 紹介,REVIEW,代表,C15730,1,ステップ 先生 紹介,学習・学校の一般情報,不明（保護者 or 講師側）,C,講師/先生語のみ（求職者・教員側の可能性）,低,④インテント,,170,,,LOW,未分類,KWP_UrlSeed
16711,教師 大学,REVIEW,代表,C30402,1,教師 大学,学習・学校の一般情報,不明（保護者 or 講師側）,C,講師/先生語のみ（求職者・教員側の可能性）,低,④インテント,,260,22.0,158.0,LOW,受験・進路,KWP_UrlSeed
16733,大学 先生,REVIEW,代表,C25297,2,大学 先生,学習・学校の一般情報,不明（保護者 or 講師側）,C,講師/先生語のみ（求職者・教員側の可能性）,低,④インテント,,880,,,LOW,受験・進路,KWP_UrlSeed
16735,先生 大学,REVIEW,重複（代表に統合）,C25297,2,大学 先生,学習・学校の一般情報,不明（保護者 or 講師側）,C,講師/先生語のみ（求職者・教員側の可能性）,低,④インテント,,70,,,LOW,受験・進路,KWP_UrlSeed
17126,受験 先生,REVIEW,代表,C25285,1,受験 先生,受験・進路,不明（保護者 or 講師側）,D,講師/先生語のみ（求職者・教員側の可能性）,低,④インテント,,10,,,UNSPECIFIED,受験・進路,KWP_UrlSeed || KWP_SiteSeed
17127,授業 先生,REVIEW,代表,C25312,2,授業 先生,学習・学校の一般情報,不明（保護者 or 講師側）,C,講師/先生語のみ（求職者・教員側の可能性）,低,④インテント,,90,,,LOW,学習のやり方・学習課題,KWP_UrlSeed
17128,教師 不安,REVIEW,代表,C22170,1,教師 不安,学習・学校の一般情報,不明（保護者 or 講師側）,C,講師/先生語のみ（求職者・教員側の可能性）,低,④インテント,,10,,,LOW,保護者の関わり・悩み,KWP_UrlSeed
17129,教師 魅力,REVIEW,代表,C32103,1,教師 魅力,学習・学校の一般情報,不明（保護者 or 講師側）,C,講師/先生語のみ（求職者・教員側の可能性）,低,④インテント,,170,,,LOW,未分類,KWP_UrlSeed
17130,先生 授業,REVIEW,重複（代表に統合）,C25312,2,授業 先生,学習・学校の一般情報,不明（保護者 or 講師側）,C,講師/先生語のみ（求職者・教員側の可能性）,低,④インテント,,90,,,LOW,学習のやり方・学習課題,KWP_UrlSeed
17131,北海道 教師,REVIEW,代表,C26807,1,北海道 教師,学習・学校の一般情報,不明（保護者 or 講師側）,C,講師/先生語のみ（求職者・教員側の可能性）,低,④インテント,,50,,,LOW,未分類,KWP_UrlSeed
17132,教師 社会,REVIEW,代表,C32094,1,教師 社会,学習・学校の一般情報,不明（保護者 or 講師側）,C,講師/先生語のみ（求職者・教員側の可能性）,低,④インテント,,20,,,LOW,学習のやり方・学習課題,KWP_UrlSeed
17164,教師 メリット,REVIEW,代表,C20943,1,教師 メリット,学習・学校の一般情報,不明（保護者 or 講師側）,C,講師/先生語のみ（求職者・教員側の可能性）,低,④インテント,,70,,,LOW,未分類,KWP_UrlSeed
17172,海外 教師,REVIEW,代表,C32092,2,海外 教師,学習・学校の一般情報,不明（保護者 or 講師側）,C,講師/先生語のみ（求職者・教員側の可能性）,低,④インテント,,90,,,LOW,未分類,KWP_UrlSeed
17173,講師 先生,REVIEW,代表,C25323,1,講師 先生,学習・学校の一般情報,不明（保護者 or 講師側）,C,講師/先生語のみ（求職者・教員側の可能性）,低,④インテント,,720,,,LOW,未分類,KWP_UrlSeed
17174,習い事 先生,REVIEW,代表,C25321,1,習い事 先生,習い事・教室,不明（保護者 or 講師側）,C,講師/先生語のみ（求職者・教員側の可能性）,低,④インテント,,260,,,LOW,習い事・トレーニング,KWP_UrlSeed
17185,国語 講師,REVIEW,代表,C27934,1,国語 講師,学習・学校の一般情報,不明（保護者 or 講師側）,C,講師/先生語のみ（求職者・教員側の可能性）,低,④インテント,,20,,,LOW,学習のやり方・学習課題,KWP_UrlSeed || KWP_SiteSeed
17602,国語 先生,REVIEW,代表,C25288,1,国語 先生,学習・学校の一般情報,不明（保護者 or 講師側）,C,講師/先生語のみ（求職者・教員側の可能性）,低,④インテント,,590,,,LOW,学習のやり方・学習課題,KWP_UrlSeed
17616,予備校 先生,REVIEW,代表,C23582,1,予備校 先生,サービス探し（家庭教師・塾一般）,不明（保護者 or 講師側）,B,講師/先生語のみ（求職者・教員側の可能性）,低,②顕在,,90,,,LOW,受験・進路,KWP_UrlSeed
17617,教師 アプリ,REVIEW,代表,C11615,1,教師 アプリ,教材・通信・アプリ,不明（保護者 or 講師側）,C,講師/先生語のみ（求職者・教員側の可能性）,低,④インテント,,20,,,LOW,教材・通信教育,KWP_UrlSeed
17642,医師 教師,REVIEW,代表,C26835,1,医師 教師,学習・学校の一般情報,不明（保護者 or 講師側）,C,講師/先生語のみ（求職者・教員側の可能性）,低,④インテント,,10,,,LOW,未分類,KWP_UrlSeed
17644,教師 内容,REVIEW,代表,C25974,1,教師 内容,学習・学校の一般情報,不明（保護者 or 講師側）,C,講師/先生語のみ（求職者・教員側の可能性）,低,④インテント,,40,,,LOW,未分類,KWP_UrlSeed
17668,教師 きっかけ,REVIEW,代表,C07928,1,教師 きっかけ,学習・学校の一般情報,不明（保護者 or 講師側）,C,講師/先生語のみ（求職者・教員側の可能性）,低,④インテント,,10,,,LOW,未分類,KWP_UrlSeed
17762,医者 教師,REVIEW,代表,C26843,1,医者 教師,学習・学校の一般情報,不明（保護者 or 講師側）,C,講師/先生語のみ（求職者・教員側の可能性）,低,④インテント,,10,,,LOW,未分類,KWP_UrlSeed
17767,教師 現状,REVIEW,代表,C32093,1,教師 現状,学習・学校の一般情報,不明（保護者 or 講師側）,C,講師/先生語のみ（求職者・教員側の可能性）,低,④インテント,,30,,,LOW,未分類,KWP_UrlSeed
17768,相談 先生,REVIEW,代表,C25320,1,相談 先生,療育・福祉・居場所,不明（保護者 or 講師側）,C,講師/先生語のみ（求職者・教員側の可能性）,低,④インテント,,170,,,LOW,比較検討・料金・申込,KWP_UrlSeed
17774,大阪 教師,REVIEW,代表,C30448,1,大阪 教師,学習・学校の一般情報,不明（保護者 or 講師側）,C,講師/先生語のみ（求職者・教員側の可能性）,低,④インテント,,30,277.0,668.0,LOW,地域・近くで探す,KWP_UrlSeed
17776,京都 教師,REVIEW,代表,C23868,1,京都 教師,学習・学校の一般情報,不明（保護者 or 講師側）,C,講師/先生語のみ（求職者・教員側の可能性）,低,④インテント,,20,,,LOW,地域・近くで探す,KWP_UrlSeed
18670,英語 先生,REVIEW,重複（代表に統合）,C25322,3,子ども 英語 先生,学習・学校の一般情報,不明（保護者 or 講師側）,C,講師/先生語のみ（求職者・教員側の可能性）,低,④インテント,,18100,68.0,494.0,LOW,学習のやり方・学習課題,KWP_UrlSeed
18865,教師 英語,REVIEW,代表,C32097,1,教師 英語,学習・学校の一般情報,不明（保護者 or 講師側）,C,講師/先生語のみ（求職者・教員側の可能性）,低,④インテント,,1900,,,LOW,学習のやり方・学習課題,KWP_UrlSeed
18891,先生 英語,REVIEW,重複（代表に統合）,C25322,3,子ども 英語 先生,学習・学校の一般情報,不明（保護者 or 講師側）,C,講師/先生語のみ（求職者・教員側の可能性）,低,④インテント,,18100,68.0,497.0,LOW,学習のやり方・学習課題,KWP_UrlSeed
19056,教師 国語,REVIEW,代表,C27893,1,教師 国語,学習・学校の一般情報,不明（保護者 or 講師側）,C,講師/先生語のみ（求職者・教員側の可能性）,低,④インテント,,480,35.0,316.0,LOW,学習のやり方・学習課題,KWP_UrlSeed
19632,数学 の 教師,REVIEW,重複（代表に統合）,C32088,2,教師 数学,学習・学校の一般情報,不明（保護者 or 講師側）,C,講師/先生語のみ（求職者・教員側の可能性）,低,④インテント,,590,,,LOW,学習のやり方・学習課題,KWP_UrlSeed
19886,教師 スケジュール,REVIEW,代表,C15170,1,教師 スケジュール,学習・学校の一般情報,不明（保護者 or 講師側）,C,講師/先生語のみ（求職者・教員側の可能性）,低,④インテント,,50,,,LOW,学習のやり方・学習課題,KWP_UrlSeed
19984,愛知 教師,REVIEW,代表,C31879,1,愛知 教師,学習・学校の一般情報,不明（保護者 or 講師側）,C,講師/先生語のみ（求職者・教員側の可能性）,低,④インテント,,10,,,MEDIUM,未分類,KWP_UrlSeed
19992,教師 楽しい,REVIEW,代表,C32091,1,教師 楽しい,学習・学校の一般情報,不明（保護者 or 講師側）,C,講師/先生語のみ（求職者・教員側の可能性）,低,④インテント,,40,,,LOW,未分類,KWP_UrlSeed || KWP_SiteSeed
20004,教師 面白い,REVIEW,代表,C32101,1,教師 面白い,学習・学校の一般情報,不明（保護者 or 講師側）,C,講師/先生語のみ（求職者・教員側の可能性）,低,④インテント,,20,,,LOW,未分類,KWP_UrlSeed
20035,先生 相性,REVIEW,代表,C25319,1,先生 相性,学習・学校の一般情報,不明（保護者 or 講師側）,C,講師/先生語のみ（求職者・教員側の可能性）,低,④インテント,,10,,,LOW,未分類,KWP_UrlSeed
20037,教師 しんどい,REVIEW,代表,C08746,1,教師 しんどい,家庭学習・親の悩み,不明（保護者 or 講師側）,C,講師/先生語のみ（求職者・教員側の可能性）,低,④インテント,,50,,,LOW,保護者の関わり・悩み,KWP_UrlSeed
20038,教師 辛い,REVIEW,代表,C32100,1,教師 辛い,家庭学習・親の悩み,不明（保護者 or 講師側）,C,講師/先生語のみ（求職者・教員側の可能性）,低,④インテント,,70,,,LOW,保護者の関わり・悩み,KWP_UrlSeed
20041,教師 嫌い,REVIEW,代表,C30493,1,教師 嫌い,学習・学校の一般情報,不明（保護者 or 講師側）,C,講師/先生語のみ（求職者・教員側の可能性）,低,④インテント,,140,,,LOW,未分類,KWP_UrlSeed
20055,教師 大変,REVIEW,代表,C30373,1,教師 大変,学習・学校の一般情報,不明（保護者 or 講師側）,C,講師/先生語のみ（求職者・教員側の可能性）,低,④インテント,,110,,,LOW,未分類,KWP_UrlSeed
20143,古文 先生,REVIEW,代表,C25287,1,古文 先生,学習・学校の一般情報,不明（保護者 or 講師側）,C,講師/先生語のみ（求職者・教員側の可能性）,低,④インテント,,30,,,LOW,未分類,KWP_UrlSeed
20170,教師 体育,REVIEW,代表,C24199,1,教師 体育,学習・学校の一般情報,不明（保護者 or 講師側）,C,講師/先生語のみ（求職者・教員側の可能性）,低,④インテント,,2400,47.0,332.0,LOW,未分類,KWP_UrlSeed
20192,先生 忙しい,REVIEW,代表,C25309,1,先生 忙しい,学習・学校の一般情報,不明（保護者 or 講師側）,C,講師/先生語のみ（求職者・教員側の可能性）,低,④インテント,,30,,,LOW,未分類,KWP_UrlSeed
20194,部活 先生,REVIEW,代表,C25324,1,部活 先生,学習・学校の一般情報,不明（保護者 or 講師側）,C,講師/先生語のみ（求職者・教員側の可能性）,低,④インテント,,110,,,LOW,一般の学校・学習情報（特性語なし）,KWP_UrlSeed || KWP_SiteSeed
20274,講師 担任,REVIEW,代表,C31920,1,講師 担任,不登校・学校生活,不明（保護者 or 講師側）,D,講師/先生語のみ（求職者・教員側の可能性）,低,④インテント,,40,,,LOW,合理的配慮・学校との連携,KWP_UrlSeed
20386,教師 つらい,REVIEW,代表,C09349,1,教師 つらい,家庭学習・親の悩み,不明（保護者 or 講師側）,C,講師/先生語のみ（求職者・教員側の可能性）,低,④インテント,,70,,,LOW,保護者の関わり・悩み,KWP_UrlSeed
20387,教師 持ち物,REVIEW,代表,C31923,1,教師 持ち物,学習・学校の一般情報,不明（保護者 or 講師側）,C,講師/先生語のみ（求職者・教員側の可能性）,低,④インテント,,50,,,LOW,未分類,KWP_UrlSeed
20513,教師 スケジュール 管理,REVIEW,代表,C15171,1,教師 スケジュール 管理,学習・学校の一般情報,不明（保護者 or 講師側）,C,講師/先生語のみ（求職者・教員側の可能性）,低,④インテント,,10,,,LOW,学習のやり方・学習課題,KWP_UrlSeed
21301,教師 掲示板,REVIEW,代表,C32002,1,教師 掲示板,学習・学校の一般情報,不明（保護者 or 講師側）,C,講師/先生語のみ（求職者・教員側の可能性）,低,④インテント,,10,,,LOW,未分類,KWP_UrlSeed
21311,授業 わかりやすい 先生,REVIEW,代表,C10871,1,授業 わかりやすい 先生,学習・学校の一般情報,不明（保護者 or 講師側）,C,講師/先生語のみ（求職者・教員側の可能性）,低,④インテント,,10,,,LOW,学習のやり方・学習課題,KWP_UrlSeed
21759,小論文 先生,REVIEW,代表,C25308,1,小論文 先生,学習・学校の一般情報,不明（保護者 or 講師側）,C,講師/先生語のみ（求職者・教員側の可能性）,低,④インテント,,10,217.0,402.0,MEDIUM,未分類,KWP_UrlSeed
22267,私立 講師,REVIEW,代表,C32778,1,私立 講師,学習・学校の一般情報,不明（保護者 or 講師側）,C,講師/先生語のみ（求職者・教員側の可能性）,低,④インテント,,20,120.0,491.0,LOW,学校生活・不登校・学校種別,KWP_UrlSeed
22305,講師 英語 大学,REVIEW,代表,C30421,1,講師 英語 大学,学習・学校の一般情報,不明（保護者 or 講師側）,C,講師/先生語のみ（求職者・教員側の可能性）,低,④インテント,,210,,,LOW,学習のやり方・学習課題 | 受験・進路,KWP_UrlSeed
22815,教師 仕事,REVIEW,代表,C23912,1,教師 仕事,学習・学校の一般情報,不明（保護者 or 講師側）,C,講師/先生語のみ（求職者・教員側の可能性）,低,④インテント,,480,,,LOW,保護者の関わり・悩み,KWP_UrlSeed
22828,教師 海外,REVIEW,重複（代表に統合）,C32092,2,海外 教師,学習・学校の一般情報,不明（保護者 or 講師側）,C,講師/先生語のみ（求職者・教員側の可能性）,低,④インテント,,90,,,LOW,未分類,KWP_UrlSeed
23602,予備校 先生 怖い,REVIEW,代表,C23583,1,予備校 先生 怖い,サービス探し（家庭教師・塾一般）,不明（保護者 or 講師側）,B,講師/先生語のみ（求職者・教員側の可能性）,低,②顕在,,10,,,LOW,受験・進路,KWP_UrlSeed
23843,教師 授業 ノート,REVIEW,代表,C19372,1,教師 授業 ノート,学習・学校の一般情報,不明（保護者 or 講師側）,C,講師/先生語のみ（求職者・教員側の可能性）,低,④インテント,,30,,,LOW,学習のやり方・学習課題 | 一般の学校・学習情報（特性語なし）,KWP_UrlSeed
23844,先生 仕事,REVIEW,代表,C23906,1,先生 仕事,学習・学校の一般情報,不明（保護者 or 講師側）,C,講師/先生語のみ（求職者・教員側の可能性）,低,④インテント,,110,100.0,764.0,LOW,保護者の関わり・悩み,KWP_UrlSeed
23852,学校 の 先生 女,REVIEW,代表,C25300,1,学校 の 先生 女,学習・学校の一般情報,不明（保護者 or 講師側）,C,講師/先生語のみ（求職者・教員側の可能性）,低,④インテント,,30,,,LOW,未分類,KWP_UrlSeed
23932,教師 セミナー,REVIEW,代表,C15951,1,教師 セミナー,学習・学校の一般情報,不明（保護者 or 講師側）,C,講師/先生語のみ（求職者・教員側の可能性）,低,④インテント,,10,,,LOW,未分類,KWP_UrlSeed
23984,教師 私立,REVIEW,代表,C32095,1,教師 私立,学習・学校の一般情報,不明（保護者 or 講師側）,C,講師/先生語のみ（求職者・教員側の可能性）,低,④インテント,,50,,,LOW,学校生活・不登校・学校種別,KWP_UrlSeed
24774,英語 先生 オンライン,REVIEW,代表,C12479,3,英語 先生 オンライン,学習・学校の一般情報,不明（保護者 or 講師側）,C,講師/先生語のみ（求職者・教員側の可能性）,低,④インテント,,20,49.0,370.0,MEDIUM,サービス探し（家庭教師・塾・支援） | 学習のやり方・学習課題,KWP_UrlSeed || KWP_SiteSeed
24794,オンライン 英語 先生,REVIEW,重複（代表に統合）,C12479,3,英語 先生 オンライン,学習・学校の一般情報,不明（保護者 or 講師側）,C,講師/先生語のみ（求職者・教員側の可能性）,低,④インテント,,20,49.0,370.0,MEDIUM,サービス探し（家庭教師・塾・支援） | 学習のやり方・学習課題,KWP_UrlSeed || KWP_SiteSeed
24857,英語 オンライン 先生,REVIEW,重複（代表に統合）,C12479,3,英語 先生 オンライン,学習・学校の一般情報,不明（保護者 or 講師側）,C,講師/先生語のみ（求職者・教員側の可能性）,低,④インテント,,20,49.0,370.0,MEDIUM,サービス探し（家庭教師・塾・支援） | 学習のやり方・学習課題,KWP_UrlSeed || KWP_SiteSeed
25080,英語 先生 探す,REVIEW,代表,C25313,1,英語 先生 探す,学習・学校の一般情報,不明（保護者 or 講師側）,C,講師/先生語のみ（求職者・教員側の可能性）,低,④インテント,,30,102.0,602.0,MEDIUM,学習のやり方・学習課題,KWP_UrlSeed
25159,先生 探す サイト,REVIEW,代表,C14174,1,先生 探す サイト,学習・学校の一般情報,不明（保護者 or 講師側）,C,講師/先生語のみ（求職者・教員側の可能性）,低,④インテント,,50,102.0,408.0,LOW,未分類,KWP_UrlSeed
25267,英語 ネイティブ 先生,REVIEW,代表,C19154,1,英語 ネイティブ 先生,学習・学校の一般情報,不明（保護者 or 講師側）,C,講師/先生語のみ（求職者・教員側の可能性）,低,④インテント,,10,,,LOW,学習のやり方・学習課題,KWP_UrlSeed
27988,英語 オンライン 講師,REVIEW,代表,C12663,1,英語 オンライン 講師,学習・学校の一般情報,不明（保護者 or 講師側）,C,講師/先生語のみ（求職者・教員側の可能性）,低,④インテント,,260,42.0,258.0,MEDIUM,サービス探し（家庭教師・塾・支援） | 学習のやり方・学習課題,KWP_SiteSeed
28069,プログラミング 先生,REVIEW,代表,C20227,1,プログラミング 先生,習い事・教室,不明（保護者 or 講師側）,C,講師/先生語のみ（求職者・教員側の可能性）,低,④インテント,,20,66.0,1170.0,MEDIUM,習い事・トレーニング,KWP_SiteSeed
28095,英語 オンライン 教師,REVIEW,代表,C12636,1,英語 オンライン 教師,学習・学校の一般情報,不明（保護者 or 講師側）,C,講師/先生語のみ（求職者・教員側の可能性）,低,④インテント,,10,51.0,265.0,MEDIUM,サービス探し（家庭教師・塾・支援） | 学習のやり方・学習課題,KWP_SiteSeed
28371,ピアノ 先生 レベル,REVIEW,代表,C19686,1,ピアノ 先生 レベル,学習・学校の一般情報,不明（保護者 or 講師側）,C,講師/先生語のみ（求職者・教員側の可能性）,低,④インテント,,10,,,LOW,習い事・トレーニング,KWP_SiteSeed
28372,ピアノ 先生 有名,REVIEW,代表,C19689,1,ピアノ 先生 有名,学習・学校の一般情報,不明（保護者 or 講師側）,C,講師/先生語のみ（求職者・教員側の可能性）,低,④インテント,,10,,,LOW,習い事・トレーニング,KWP_SiteSeed
28519,作文 講師,REVIEW,代表,C24327,1,作文 講師,学習・学校の一般情報,不明（保護者 or 講師側）,C,講師/先生語のみ（求職者・教員側の可能性）,低,④インテント,,10,,,LOW,学習のやり方・学習課題,KWP_SiteSeed
28520,先生 オンライン,REVIEW,重複（代表に統合）,C12477,2,オンライン 先生,学習・学校の一般情報,不明（保護者 or 講師側）,C,講師/先生語のみ（求職者・教員側の可能性）,低,④インテント,,50,69.0,367.0,LOW,サービス探し（家庭教師・塾・支援）,KWP_SiteSeed
28575,受験 講師,REVIEW,代表,C27355,1,受験 講師,受験・進路,不明（保護者 or 講師側）,D,講師/先生語のみ（求職者・教員側の可能性）,低,④インテント,,10,,,LOW,受験・進路,KWP_SiteSeed
28597,在宅 教師,REVIEW,代表,C27961,2,在宅 教師,学習・学校の一般情報,不明（保護者 or 講師側）,C,講師/先生語のみ（求職者・教員側の可能性）,低,④インテント,,10,,,MEDIUM,未分類,KWP_SiteSeed
28790,教師 在宅,REVIEW,重複（代表に統合）,C27961,2,在宅 教師,学習・学校の一般情報,不明（保護者 or 講師側）,C,講師/先生語のみ（求職者・教員側の可能性）,低,④インテント,,10,,,LOW,未分類,KWP_SiteSeed
28872,板書 苦手 教師,REVIEW,代表,C32089,1,板書 苦手 教師,学習のつまずき・勉強法,不明（保護者 or 講師側）,C,講師/先生語のみ（求職者・教員側の可能性）,低,④インテント,,10,,,LOW,学習のやり方・学習課題,KWP_SiteSeed
28967,算数 講師,REVIEW,代表,C32817,1,算数 講師,学習・学校の一般情報,不明（保護者 or 講師側）,C,講師/先生語のみ（求職者・教員側の可能性）,低,④インテント,,10,,,LOW,学習のやり方・学習課題,KWP_SiteSeed
28984,英語 先生 大阪,REVIEW,代表,C25298,1,英語 先生 大阪,学習・学校の一般情報,不明（保護者 or 講師側）,C,講師/先生語のみ（求職者・教員側の可能性）,低,④インテント,,10,,,UNSPECIFIED,学習のやり方・学習課題 | 地域・近くで探す,KWP_SiteSeed
29114,教師 やる気,REVIEW,代表,C11132,1,教師 やる気,家庭学習・親の悩み,不明（保護者 or 講師側）,C,講師/先生語のみ（求職者・教員側の可能性）,低,④インテント,,10,,,LOW,学習のやり方・学習課題,KWP_SiteSeed
29116,教師 プロ,REVIEW,代表,C20219,1,教師 プロ,学習・学校の一般情報,不明（保護者 or 講師側）,C,講師/先生語のみ（求職者・教員側の可能性）,低,④インテント,,10,,,LOW,未分類,KWP_SiteSeed
29407,教師 学部,REVIEW,代表,C31253,1,教師 学部,学習・学校の一般情報,不明（保護者 or 講師側）,C,講師/先生語のみ（求職者・教員側の可能性）,低,④インテント,,50,,,LOW,一般の学校・学習情報（特性語なし）,KWP_SiteSeed
29408,教師 検索,REVIEW,代表,C32090,1,教師 検索,学習・学校の一般情報,不明（保護者 or 講師側）,C,講師/先生語のみ（求職者・教員側の可能性）,低,④インテント,,90,,,LOW,未分類,KWP_SiteSeed
32660,教師 ランナー,REVIEW,代表,C21101,1,教師 ランナー,学習・学校の一般情報,不明（保護者 or 講師側）,C,講師/先生語のみ（求職者・教員側の可能性）,低,④インテント,,10,,,UNSPECIFIED,未分類,KWP_CompetitorKeywordSeed
45661,ハズレ教師の特徴は？,REVIEW,代表,C01325,1,ハズレ教師の特徴は？,特性理解・診断,不明（保護者 or 講師側）,C,講師/先生語のみ（求職者・教員側の可能性）,低,④インテント,,,,,UNSPECIFIED,特性そのものを調べる（とは・特徴・チェック） | 教える側（教師・支援者・資格）,Google_PAA
10869,資格 勉強 集中 できない,REVIEW,代表,C09649,1,資格 勉強 集中 できない,家庭学習・親の悩み,子ども本人（推定）,C,資格語（誰の資格か不明）,低,④インテント,,30,,,LOW,学習のやり方・学習課題 | 教える側（教師・支援者・資格）,KWP_KeywordSeed
20220,勉強 資格,REVIEW,代表,C26691,1,勉強 資格,学習・学校の一般情報,保護者（推定）,C,資格語（誰の資格か不明）,低,④インテント,,2900,53.0,313.0,LOW,教える側（教師・支援者・資格）,KWP_UrlSeed
20223,試験 資格,REVIEW,代表,C32989,1,試験 資格,学習・学校の一般情報,保護者（推定）,C,資格語（誰の資格か不明）,低,④インテント,,2900,11.0,316.0,LOW,教える側（教師・支援者・資格）,KWP_UrlSeed
20227,学校 資格,REVIEW,代表,C30716,1,学校 資格,学習・学校の一般情報,保護者（推定）,C,資格語（誰の資格か不明）,低,④インテント,,1000,125.0,725.0,MEDIUM,教える側（教師・支援者・資格）,KWP_UrlSeed
20235,入試 資格,REVIEW,代表,C25711,1,入試 資格,受験・進路,保護者（推定）,D,資格語（誰の資格か不明）,低,④インテント,,10,,,LOW,受験・進路 | 教える側（教師・支援者・資格）,KWP_UrlSeed
28076,ヤマハ 資格,REVIEW,代表,C20990,1,ヤマハ 資格,学習・学校の一般情報,保護者（推定）,C,資格語（誰の資格か不明）,低,④インテント,,30,,,LOW,教える側（教師・支援者・資格）,KWP_SiteSeed
30113,リタリコ 資格,REVIEW,代表,C21214,1,リタリコ 資格,競合指名・周辺,保護者（推定）,B,資格語（誰の資格か不明）,低,④インテント,,10,79.0,185.0,LOW,ブランド・指名検索 | 教える側（教師・支援者・資格）,KWP_SiteSeed
12733,日能研 本部 系,REVIEW,代表,C32307,1,日能研 本部 系,競合指名・周辺,保護者,B,運営会社確認（比較検討の裏取りの可能性）,低,④インテント,日能研,170,,,LOW,ブランド・指名検索,KWP_KeywordSeed
31239,家庭 教師 の トライ 本部,REVIEW,代表,C18034,1,家庭 教師 の トライ 本部,競合指名・周辺,保護者,B,運営会社確認（比較検討の裏取りの可能性）,低,③B カテゴリ競合,家庭教師のトライ,10,,,LOW,サービス探し（家庭教師・塾・支援） | ブランド・指名検索,KWP_CompetitorKeywordSeed
31283,個別 教室 の トライ 本部,REVIEW,代表,C17688,1,個別 教室 の トライ 本部,競合指名・周辺,保護者,B,運営会社確認（比較検討の裏取りの可能性）,低,③B カテゴリ競合,個別教室のトライ,20,,,LOW,ブランド・指名検索,KWP_CompetitorKeywordSeed
31722,個別 教室 の トライ 運営,REVIEW,代表,C17721,1,個別 教室 の トライ 運営,競合指名・周辺,保護者,B,運営会社確認（比較検討の裏取りの可能性）,低,③B カテゴリ競合,個別教室のトライ,10,,,UNSPECIFIED,ブランド・指名検索,KWP_CompetitorKeywordSeed
37750,東京 個別 指導 学院 本部,REVIEW,代表,C24907,1,東京 個別 指導 学院 本部,競合指名・周辺,保護者,B,運営会社確認（比較検討の裏取りの可能性）,低,③B カテゴリ競合,東京個別指導学院,10,,,LOW,サービス探し（家庭教師・塾・支援） | ブランド・指名検索 | 地域・近くで探す,KWP_CompetitorKeywordSeed
40526,tomas 教務 本部,REVIEW,代表,C06075,1,tomas 教務 本部,競合指名・周辺,保護者,B,運営会社確認（比較検討の裏取りの可能性）,低,③B カテゴリ競合,TOMAS,90,,,LOW,ブランド・指名検索,KWP_CompetitorKeywordSeed
41783,京 進 スクール ワン 本部,REVIEW,代表,C14938,1,京 進 スクール ワン 本部,競合指名・周辺,保護者,B,運営会社確認（比較検討の裏取りの可能性）,低,③B カテゴリ競合,京進スクール・ワン,10,,,LOW,ブランド・指名検索,KWP_CompetitorKeywordSeed
